[
null,
{"id":1,"atypeId":1,"description":"","etypeId":4,"traits":[{"code":22,"dataId":1,"value":0}],"iconIndex":135,"name":"-- Ropas --","note":"","price":100,"params":[0,0,0,1,0,0,0,0],"damage":{"critical":"","elementId":"","formula":"","type":"","variance":""}},
{"id":2,"atypeId":1,"description":"Una ropa básica para el día a día.","etypeId":4,"traits":[{"code":22,"dataId":1,"value":0}],"iconIndex":609,"name":"Ropa sencilla","note":"","price":10,"params":[0,0,0,4,0,0,0,0],"damage":{"critical":"","elementId":"","formula":"","type":"","variance":""}},
{"id":3,"atypeId":1,"description":"Prenda comoda para viajar por el campo.","etypeId":4,"traits":[{"code":22,"dataId":1,"value":0}],"iconIndex":1237,"name":"Ropa de viaje","note":"","price":35,"params":[0,0,0,7,0,0,0,2],"damage":{"critical":"","elementId":"","formula":"","type":"","variance":""}},
{"id":4,"atypeId":1,"description":"Una capa de cuero que protege de todo.","etypeId":4,"traits":[{"code":22,"dataId":1,"value":0}],"iconIndex":688,"name":"Capa de cuero","note":"","price":89,"params":[0,0,0,10,0,0,3,0],"damage":{"critical":"","elementId":"","formula":"","type":"","variance":""}},
{"id":5,"atypeId":1,"description":"Una chaqueta de cuero con púas metálicas.","etypeId":4,"traits":[{"code":22,"dataId":1,"value":0}],"iconIndex":622,"name":"Chaqueta de púas","note":"","price":135,"params":[0,0,0,15,0,5,0,0],"damage":{"critical":"","elementId":"","formula":"","type":"","variance":""}},
{"id":6,"atypeId":0,"description":"","etypeId":2,"traits":[{"code":22,"dataId":1,"value":0}],"iconIndex":0,"name":"","note":"","price":0,"params":[0,0,0,0,0,0,0,0],"damage":{"critical":"","elementId":"","formula":"","type":"","variance":""}},
{"id":7,"atypeId":0,"description":"","etypeId":2,"traits":[{"code":22,"dataId":1,"value":0}],"iconIndex":0,"name":"","note":"","price":0,"params":[0,0,0,0,0,0,0,0],"damage":{"critical":"","elementId":"","formula":"","type":"","variance":""}},
{"id":8,"atypeId":0,"description":"","etypeId":2,"traits":[{"code":22,"dataId":1,"value":0}],"iconIndex":0,"name":"","note":"","params":[0,0,0,0,0,0,0,0],"price":0},
{"id":9,"atypeId":0,"description":"","etypeId":2,"traits":[{"code":22,"dataId":1,"value":0}],"iconIndex":0,"name":"","note":"","params":[0,0,0,0,0,0,0,0],"price":0},
{"id":10,"atypeId":0,"description":"","etypeId":2,"traits":[{"code":22,"dataId":1,"value":0}],"iconIndex":0,"name":"","note":"","params":[0,0,0,0,0,0,0,0],"price":0},
{"id":11,"atypeId":0,"description":"","etypeId":2,"traits":[{"code":22,"dataId":1,"value":0}],"iconIndex":0,"name":"","note":"","params":[0,0,0,0,0,0,0,0],"price":0},
{"id":12,"atypeId":0,"description":"","etypeId":2,"traits":[{"code":22,"dataId":1,"value":0}],"iconIndex":0,"name":"","note":"","params":[0,0,0,0,0,0,0,0],"price":0},
{"id":13,"atypeId":0,"description":"","etypeId":2,"traits":[{"code":22,"dataId":1,"value":0}],"iconIndex":0,"name":"","note":"","params":[0,0,0,0,0,0,0,0],"price":0},
{"id":14,"atypeId":0,"description":"","etypeId":2,"traits":[{"code":22,"dataId":1,"value":0}],"iconIndex":0,"name":"","note":"","price":0,"params":[0,0,0,0,0,0,0,0],"damage":{"critical":"","elementId":"","formula":"","type":"","variance":""}},
{"id":15,"atypeId":0,"description":"","etypeId":2,"traits":[{"code":22,"dataId":1,"value":0}],"iconIndex":0,"name":"","note":"","params":[0,0,0,0,0,0,0,0],"price":0},
{"id":16,"atypeId":0,"description":"","etypeId":2,"traits":[{"code":22,"dataId":1,"value":0}],"iconIndex":0,"name":"","note":"","params":[0,0,0,0,0,0,0,0],"price":0},
{"id":17,"atypeId":0,"description":"","etypeId":2,"traits":[{"code":22,"dataId":1,"value":0}],"iconIndex":0,"name":"","note":"","params":[0,0,0,0,0,0,0,0],"price":0},
{"id":18,"atypeId":0,"description":"","etypeId":2,"traits":[{"code":22,"dataId":1,"value":0}],"iconIndex":0,"name":"","note":"","params":[0,0,0,0,0,0,0,0],"price":0},
{"id":19,"atypeId":0,"description":"","etypeId":2,"traits":[{"code":22,"dataId":1,"value":0}],"iconIndex":0,"name":"","note":"","price":0,"params":[0,0,0,0,0,0,0,0],"damage":{"critical":"","elementId":"","formula":"","type":"","variance":""}},
{"id":20,"atypeId":0,"description":"","etypeId":2,"traits":[{"code":22,"dataId":1,"value":0}],"iconIndex":0,"name":"","note":"","params":[0,0,0,0,0,0,0,0],"price":0},
{"id":21,"atypeId":0,"description":"","etypeId":2,"traits":[{"code":22,"dataId":1,"value":0}],"iconIndex":0,"name":"","note":"","params":[0,0,0,0,0,0,0,0],"price":0},
{"id":22,"atypeId":0,"description":"","etypeId":2,"traits":[{"code":22,"dataId":1,"value":0}],"iconIndex":0,"name":"","note":"","params":[0,0,0,0,0,0,0,0],"price":0},
{"id":23,"atypeId":0,"description":"","etypeId":2,"traits":[{"code":22,"dataId":1,"value":0}],"iconIndex":0,"name":"","note":"","params":[0,0,0,0,0,0,0,0],"price":0},
{"id":24,"atypeId":0,"description":"","etypeId":2,"traits":[{"code":22,"dataId":1,"value":0}],"iconIndex":0,"name":"","note":"","params":[0,0,0,0,0,0,0,0],"price":0},
{"id":25,"atypeId":0,"description":"","etypeId":2,"traits":[{"code":22,"dataId":1,"value":0}],"iconIndex":0,"name":"","note":"","price":0,"params":[0,0,0,0,0,0,0,0],"damage":{"critical":"","elementId":"","formula":"","type":"","variance":""}},
{"id":26,"atypeId":1,"description":"","etypeId":4,"traits":[{"code":22,"dataId":1,"value":0}],"iconIndex":135,"name":"-- Armaduras --","note":"","price":100,"params":[0,0,0,0,0,0,0,0],"damage":{"critical":"","elementId":"","formula":"","type":"","variance":""}},
{"id":27,"atypeId":4,"description":"Una armadura de hierro básica y pesada.","etypeId":4,"traits":[{"code":22,"dataId":1,"value":0}],"iconIndex":632,"name":"Armadura de hierro","note":"","price":20,"params":[0,0,0,6,0,3,0,0],"damage":{"critical":"","elementId":"","formula":"","type":"","variance":""}},
{"id":28,"atypeId":4,"description":"Armadura estándar del ejército de Rhyfel.","etypeId":4,"traits":[{"code":22,"dataId":1,"value":0}],"iconIndex":1236,"name":"Armadura Rhyfel I","note":"","price":43,"params":[0,0,0,7,0,5,0,0],"damage":{"critical":"","elementId":"","formula":"","type":"","variance":""}},
{"id":29,"atypeId":4,"description":"La armadura favorita de los soldados de Rhuntime.","etypeId":4,"traits":[{"code":22,"dataId":1,"value":0}],"iconIndex":636,"name":"Armadura Rhuntime","note":"","price":120,"params":[0,0,0,18,0,2,0,0],"damage":{"critical":"","elementId":"","formula":"","type":"","variance":""}},
{"id":30,"atypeId":0,"description":"","etypeId":2,"traits":[{"code":22,"dataId":1,"value":0}],"iconIndex":0,"name":"","note":"","price":0,"params":[0,0,0,0,0,0,0,0],"damage":{"critical":"","elementId":"","formula":"","type":"","variance":""}},
{"id":31,"atypeId":0,"description":"","etypeId":2,"traits":[{"code":22,"dataId":1,"value":0}],"iconIndex":0,"name":"","note":"","price":0,"params":[0,0,0,0,0,0,0,0],"damage":{"critical":"","elementId":"","formula":"","type":"","variance":""}},
{"id":32,"atypeId":0,"description":"","etypeId":2,"traits":[{"code":22,"dataId":1,"value":0}],"iconIndex":0,"name":"","note":"","price":0,"params":[0,0,0,0,0,0,0,0],"damage":{"critical":"","elementId":"","formula":"","type":"","variance":""}},
{"id":33,"atypeId":0,"description":"","etypeId":2,"traits":[{"code":22,"dataId":1,"value":0}],"iconIndex":0,"name":"","note":"","params":[0,0,0,0,0,0,0,0],"price":0},
{"id":34,"atypeId":0,"description":"","etypeId":2,"traits":[{"code":22,"dataId":1,"value":0}],"iconIndex":0,"name":"","note":"","params":[0,0,0,0,0,0,0,0],"price":0},
{"id":35,"atypeId":0,"description":"","etypeId":2,"traits":[{"code":22,"dataId":1,"value":0}],"iconIndex":0,"name":"","note":"","params":[0,0,0,0,0,0,0,0],"price":0},
{"id":36,"atypeId":0,"description":"","etypeId":2,"traits":[{"code":22,"dataId":1,"value":0}],"iconIndex":0,"name":"","note":"","params":[0,0,0,0,0,0,0,0],"price":0},
{"id":37,"atypeId":0,"description":"","etypeId":2,"traits":[{"code":22,"dataId":1,"value":0}],"iconIndex":0,"name":"","note":"","params":[0,0,0,0,0,0,0,0],"price":0},
{"id":38,"atypeId":0,"description":"","etypeId":2,"traits":[{"code":22,"dataId":1,"value":0}],"iconIndex":0,"name":"","note":"","price":0,"params":[0,0,0,0,0,0,0,0],"damage":{"critical":"","elementId":"","formula":"","type":"","variance":""}},
{"id":39,"atypeId":0,"description":"","etypeId":2,"traits":[{"code":22,"dataId":1,"value":0}],"iconIndex":0,"name":"","note":"","params":[0,0,0,0,0,0,0,0],"price":0},
{"id":40,"atypeId":0,"description":"","etypeId":2,"traits":[{"code":22,"dataId":1,"value":0}],"iconIndex":0,"name":"","note":"","params":[0,0,0,0,0,0,0,0],"price":0},
{"id":41,"atypeId":0,"description":"","etypeId":2,"traits":[{"code":22,"dataId":1,"value":0}],"iconIndex":0,"name":"","note":"","params":[0,0,0,0,0,0,0,0],"price":0},
{"id":42,"atypeId":0,"description":"","etypeId":2,"traits":[{"code":22,"dataId":1,"value":0}],"iconIndex":0,"name":"","note":"","params":[0,0,0,0,0,0,0,0],"price":0},
{"id":43,"atypeId":0,"description":"","etypeId":2,"traits":[{"code":22,"dataId":1,"value":0}],"iconIndex":0,"name":"","note":"","params":[0,0,0,0,0,0,0,0],"price":0},
{"id":44,"atypeId":0,"description":"","etypeId":2,"traits":[{"code":22,"dataId":1,"value":0}],"iconIndex":0,"name":"","note":"","price":0,"params":[0,0,0,0,0,0,0,0],"damage":{"critical":"","elementId":"","formula":"","type":"","variance":""}},
{"id":45,"atypeId":0,"description":"","etypeId":2,"traits":[{"code":22,"dataId":1,"value":0}],"iconIndex":0,"name":"","note":"","price":0,"params":[0,0,0,0,0,0,0,0],"damage":{"critical":"","elementId":"","formula":"","type":"","variance":""}},
{"id":46,"atypeId":0,"description":"","etypeId":2,"traits":[{"code":22,"dataId":1,"value":0}],"iconIndex":0,"name":"","note":"","params":[0,0,0,0,0,0,0,0],"price":0},
{"id":47,"atypeId":0,"description":"","etypeId":2,"traits":[{"code":22,"dataId":1,"value":0}],"iconIndex":0,"name":"","note":"","params":[0,0,0,0,0,0,0,0],"price":0},
{"id":48,"atypeId":0,"description":"","etypeId":2,"traits":[{"code":22,"dataId":1,"value":0}],"iconIndex":0,"name":"","note":"","params":[0,0,0,0,0,0,0,0],"price":0},
{"id":49,"atypeId":0,"description":"","etypeId":2,"traits":[{"code":22,"dataId":1,"value":0}],"iconIndex":0,"name":"","note":"","params":[0,0,0,0,0,0,0,0],"price":0},
{"id":50,"atypeId":0,"description":"","etypeId":2,"traits":[{"code":22,"dataId":1,"value":0}],"iconIndex":0,"name":"","note":"","params":[0,0,0,0,0,0,0,0],"price":0},
{"id":51,"atypeId":1,"description":"","etypeId":4,"traits":[{"code":22,"dataId":1,"value":0}],"iconIndex":135,"name":"-- Vestidos --","note":"","price":100,"params":[0,0,0,0,0,0,0,0],"damage":{"critical":"","elementId":"","formula":"","type":"","variance":""}},
{"id":52,"atypeId":3,"description":"La vestimenta básica de los guardianes.","etypeId":4,"traits":[{"code":22,"dataId":1,"value":0}],"iconIndex":1239,"name":"Túnica de guardián","note":"","price":15,"params":[0,0,0,8,0,6,0,0],"damage":{"critical":"","elementId":"","formula":"","type":"","variance":""}},
{"id":53,"atypeId":3,"description":"Un vestido que contiene algo de hilo mágico.","etypeId":4,"traits":[{"code":22,"dataId":1,"value":0}],"iconIndex":1238,"name":"Vestido de mago","note":"","price":39,"params":[0,0,0,8,0,10,0,0],"damage":{"critical":"","elementId":"","formula":"","type":"","variance":""}},
{"id":54,"atypeId":3,"description":"Un manto grueso hecho de piel de topo hombre.","etypeId":4,"traits":[{"code":22,"dataId":1,"value":0}],"iconIndex":677,"name":"Manto de topo","note":"","price":101,"params":[0,0,0,10,0,12,0,0],"damage":{"critical":"","elementId":"","formula":"","type":"","variance":""}},
{"id":55,"atypeId":0,"description":"","etypeId":2,"traits":[{"code":22,"dataId":1,"value":0}],"iconIndex":0,"name":"","note":"","price":0,"params":[0,0,0,0,0,0,0,0],"damage":{"critical":"","elementId":"","formula":"","type":"","variance":""}},
{"id":56,"atypeId":0,"description":"","etypeId":2,"traits":[{"code":22,"dataId":1,"value":0}],"iconIndex":0,"name":"","note":"","price":0,"params":[0,0,0,0,0,0,0,0],"damage":{"critical":"","elementId":"","formula":"","type":"","variance":""}},
{"id":57,"atypeId":0,"description":"","etypeId":2,"traits":[{"code":22,"dataId":1,"value":0}],"iconIndex":0,"name":"","note":"","price":0,"params":[0,0,0,0,0,0,0,0],"damage":{"critical":"","elementId":"","formula":"","type":"","variance":""}},
{"id":58,"atypeId":0,"description":"","etypeId":2,"traits":[{"code":22,"dataId":1,"value":0}],"iconIndex":0,"name":"","note":"","price":0,"params":[0,0,0,0,0,0,0,0],"damage":{"critical":"","elementId":"","formula":"","type":"","variance":""}},
{"id":59,"atypeId":0,"description":"","etypeId":2,"traits":[{"code":22,"dataId":1,"value":0}],"iconIndex":0,"name":"","note":"","params":[0,0,0,0,0,0,0,0],"price":0},
{"id":60,"atypeId":0,"description":"","etypeId":2,"traits":[{"code":22,"dataId":1,"value":0}],"iconIndex":0,"name":"","note":"","params":[0,0,0,0,0,0,0,0],"price":0},
{"id":61,"atypeId":0,"description":"","etypeId":2,"traits":[{"code":22,"dataId":1,"value":0}],"iconIndex":0,"name":"","note":"","params":[0,0,0,0,0,0,0,0],"price":0},
{"id":62,"atypeId":0,"description":"","etypeId":2,"traits":[{"code":22,"dataId":1,"value":0}],"iconIndex":0,"name":"","note":"","params":[0,0,0,0,0,0,0,0],"price":0},
{"id":63,"atypeId":0,"description":"","etypeId":2,"traits":[{"code":22,"dataId":1,"value":0}],"iconIndex":0,"name":"","note":"","params":[0,0,0,0,0,0,0,0],"price":0},
{"id":64,"atypeId":0,"description":"","etypeId":2,"traits":[{"code":22,"dataId":1,"value":0}],"iconIndex":0,"name":"","note":"","params":[0,0,0,0,0,0,0,0],"price":0},
{"id":65,"atypeId":0,"description":"","etypeId":2,"traits":[{"code":22,"dataId":1,"value":0}],"iconIndex":0,"name":"","note":"","params":[0,0,0,0,0,0,0,0],"price":0},
{"id":66,"atypeId":0,"description":"","etypeId":2,"traits":[{"code":22,"dataId":1,"value":0}],"iconIndex":0,"name":"","note":"","params":[0,0,0,0,0,0,0,0],"price":0},
{"id":67,"atypeId":0,"description":"","etypeId":2,"traits":[{"code":22,"dataId":1,"value":0}],"iconIndex":0,"name":"","note":"","params":[0,0,0,0,0,0,0,0],"price":0},
{"id":68,"atypeId":0,"description":"","etypeId":2,"traits":[{"code":22,"dataId":1,"value":0}],"iconIndex":0,"name":"","note":"","params":[0,0,0,0,0,0,0,0],"price":0},
{"id":69,"atypeId":0,"description":"","etypeId":2,"traits":[{"code":22,"dataId":1,"value":0}],"iconIndex":0,"name":"","note":"","params":[0,0,0,0,0,0,0,0],"price":0},
{"id":70,"atypeId":0,"description":"","etypeId":2,"traits":[{"code":22,"dataId":1,"value":0}],"iconIndex":0,"name":"","note":"","params":[0,0,0,0,0,0,0,0],"price":0},
{"id":71,"atypeId":0,"description":"","etypeId":2,"traits":[{"code":22,"dataId":1,"value":0}],"iconIndex":0,"name":"","note":"","params":[0,0,0,0,0,0,0,0],"price":0},
{"id":72,"atypeId":0,"description":"","etypeId":2,"traits":[{"code":22,"dataId":1,"value":0}],"iconIndex":0,"name":"","note":"","params":[0,0,0,0,0,0,0,0],"price":0},
{"id":73,"atypeId":0,"description":"","etypeId":2,"traits":[{"code":22,"dataId":1,"value":0}],"iconIndex":0,"name":"","note":"","params":[0,0,0,0,0,0,0,0],"price":0},
{"id":74,"atypeId":0,"description":"","etypeId":2,"traits":[{"code":22,"dataId":1,"value":0}],"iconIndex":0,"name":"","note":"","params":[0,0,0,0,0,0,0,0],"price":0},
{"id":75,"atypeId":0,"description":"","etypeId":2,"traits":[{"code":22,"dataId":1,"value":0}],"iconIndex":0,"name":"","note":"","params":[0,0,0,0,0,0,0,0],"price":0},
{"id":76,"atypeId":1,"description":"","etypeId":4,"traits":[{"code":22,"dataId":1,"value":0}],"iconIndex":135,"name":"-- Cascos --","note":"","price":100,"params":[0,0,0,1,0,0,0,0],"damage":{"critical":"","elementId":"","formula":"","type":"","variance":""}},
{"id":77,"atypeId":1,"description":"Un casco de hierro sencillo pero eficaz.","etypeId":3,"traits":[{"code":22,"dataId":1,"value":0}],"iconIndex":0,"name":"Casco de hierro","note":"","price":21,"params":[0,0,0,5,0,0,0,0],"damage":{"critical":"","elementId":"","formula":"","type":"","variance":""}},
{"id":78,"atypeId":1,"description":"Un casco de bronce resistente pero pesado.","etypeId":3,"traits":[{"code":22,"dataId":1,"value":0}],"iconIndex":0,"name":"Casco de bronce","note":"","price":43,"params":[0,0,0,7,0,0,0,0],"damage":{"critical":"","elementId":"","formula":"","type":"","variance":""}},
{"id":79,"atypeId":1,"description":"El casco estándar que usan en Rhyfel.","etypeId":3,"traits":[{"code":22,"dataId":1,"value":0}],"iconIndex":1232,"name":"Casco de Rhyfel","note":"","price":51,"params":[0,0,0,10,0,0,0,0],"damage":{"critical":"","elementId":"","formula":"","type":"","variance":""}},
{"id":80,"atypeId":1,"description":"Casco de la guardia de Rhuntime, muy cerrado.","etypeId":3,"traits":[{"code":22,"dataId":1,"value":0}],"iconIndex":0,"name":"Casco de Rhuntime","note":"","price":77,"params":[0,0,0,13,0,0,0,0],"damage":{"critical":"","elementId":"","formula":"","type":"","variance":""}},
{"id":81,"atypeId":0,"description":"","etypeId":2,"traits":[{"code":22,"dataId":1,"value":0}],"iconIndex":0,"name":"","note":"","price":0,"params":[0,0,0,0,0,0,0,0],"damage":{"critical":"","elementId":"","formula":"","type":"","variance":""}},
{"id":82,"atypeId":0,"description":"","etypeId":2,"traits":[{"code":22,"dataId":1,"value":0}],"iconIndex":0,"name":"","note":"","params":[0,0,0,0,0,0,0,0],"price":0},
{"id":83,"atypeId":0,"description":"","etypeId":2,"traits":[{"code":22,"dataId":1,"value":0}],"iconIndex":0,"name":"","note":"","params":[0,0,0,0,0,0,0,0],"price":0},
{"id":84,"atypeId":0,"description":"","etypeId":2,"traits":[{"code":22,"dataId":1,"value":0}],"iconIndex":0,"name":"","note":"","params":[0,0,0,0,0,0,0,0],"price":0},
{"id":85,"atypeId":0,"description":"","etypeId":2,"traits":[{"code":22,"dataId":1,"value":0}],"iconIndex":0,"name":"","note":"","params":[0,0,0,0,0,0,0,0],"price":0},
{"id":86,"atypeId":0,"description":"","etypeId":2,"traits":[{"code":22,"dataId":1,"value":0}],"iconIndex":0,"name":"","note":"","params":[0,0,0,0,0,0,0,0],"price":0},
{"id":87,"atypeId":0,"description":"","etypeId":2,"traits":[{"code":22,"dataId":1,"value":0}],"iconIndex":0,"name":"","note":"","params":[0,0,0,0,0,0,0,0],"price":0},
{"id":88,"atypeId":0,"description":"","etypeId":2,"traits":[{"code":22,"dataId":1,"value":0}],"iconIndex":0,"name":"","note":"","params":[0,0,0,0,0,0,0,0],"price":0},
{"id":89,"atypeId":0,"description":"","etypeId":2,"traits":[{"code":22,"dataId":1,"value":0}],"iconIndex":0,"name":"","note":"","params":[0,0,0,0,0,0,0,0],"price":0},
{"id":90,"atypeId":0,"description":"","etypeId":2,"traits":[{"code":22,"dataId":1,"value":0}],"iconIndex":0,"name":"","note":"","params":[0,0,0,0,0,0,0,0],"price":0},
{"id":91,"atypeId":0,"description":"","etypeId":2,"traits":[{"code":22,"dataId":1,"value":0}],"iconIndex":0,"name":"","note":"","params":[0,0,0,0,0,0,0,0],"price":0},
{"id":92,"atypeId":0,"description":"","etypeId":2,"traits":[{"code":22,"dataId":1,"value":0}],"iconIndex":0,"name":"","note":"","params":[0,0,0,0,0,0,0,0],"price":0},
{"id":93,"atypeId":0,"description":"","etypeId":2,"traits":[{"code":22,"dataId":1,"value":0}],"iconIndex":0,"name":"","note":"","params":[0,0,0,0,0,0,0,0],"price":0},
{"id":94,"atypeId":0,"description":"","etypeId":2,"traits":[{"code":22,"dataId":1,"value":0}],"iconIndex":0,"name":"","note":"","params":[0,0,0,0,0,0,0,0],"price":0},
{"id":95,"atypeId":0,"description":"","etypeId":2,"traits":[{"code":22,"dataId":1,"value":0}],"iconIndex":0,"name":"","note":"","params":[0,0,0,0,0,0,0,0],"price":0},
{"id":96,"atypeId":0,"description":"","etypeId":2,"traits":[{"code":22,"dataId":1,"value":0}],"iconIndex":0,"name":"","note":"","params":[0,0,0,0,0,0,0,0],"price":0},
{"id":97,"atypeId":0,"description":"","etypeId":2,"traits":[{"code":22,"dataId":1,"value":0}],"iconIndex":0,"name":"","note":"","params":[0,0,0,0,0,0,0,0],"price":0},
{"id":98,"atypeId":0,"description":"","etypeId":2,"traits":[{"code":22,"dataId":1,"value":0}],"iconIndex":0,"name":"","note":"","params":[0,0,0,0,0,0,0,0],"price":0},
{"id":99,"atypeId":0,"description":"","etypeId":2,"traits":[{"code":22,"dataId":1,"value":0}],"iconIndex":0,"name":"","note":"","params":[0,0,0,0,0,0,0,0],"price":0},
{"id":100,"atypeId":0,"description":"","etypeId":2,"traits":[{"code":22,"dataId":1,"value":0}],"iconIndex":0,"name":"","note":"","params":[0,0,0,0,0,0,0,0],"price":0},
{"id":101,"atypeId":1,"description":"","etypeId":4,"traits":[{"code":22,"dataId":1,"value":0}],"iconIndex":135,"name":"-- Sombreros --","note":"","price":100,"params":[0,0,0,1,0,0,0,0],"damage":{"critical":"","elementId":"","formula":"","type":"","variance":""}},
{"id":102,"atypeId":3,"description":"Un sombrero de tela perfecto para viajar.","etypeId":3,"traits":[{"code":22,"dataId":1,"value":0}],"iconIndex":0,"name":"Sombrero de viaje","note":"","price":0,"params":[0,0,0,0,0,5,0,0],"damage":{"critical":"","elementId":"","formula":"","type":"","variance":""}},
{"id":103,"atypeId":3,"description":"Boina de algodón que llevan los guardianes.","etypeId":3,"traits":[{"code":22,"dataId":1,"value":0}],"iconIndex":1234,"name":"Boina de guardián","note":"","price":0,"params":[0,0,0,3,0,4,0,0],"damage":{"critical":"","elementId":"","formula":"","type":"","variance":""}},
{"id":104,"atypeId":3,"description":"Un sombrero usado por los magos y hechiceros.","etypeId":3,"traits":[{"code":22,"dataId":1,"value":0}],"iconIndex":1233,"name":"Sombrero de mago","note":"","price":0,"params":[0,0,0,3,0,7,0,0],"damage":{"critical":"","elementId":"","formula":"","type":"","variance":""}},
{"id":105,"atypeId":0,"description":"","etypeId":2,"traits":[{"code":22,"dataId":1,"value":0}],"iconIndex":0,"name":"","note":"","price":0,"params":[0,0,0,0,0,0,0,0],"damage":{"critical":"","elementId":"","formula":"","type":"","variance":""}},
{"id":106,"atypeId":0,"description":"","etypeId":2,"traits":[{"code":22,"dataId":1,"value":0}],"iconIndex":0,"name":"","note":"","price":0,"params":[0,0,0,0,0,0,0,0],"damage":{"critical":"","elementId":"","formula":"","type":"","variance":""}},
{"id":107,"atypeId":0,"description":"","etypeId":2,"traits":[{"code":22,"dataId":1,"value":0}],"iconIndex":0,"name":"","note":"","price":0,"params":[0,0,0,0,0,0,0,0],"damage":{"critical":"","elementId":"","formula":"","type":"","variance":""}},
{"id":108,"atypeId":0,"description":"","etypeId":2,"traits":[{"code":22,"dataId":1,"value":0}],"iconIndex":0,"name":"","note":"","price":0,"params":[0,0,0,0,0,0,0,0],"damage":{"critical":"","elementId":"","formula":"","type":"","variance":""}},
{"id":109,"atypeId":0,"description":"","etypeId":2,"traits":[{"code":22,"dataId":1,"value":0}],"iconIndex":0,"name":"","note":"","price":0,"params":[0,0,0,0,0,0,0,0],"damage":{"critical":"","elementId":"","formula":"","type":"","variance":""}},
{"id":110,"atypeId":0,"description":"","etypeId":2,"traits":[{"code":22,"dataId":1,"value":0}],"iconIndex":0,"name":"","note":"","price":0,"params":[0,0,0,0,0,0,0,0],"damage":{"critical":"","elementId":"","formula":"","type":"","variance":""}},
{"id":111,"atypeId":0,"description":"","etypeId":2,"traits":[{"code":22,"dataId":1,"value":0}],"iconIndex":0,"name":"","note":"","price":0,"params":[0,0,0,0,0,0,0,0],"damage":{"critical":"","elementId":"","formula":"","type":"","variance":""}},
{"id":112,"atypeId":0,"description":"","etypeId":2,"traits":[{"code":22,"dataId":1,"value":0}],"iconIndex":0,"name":"","note":"","price":0,"params":[0,0,0,0,0,0,0,0],"damage":{"critical":"","elementId":"","formula":"","type":"","variance":""}},
{"id":113,"atypeId":0,"description":"","etypeId":2,"traits":[{"code":22,"dataId":1,"value":0}],"iconIndex":0,"name":"","note":"","price":0,"params":[0,0,0,0,0,0,0,0],"damage":{"critical":"","elementId":"","formula":"","type":"","variance":""}},
{"id":114,"atypeId":0,"description":"","etypeId":2,"traits":[{"code":22,"dataId":1,"value":0}],"iconIndex":0,"name":"","note":"","price":0,"params":[0,0,0,0,0,0,0,0],"damage":{"critical":"","elementId":"","formula":"","type":"","variance":""}},
{"id":115,"atypeId":0,"description":"","etypeId":2,"traits":[{"code":22,"dataId":1,"value":0}],"iconIndex":0,"name":"","note":"","price":0,"params":[0,0,0,0,0,0,0,0],"damage":{"critical":"","elementId":"","formula":"","type":"","variance":""}},
{"id":116,"atypeId":0,"description":"","etypeId":2,"traits":[{"code":22,"dataId":1,"value":0}],"iconIndex":0,"name":"","note":"","price":0,"params":[0,0,0,0,0,0,0,0],"damage":{"critical":"","elementId":"","formula":"","type":"","variance":""}},
{"id":117,"atypeId":0,"description":"","etypeId":2,"traits":[{"code":22,"dataId":1,"value":0}],"iconIndex":0,"name":"","note":"","price":0,"params":[0,0,0,0,0,0,0,0],"damage":{"critical":"","elementId":"","formula":"","type":"","variance":""}},
{"id":118,"atypeId":0,"description":"","etypeId":2,"traits":[{"code":22,"dataId":1,"value":0}],"iconIndex":0,"name":"","note":"","price":0,"params":[0,0,0,0,0,0,0,0],"damage":{"critical":"","elementId":"","formula":"","type":"","variance":""}},
{"id":119,"atypeId":0,"description":"","etypeId":2,"traits":[{"code":22,"dataId":1,"value":0}],"iconIndex":0,"name":"","note":"","price":0,"params":[0,0,0,0,0,0,0,0],"damage":{"critical":"","elementId":"","formula":"","type":"","variance":""}},
{"id":120,"atypeId":0,"description":"","etypeId":2,"traits":[{"code":22,"dataId":1,"value":0}],"iconIndex":0,"name":"","note":"","price":0,"params":[0,0,0,0,0,0,0,0],"damage":{"critical":"","elementId":"","formula":"","type":"","variance":""}},
{"id":121,"atypeId":0,"description":"","etypeId":2,"traits":[{"code":22,"dataId":1,"value":0}],"iconIndex":0,"name":"","note":"","price":0,"params":[0,0,0,0,0,0,0,0],"damage":{"critical":"","elementId":"","formula":"","type":"","variance":""}},
{"id":122,"atypeId":0,"description":"","etypeId":2,"traits":[{"code":22,"dataId":1,"value":0}],"iconIndex":0,"name":"","note":"","price":0,"params":[0,0,0,0,0,0,0,0],"damage":{"critical":"","elementId":"","formula":"","type":"","variance":""}},
{"id":123,"atypeId":0,"description":"","etypeId":2,"traits":[{"code":22,"dataId":1,"value":0}],"iconIndex":0,"name":"","note":"","price":0,"params":[0,0,0,0,0,0,0,0],"damage":{"critical":"","elementId":"","formula":"","type":"","variance":""}},
{"id":124,"atypeId":0,"description":"","etypeId":2,"traits":[{"code":22,"dataId":1,"value":0}],"iconIndex":0,"name":"","note":"","price":0,"params":[0,0,0,0,0,0,0,0],"damage":{"critical":"","elementId":"","formula":"","type":"","variance":""}},
{"id":125,"atypeId":1,"description":"","etypeId":4,"traits":[{"code":22,"dataId":1,"value":0}],"iconIndex":135,"name":"-- Cintas --","note":"","price":100,"params":[0,0,0,1,0,0,0,0],"damage":{"critical":"","elementId":"","formula":"","type":"","variance":""}},
{"id":126,"atypeId":3,"description":"Una cinta del pelo sencilla para recogerse el pelo.","etypeId":3,"traits":[{"code":22,"dataId":1,"value":0}],"iconIndex":816,"name":"Cinta de pelo","note":"","price":5,"params":[0,0,0,1,0,0,0,0],"damage":{"critical":"","elementId":"","formula":"","type":"","variance":""}},
{"id":127,"atypeId":3,"description":"Un pañuelo de algodón decorativo.","etypeId":3,"traits":[{"code":22,"dataId":1,"value":0}],"iconIndex":0,"name":"Pañuelo de algodón","note":"","price":15,"params":[0,0,0,1,0,1,3,0],"damage":{"critical":"","elementId":"","formula":"","type":"","variance":""}},
{"id":128,"atypeId":3,"description":"Una bandana de tela que da mucha confianza.","etypeId":3,"traits":[{"code":22,"dataId":1,"value":0}],"iconIndex":818,"name":"Bandana de héroe","note":"","price":29,"params":[0,0,1,1,0,0,1,0],"damage":{"critical":"","elementId":"","formula":"","type":"","variance":""}},
{"id":129,"atypeId":0,"description":"","etypeId":2,"traits":[{"code":22,"dataId":1,"value":0}],"iconIndex":0,"name":"","note":"","price":0,"params":[0,0,0,0,0,0,0,0],"damage":{"critical":"","elementId":"","formula":"","type":"","variance":""}},
{"id":130,"atypeId":0,"description":"","etypeId":2,"traits":[{"code":22,"dataId":1,"value":0}],"iconIndex":0,"name":"","note":"","price":0,"params":[0,0,0,0,0,0,0,0],"damage":{"critical":"","elementId":"","formula":"","type":"","variance":""}},
{"id":131,"atypeId":0,"description":"","etypeId":2,"traits":[{"code":22,"dataId":1,"value":0}],"iconIndex":0,"name":"","note":"","price":0,"params":[0,0,0,0,0,0,0,0],"damage":{"critical":"","elementId":"","formula":"","type":"","variance":""}},
{"id":132,"atypeId":0,"description":"","etypeId":2,"traits":[{"code":22,"dataId":1,"value":0}],"iconIndex":0,"name":"","note":"","price":0,"params":[0,0,0,0,0,0,0,0],"damage":{"critical":"","elementId":"","formula":"","type":"","variance":""}},
{"id":133,"atypeId":0,"description":"","etypeId":2,"traits":[{"code":22,"dataId":1,"value":0}],"iconIndex":0,"name":"","note":"","price":0,"params":[0,0,0,0,0,0,0,0],"damage":{"critical":"","elementId":"","formula":"","type":"","variance":""}},
{"id":134,"atypeId":0,"description":"","etypeId":2,"traits":[{"code":22,"dataId":1,"value":0}],"iconIndex":0,"name":"","note":"","price":0,"params":[0,0,0,0,0,0,0,0],"damage":{"critical":"","elementId":"","formula":"","type":"","variance":""}},
{"id":135,"atypeId":0,"description":"","etypeId":2,"traits":[{"code":22,"dataId":1,"value":0}],"iconIndex":0,"name":"","note":"","price":0,"params":[0,0,0,0,0,0,0,0],"damage":{"critical":"","elementId":"","formula":"","type":"","variance":""}},
{"id":136,"atypeId":0,"description":"","etypeId":2,"traits":[{"code":22,"dataId":1,"value":0}],"iconIndex":0,"name":"","note":"","price":0,"params":[0,0,0,0,0,0,0,0],"damage":{"critical":"","elementId":"","formula":"","type":"","variance":""}},
{"id":137,"atypeId":0,"description":"","etypeId":2,"traits":[{"code":22,"dataId":1,"value":0}],"iconIndex":0,"name":"","note":"","price":0,"params":[0,0,0,0,0,0,0,0],"damage":{"critical":"","elementId":"","formula":"","type":"","variance":""}},
{"id":138,"atypeId":0,"description":"","etypeId":2,"traits":[{"code":22,"dataId":1,"value":0}],"iconIndex":0,"name":"","note":"","price":0,"params":[0,0,0,0,0,0,0,0],"damage":{"critical":"","elementId":"","formula":"","type":"","variance":""}},
{"id":139,"atypeId":0,"description":"","etypeId":2,"traits":[{"code":22,"dataId":1,"value":0}],"iconIndex":0,"name":"","note":"","price":0,"params":[0,0,0,0,0,0,0,0],"damage":{"critical":"","elementId":"","formula":"","type":"","variance":""}},
{"id":140,"atypeId":0,"description":"","etypeId":2,"traits":[{"code":22,"dataId":1,"value":0}],"iconIndex":0,"name":"","note":"","price":0,"params":[0,0,0,0,0,0,0,0],"damage":{"critical":"","elementId":"","formula":"","type":"","variance":""}},
{"id":141,"atypeId":0,"description":"","etypeId":2,"traits":[{"code":22,"dataId":1,"value":0}],"iconIndex":0,"name":"","note":"","price":0,"params":[0,0,0,0,0,0,0,0],"damage":{"critical":"","elementId":"","formula":"","type":"","variance":""}},
{"id":142,"atypeId":0,"description":"","etypeId":2,"traits":[{"code":22,"dataId":1,"value":0}],"iconIndex":0,"name":"","note":"","price":0,"params":[0,0,0,0,0,0,0,0],"damage":{"critical":"","elementId":"","formula":"","type":"","variance":""}},
{"id":143,"atypeId":0,"description":"","etypeId":2,"traits":[{"code":22,"dataId":1,"value":0}],"iconIndex":0,"name":"","note":"","price":0,"params":[0,0,0,0,0,0,0,0],"damage":{"critical":"","elementId":"","formula":"","type":"","variance":""}},
{"id":144,"atypeId":0,"description":"","etypeId":2,"traits":[{"code":22,"dataId":1,"value":0}],"iconIndex":0,"name":"","note":"","price":0,"params":[0,0,0,0,0,0,0,0],"damage":{"critical":"","elementId":"","formula":"","type":"","variance":""}},
{"id":145,"atypeId":0,"description":"","etypeId":2,"traits":[{"code":22,"dataId":1,"value":0}],"iconIndex":0,"name":"","note":"","price":0,"params":[0,0,0,0,0,0,0,0],"damage":{"critical":"","elementId":"","formula":"","type":"","variance":""}},
{"id":146,"atypeId":0,"description":"","etypeId":2,"traits":[{"code":22,"dataId":1,"value":0}],"iconIndex":0,"name":"","note":"","price":0,"params":[0,0,0,0,0,0,0,0],"damage":{"critical":"","elementId":"","formula":"","type":"","variance":""}},
{"id":147,"atypeId":0,"description":"","etypeId":2,"traits":[{"code":22,"dataId":1,"value":0}],"iconIndex":0,"name":"","note":"","price":0,"params":[0,0,0,0,0,0,0,0],"damage":{"critical":"","elementId":"","formula":"","type":"","variance":""}},
{"id":148,"atypeId":0,"description":"","etypeId":2,"traits":[{"code":22,"dataId":1,"value":0}],"iconIndex":0,"name":"","note":"","price":0,"params":[0,0,0,0,0,0,0,0],"damage":{"critical":"","elementId":"","formula":"","type":"","variance":""}},
{"id":149,"atypeId":0,"description":"","etypeId":2,"traits":[{"code":22,"dataId":1,"value":0}],"iconIndex":0,"name":"","note":"","price":0,"params":[0,0,0,0,0,0,0,0],"damage":{"critical":"","elementId":"","formula":"","type":"","variance":""}},
{"id":150,"atypeId":1,"description":"","etypeId":4,"traits":[{"code":22,"dataId":1,"value":0}],"iconIndex":135,"name":"-- Escudos --","note":"","price":100,"params":[0,0,0,1,0,0,0,0],"damage":{"critical":"","elementId":"","formula":"","type":"","variance":""}},
{"id":151,"atypeId":1,"description":"Un escudo de entrenamiento, poco útil para el combate real.","etypeId":2,"traits":[{"code":22,"dataId":1,"value":0}],"iconIndex":576,"name":"Escudo de madera","note":"","price":10,"params":[0,0,0,3,0,0,0,0],"damage":{"critical":"","elementId":"","formula":"","type":"","variance":""}},
{"id":152,"atypeId":1,"description":"Un escudo pequeño pero versátil. Permite movilidad.","etypeId":2,"traits":[{"code":22,"dataId":1,"value":0}],"iconIndex":589,"name":"Rondo metálico","note":"","price":21,"params":[0,0,0,5,0,0,0,0],"damage":{"critical":"","elementId":"","formula":"","type":"","variance":""}},
{"id":153,"atypeId":1,"description":"Una codera con un escudo para proteger el brazo.","etypeId":2,"traits":[{"code":22,"dataId":1,"value":0}],"iconIndex":586,"name":"Codera reforzada","note":"","price":32,"params":[0,0,0,7,0,0,0,0],"damage":{"critical":"","elementId":"","formula":"","type":"","variance":""}},
{"id":154,"atypeId":0,"description":"","etypeId":2,"traits":[{"code":22,"dataId":1,"value":0}],"iconIndex":0,"name":"","note":"","price":0,"params":[0,0,0,0,0,0,0,0],"damage":{"critical":"","elementId":"","formula":"","type":"","variance":""}},
{"id":155,"atypeId":0,"description":"","etypeId":2,"traits":[{"code":22,"dataId":1,"value":0}],"iconIndex":0,"name":"","note":"","price":0,"params":[0,0,0,0,0,0,0,0],"damage":{"critical":"","elementId":"","formula":"","type":"","variance":""}},
{"id":156,"atypeId":0,"description":"","etypeId":2,"traits":[{"code":22,"dataId":1,"value":0}],"iconIndex":0,"name":"","note":"","price":0,"params":[0,0,0,0,0,0,0,0],"damage":{"critical":"","elementId":"","formula":"","type":"","variance":""}},
{"id":157,"atypeId":0,"description":"","etypeId":2,"traits":[{"code":22,"dataId":1,"value":0}],"iconIndex":0,"name":"","note":"","price":0,"params":[0,0,0,0,0,0,0,0],"damage":{"critical":"","elementId":"","formula":"","type":"","variance":""}},
{"id":158,"atypeId":0,"description":"","etypeId":2,"traits":[{"code":22,"dataId":1,"value":0}],"iconIndex":0,"name":"","note":"","price":0,"params":[0,0,0,0,0,0,0,0],"damage":{"critical":"","elementId":"","formula":"","type":"","variance":""}},
{"id":159,"atypeId":0,"description":"","etypeId":2,"traits":[{"code":22,"dataId":1,"value":0}],"iconIndex":0,"name":"","note":"","price":0,"params":[0,0,0,0,0,0,0,0],"damage":{"critical":"","elementId":"","formula":"","type":"","variance":""}},
{"id":160,"atypeId":0,"description":"","etypeId":2,"traits":[{"code":22,"dataId":1,"value":0}],"iconIndex":0,"name":"","note":"","price":0,"params":[0,0,0,0,0,0,0,0],"damage":{"critical":"","elementId":"","formula":"","type":"","variance":""}},
{"id":161,"atypeId":0,"description":"","etypeId":2,"traits":[{"code":22,"dataId":1,"value":0}],"iconIndex":0,"name":"","note":"","price":0,"params":[0,0,0,0,0,0,0,0],"damage":{"critical":"","elementId":"","formula":"","type":"","variance":""}},
{"id":162,"atypeId":0,"description":"","etypeId":2,"traits":[{"code":22,"dataId":1,"value":0}],"iconIndex":0,"name":"","note":"","price":0,"params":[0,0,0,0,0,0,0,0],"damage":{"critical":"","elementId":"","formula":"","type":"","variance":""}},
{"id":163,"atypeId":0,"description":"","etypeId":2,"traits":[{"code":22,"dataId":1,"value":0}],"iconIndex":0,"name":"","note":"","price":0,"params":[0,0,0,0,0,0,0,0],"damage":{"critical":"","elementId":"","formula":"","type":"","variance":""}},
{"id":164,"atypeId":0,"description":"","etypeId":2,"traits":[{"code":22,"dataId":1,"value":0}],"iconIndex":0,"name":"","note":"","price":0,"params":[0,0,0,0,0,0,0,0],"damage":{"critical":"","elementId":"","formula":"","type":"","variance":""}},
{"id":165,"atypeId":0,"description":"","etypeId":2,"traits":[{"code":22,"dataId":1,"value":0}],"iconIndex":0,"name":"","note":"","price":0,"params":[0,0,0,0,0,0,0,0],"damage":{"critical":"","elementId":"","formula":"","type":"","variance":""}},
{"id":166,"atypeId":0,"description":"","etypeId":2,"traits":[{"code":22,"dataId":1,"value":0}],"iconIndex":0,"name":"","note":"","price":0,"params":[0,0,0,0,0,0,0,0],"damage":{"critical":"","elementId":"","formula":"","type":"","variance":""}},
{"id":167,"atypeId":0,"description":"","etypeId":2,"traits":[{"code":22,"dataId":1,"value":0}],"iconIndex":0,"name":"","note":"","price":0,"params":[0,0,0,0,0,0,0,0],"damage":{"critical":"","elementId":"","formula":"","type":"","variance":""}},
{"id":168,"atypeId":0,"description":"","etypeId":2,"traits":[{"code":22,"dataId":1,"value":0}],"iconIndex":0,"name":"","note":"","price":0,"params":[0,0,0,0,0,0,0,0],"damage":{"critical":"","elementId":"","formula":"","type":"","variance":""}},
{"id":169,"atypeId":0,"description":"","etypeId":2,"traits":[{"code":22,"dataId":1,"value":0}],"iconIndex":0,"name":"","note":"","price":0,"params":[0,0,0,0,0,0,0,0],"damage":{"critical":"","elementId":"","formula":"","type":"","variance":""}},
{"id":170,"atypeId":0,"description":"","etypeId":2,"traits":[{"code":22,"dataId":1,"value":0}],"iconIndex":0,"name":"","note":"","price":0,"params":[0,0,0,0,0,0,0,0],"damage":{"critical":"","elementId":"","formula":"","type":"","variance":""}},
{"id":171,"atypeId":0,"description":"","etypeId":2,"traits":[{"code":22,"dataId":1,"value":0}],"iconIndex":0,"name":"","note":"","price":0,"params":[0,0,0,0,0,0,0,0],"damage":{"critical":"","elementId":"","formula":"","type":"","variance":""}},
{"id":172,"atypeId":0,"description":"","etypeId":2,"traits":[{"code":22,"dataId":1,"value":0}],"iconIndex":0,"name":"","note":"","price":0,"params":[0,0,0,0,0,0,0,0],"damage":{"critical":"","elementId":"","formula":"","type":"","variance":""}},
{"id":173,"atypeId":0,"description":"","etypeId":2,"traits":[{"code":22,"dataId":1,"value":0}],"iconIndex":0,"name":"","note":"","price":0,"params":[0,0,0,0,0,0,0,0],"damage":{"critical":"","elementId":"","formula":"","type":"","variance":""}},
{"id":174,"atypeId":0,"description":"","etypeId":2,"traits":[{"code":22,"dataId":1,"value":0}],"iconIndex":0,"name":"","note":"","price":0,"params":[0,0,0,0,0,0,0,0],"damage":{"critical":"","elementId":"","formula":"","type":"","variance":""}},
{"id":175,"atypeId":1,"description":"","etypeId":4,"traits":[{"code":22,"dataId":1,"value":0}],"iconIndex":135,"name":"- Escudos Grandes -","note":"","price":100,"params":[0,0,0,1,0,0,0,0],"damage":{"critical":"","elementId":"","formula":"","type":"","variance":""}},
{"id":176,"atypeId":4,"description":"El escudo estándar de Rhyfel para combatir.","etypeId":2,"traits":[{"code":22,"dataId":1,"value":0}],"iconIndex":1235,"name":"Escudo de Rhyfel I","note":"","price":0,"params":[0,0,0,5,0,0,0,0],"damage":{"critical":"","elementId":"","formula":"","type":"","variance":""}},
{"id":177,"atypeId":4,"description":"El escudo de los guardias de Rhuntime. Muy grande.","etypeId":2,"traits":[{"code":22,"dataId":1,"value":0}],"iconIndex":605,"name":"Escudo de Rhuntime","note":"","price":0,"params":[0,0,0,7,0,0,0,0],"damage":{"critical":"","elementId":"","formula":"","type":"","variance":""}},
{"id":178,"atypeId":4,"description":"Una puerta de hierro reconvertida en escudo grande.","etypeId":2,"traits":[{"code":22,"dataId":1,"value":0}],"iconIndex":591,"name":"Puerta de hierro","note":"","price":0,"params":[0,0,0,9,0,0,0,0],"damage":{"critical":"","elementId":"","formula":"","type":"","variance":""}},
{"id":179,"atypeId":0,"description":"","etypeId":2,"traits":[{"code":22,"dataId":1,"value":0}],"iconIndex":0,"name":"","note":"","price":0,"params":[0,0,0,0,0,0,0,0],"damage":{"critical":"","elementId":"","formula":"","type":"","variance":""}},
{"id":180,"atypeId":0,"description":"","etypeId":2,"traits":[{"code":22,"dataId":1,"value":0}],"iconIndex":0,"name":"","note":"","price":0,"params":[0,0,0,0,0,0,0,0],"damage":{"critical":"","elementId":"","formula":"","type":"","variance":""}},
{"id":181,"atypeId":0,"description":"","etypeId":2,"traits":[{"code":22,"dataId":1,"value":0}],"iconIndex":0,"name":"","note":"","price":0,"params":[0,0,0,0,0,0,0,0],"damage":{"critical":"","elementId":"","formula":"","type":"","variance":""}},
{"id":182,"atypeId":0,"description":"","etypeId":2,"traits":[{"code":22,"dataId":1,"value":0}],"iconIndex":0,"name":"","note":"","price":0,"params":[0,0,0,0,0,0,0,0],"damage":{"critical":"","elementId":"","formula":"","type":"","variance":""}},
{"id":183,"atypeId":0,"description":"","etypeId":2,"traits":[{"code":22,"dataId":1,"value":0}],"iconIndex":0,"name":"","note":"","price":0,"params":[0,0,0,0,0,0,0,0],"damage":{"critical":"","elementId":"","formula":"","type":"","variance":""}},
{"id":184,"atypeId":0,"description":"","etypeId":2,"traits":[{"code":22,"dataId":1,"value":0}],"iconIndex":0,"name":"","note":"","price":0,"params":[0,0,0,0,0,0,0,0],"damage":{"critical":"","elementId":"","formula":"","type":"","variance":""}},
{"id":185,"atypeId":0,"description":"","etypeId":2,"traits":[{"code":22,"dataId":1,"value":0}],"iconIndex":0,"name":"","note":"","price":0,"params":[0,0,0,0,0,0,0,0],"damage":{"critical":"","elementId":"","formula":"","type":"","variance":""}},
{"id":186,"atypeId":0,"description":"","etypeId":2,"traits":[{"code":22,"dataId":1,"value":0}],"iconIndex":0,"name":"","note":"","price":0,"params":[0,0,0,0,0,0,0,0],"damage":{"critical":"","elementId":"","formula":"","type":"","variance":""}},
{"id":187,"atypeId":0,"description":"","etypeId":2,"traits":[{"code":22,"dataId":1,"value":0}],"iconIndex":0,"name":"","note":"","price":0,"params":[0,0,0,0,0,0,0,0],"damage":{"critical":"","elementId":"","formula":"","type":"","variance":""}},
{"id":188,"atypeId":0,"description":"","etypeId":2,"traits":[{"code":22,"dataId":1,"value":0}],"iconIndex":0,"name":"","note":"","price":0,"params":[0,0,0,0,0,0,0,0],"damage":{"critical":"","elementId":"","formula":"","type":"","variance":""}},
{"id":189,"atypeId":0,"description":"","etypeId":2,"traits":[{"code":22,"dataId":1,"value":0}],"iconIndex":0,"name":"","note":"","price":0,"params":[0,0,0,0,0,0,0,0],"damage":{"critical":"","elementId":"","formula":"","type":"","variance":""}},
{"id":190,"atypeId":0,"description":"","etypeId":2,"traits":[{"code":22,"dataId":1,"value":0}],"iconIndex":0,"name":"","note":"","price":0,"params":[0,0,0,0,0,0,0,0],"damage":{"critical":"","elementId":"","formula":"","type":"","variance":""}},
{"id":191,"atypeId":0,"description":"","etypeId":2,"traits":[{"code":22,"dataId":1,"value":0}],"iconIndex":0,"name":"","note":"","price":0,"params":[0,0,0,0,0,0,0,0],"damage":{"critical":"","elementId":"","formula":"","type":"","variance":""}},
{"id":192,"atypeId":0,"description":"","etypeId":2,"traits":[{"code":22,"dataId":1,"value":0}],"iconIndex":0,"name":"","note":"","price":0,"params":[0,0,0,0,0,0,0,0],"damage":{"critical":"","elementId":"","formula":"","type":"","variance":""}},
{"id":193,"atypeId":0,"description":"","etypeId":2,"traits":[{"code":22,"dataId":1,"value":0}],"iconIndex":0,"name":"","note":"","price":0,"params":[0,0,0,0,0,0,0,0],"damage":{"critical":"","elementId":"","formula":"","type":"","variance":""}},
{"id":194,"atypeId":0,"description":"","etypeId":2,"traits":[{"code":22,"dataId":1,"value":0}],"iconIndex":0,"name":"","note":"","price":0,"params":[0,0,0,0,0,0,0,0],"damage":{"critical":"","elementId":"","formula":"","type":"","variance":""}},
{"id":195,"atypeId":0,"description":"","etypeId":2,"traits":[{"code":22,"dataId":1,"value":0}],"iconIndex":0,"name":"","note":"","price":0,"params":[0,0,0,0,0,0,0,0],"damage":{"critical":"","elementId":"","formula":"","type":"","variance":""}},
{"id":196,"atypeId":0,"description":"","etypeId":2,"traits":[{"code":22,"dataId":1,"value":0}],"iconIndex":0,"name":"","note":"","price":0,"params":[0,0,0,0,0,0,0,0],"damage":{"critical":"","elementId":"","formula":"","type":"","variance":""}},
{"id":197,"atypeId":0,"description":"","etypeId":2,"traits":[{"code":22,"dataId":1,"value":0}],"iconIndex":0,"name":"","note":"","price":0,"params":[0,0,0,0,0,0,0,0],"damage":{"critical":"","elementId":"","formula":"","type":"","variance":""}},
{"id":198,"atypeId":0,"description":"","etypeId":2,"traits":[{"code":22,"dataId":1,"value":0}],"iconIndex":0,"name":"","note":"","price":0,"params":[0,0,0,0,0,0,0,0],"damage":{"critical":"","elementId":"","formula":"","type":"","variance":""}},
{"id":199,"atypeId":0,"description":"","etypeId":2,"traits":[{"code":22,"dataId":1,"value":0}],"iconIndex":0,"name":"","note":"","price":0,"params":[0,0,0,0,0,0,0,0],"damage":{"critical":"","elementId":"","formula":"","type":"","variance":""}},
{"id":200,"atypeId":0,"description":"","etypeId":2,"traits":[{"code":22,"dataId":1,"value":0}],"iconIndex":0,"name":"","note":"","price":0,"params":[0,0,0,0,0,0,0,0],"damage":{"critical":"","elementId":"","formula":"","type":"","variance":""}}
]