[
null,
{"id":1,"actions":[{"skillId":1,"rating":5,"conditionType":0,"conditionParam1":0,"conditionParam2":0}],"battlerHue":0,"battlerName":"Limo","dropItems":[{"dataId":1,"denominator":1,"kind":0},{"dataId":1,"denominator":1,"kind":0},{"dataId":1,"denominator":1,"kind":0}],"exp":100,"traits":[{"code":22,"dataId":0,"value":0.95},{"code":22,"dataId":1,"value":0.05},{"code":31,"dataId":1,"value":0}],"gold":25,"name":"Dummy","note":"<Sideview Battlers>\nRTP-Makuita\nRTP-Zack\nRTP-Barnes\nRTP-Albert\nRTP-Rinfa\nRTP-Meer\nRTP-Melissa\nRTP-Minean\nRTP-Jack\nRTP-Lana\nRTP-Jeanne\nRTP-Blues\n</Sideview Battlers>\n<Drops>\n<Item Drop 7: 100%>\n</Drops>","params":[100,100,27,5,15,11,22,27],"damage":{"critical":"","elementId":"","formula":"","type":"","variance":""}},
{"id":2,"actions":[{"skillId":1,"rating":5,"conditionType":0,"conditionParam1":0,"conditionParam2":0},{"skillId":95,"rating":2,"conditionType":0,"conditionParam1":0,"conditionParam2":0}],"battlerHue":0,"battlerName":"Limo","dropItems":[{"dataId":1,"denominator":1,"kind":0},{"dataId":1,"denominator":1,"kind":0},{"dataId":1,"denominator":1,"kind":0}],"exp":10,"traits":[{"code":22,"dataId":0,"value":0.95},{"code":22,"dataId":1,"value":0.05},{"code":31,"dataId":1,"value":0}],"gold":5,"name":"Limo","note":"<Sideview Battlers>\nMonstruos/Limo\n</Sideview Battlers>\n<Drops>\n<Item Drop 7: 10%>\n</Drops>\n<SP: 10>","params":[200,10,27,15,15,11,22,27],"damage":{"critical":"","elementId":"","formula":"","type":"","variance":""}},
{"id":3,"actions":[{"skillId":1,"rating":5,"conditionType":0,"conditionParam1":0,"conditionParam2":0},{"skillId":96,"rating":2,"conditionType":0,"conditionParam1":0,"conditionParam2":0}],"battlerHue":0,"battlerName":"Esqueleto","dropItems":[{"dataId":1,"denominator":1,"kind":0},{"dataId":1,"denominator":1,"kind":0},{"dataId":1,"denominator":1,"kind":0}],"exp":15,"traits":[{"code":22,"dataId":0,"value":0.95},{"code":22,"dataId":1,"value":0.05},{"code":31,"dataId":1,"value":0}],"gold":10,"name":"Esqueleto","note":"<Sideview Battlers>\nMonstruos/Esqueleto\n</Sideview Battlers>\n<Drops>\n<Item Drop 7: 10%>\n</Drops>\n<SP: 10>","params":[225,10,27,20,5,10,25,20],"damage":{"critical":"","elementId":"","formula":"","type":"","variance":""}},
{"id":4,"actions":[{"skillId":1,"rating":5,"conditionType":0,"conditionParam1":0,"conditionParam2":0},{"skillId":97,"rating":8,"conditionType":2,"conditionParam1":0,"conditionParam2":0.8}],"battlerHue":0,"battlerName":"Murcielago","dropItems":[{"dataId":1,"denominator":1,"kind":0},{"dataId":1,"denominator":1,"kind":0},{"dataId":1,"denominator":1,"kind":0}],"exp":8,"traits":[{"code":22,"dataId":0,"value":0.95},{"code":22,"dataId":1,"value":0.05},{"code":31,"dataId":1,"value":0}],"gold":5,"name":"Murciélago","note":"<SP: 10>","params":[150,10,20,19,0,10,30,15],"damage":{"critical":"","elementId":"","formula":"","type":"","variance":""}},
{"id":5,"actions":[{"skillId":1,"rating":5,"conditionType":0,"conditionParam1":0,"conditionParam2":0},{"skillId":98,"rating":2,"conditionType":0,"conditionParam1":0,"conditionParam2":0}],"battlerHue":0,"battlerName":"Serpiente","dropItems":[{"dataId":1,"denominator":1,"kind":0},{"dataId":1,"denominator":1,"kind":0},{"dataId":1,"denominator":1,"kind":0}],"exp":13,"traits":[{"code":22,"dataId":0,"value":0.95},{"code":22,"dataId":1,"value":0.05},{"code":31,"dataId":1,"value":0},{"code":13,"dataId":4,"value":0.1}],"gold":12,"name":"Serpiente","note":"<SP: 10>","params":[200,10,25,24,0,15,15,20],"damage":{"critical":"","elementId":"","formula":"","type":"","variance":""}},
{"id":6,"actions":[{"skillId":1,"rating":5,"conditionType":0,"conditionParam1":0,"conditionParam2":0},{"skillId":102,"rating":5,"conditionType":0,"conditionParam1":0,"conditionParam2":0},{"skillId":103,"rating":4,"conditionType":0,"conditionParam1":0,"conditionParam2":0},{"skillId":104,"rating":6,"conditionType":2,"conditionParam1":0,"conditionParam2":0.25}],"battlerHue":0,"battlerName":"Minotauro","dropItems":[{"dataId":1,"denominator":1,"kind":0},{"dataId":1,"denominator":1,"kind":0},{"dataId":1,"denominator":1,"kind":0}],"exp":243,"traits":[{"code":22,"dataId":0,"value":0.95},{"code":22,"dataId":1,"value":0.05},{"code":31,"dataId":1,"value":0}],"gold":104,"name":"Minotauro","note":"<Sideview Battlers>\nMonstruos/Minotauro\n</Sideview Battlers>\n<Hide HP Gauge>\n<Level 1>\n<Hide Level>\n<SP: 10>\n","params":[1965,53,57,20,35,17,64,39],"damage":{"critical":"","elementId":"","formula":"","type":"","variance":""}},
{"id":7,"actions":[{"skillId":1,"rating":5,"conditionType":0,"conditionParam1":0,"conditionParam2":0},{"skillId":99,"rating":2,"conditionType":0,"conditionParam1":0,"conditionParam2":0}],"battlerHue":0,"battlerName":"Orco","dropItems":[{"dataId":1,"denominator":1,"kind":0},{"dataId":1,"denominator":1,"kind":0},{"dataId":1,"denominator":1,"kind":0}],"exp":18,"traits":[{"code":22,"dataId":0,"value":0.95},{"code":22,"dataId":1,"value":0.05},{"code":31,"dataId":1,"value":0}],"gold":17,"name":"Ogro","note":"<Sideview Battlers>\nMonstruos/Ogro\n</Sideview Battlers>\n<Minimum Level: 1>\n<Maximum Level: 5>\n<SP: 10>","params":[200,10,24,23,0,15,23,15],"damage":{"critical":"","elementId":"","formula":"","type":"","variance":""}},
{"id":8,"actions":[{"skillId":1,"rating":5,"conditionType":0,"conditionParam1":0,"conditionParam2":0},{"skillId":100,"rating":2,"conditionType":0,"conditionParam1":0,"conditionParam2":0}],"battlerHue":0,"battlerName":"TopoHombre","dropItems":[{"dataId":1,"denominator":1,"kind":0},{"dataId":1,"denominator":1,"kind":0},{"dataId":1,"denominator":1,"kind":0}],"exp":22,"traits":[{"code":22,"dataId":0,"value":0.95},{"code":22,"dataId":1,"value":0.05},{"code":31,"dataId":1,"value":0},{"code":11,"dataId":2,"value":1.25}],"gold":22,"name":"Topo Hombre","note":"<SP: 10>","params":[225,10,23,29,0,15,15,10],"damage":{"critical":"","elementId":"","formula":"","type":"","variance":""}},
{"id":9,"actions":[{"skillId":1,"rating":2,"conditionType":0,"conditionParam1":0,"conditionParam2":0},{"skillId":101,"rating":4,"conditionType":0,"conditionParam1":0,"conditionParam2":0},{"skillId":101,"rating":9,"conditionType":2,"conditionParam1":0,"conditionParam2":0.25}],"battlerHue":0,"battlerName":"HombreTopo","dropItems":[{"dataId":1,"denominator":1,"kind":0},{"dataId":1,"denominator":1,"kind":0},{"dataId":1,"denominator":1,"kind":0}],"exp":25,"traits":[{"code":22,"dataId":0,"value":0.95},{"code":22,"dataId":1,"value":0.05},{"code":31,"dataId":1,"value":0},{"code":11,"dataId":2,"value":0.5}],"gold":14,"name":"Hombre Topo","note":"<Drops>\n<Item Drop 10: 10%>\n</Drops>\n<SP: 10>","params":[300,10,23,23,25,27,35,20],"damage":{"critical":"","elementId":"","formula":"","type":"","variance":""}},
{"id":10,"actions":[{"skillId":1,"rating":5,"conditionType":0,"conditionParam1":0,"conditionParam2":0},{"skillId":105,"rating":5,"conditionType":0,"conditionParam1":0,"conditionParam2":0}],"battlerHue":0,"battlerName":"Calamalo","dropItems":[{"dataId":1,"denominator":1,"kind":0},{"dataId":1,"denominator":1,"kind":0},{"dataId":1,"denominator":1,"kind":0}],"exp":24,"traits":[{"code":22,"dataId":0,"value":0.95},{"code":22,"dataId":1,"value":0.05},{"code":31,"dataId":1,"value":0},{"code":11,"dataId":4,"value":0.5}],"gold":15,"name":"Calamalo","note":"<SP: 10>","params":[225,10,30,19,10,10,26,23],"damage":{"critical":"","elementId":"","formula":"","type":"","variance":""}},
{"id":11,"actions":[{"skillId":1,"rating":2,"conditionType":0,"conditionParam1":0,"conditionParam2":0},{"skillId":106,"rating":6,"conditionType":0,"conditionParam1":0,"conditionParam2":0}],"battlerHue":0,"battlerName":"BabyShark","dropItems":[{"dataId":1,"denominator":1,"kind":0},{"dataId":1,"denominator":1,"kind":0},{"dataId":1,"denominator":1,"kind":0}],"exp":29,"traits":[{"code":22,"dataId":0,"value":0.95},{"code":22,"dataId":1,"value":0.05},{"code":31,"dataId":1,"value":0},{"code":11,"dataId":4,"value":1.2},{"code":11,"dataId":2,"value":0.5}],"gold":30,"name":"Baby Shark","note":"<Drops>\n<Item Drop 10: 10%>\n</Drops>\n<SP: 10>","params":[213,10,35,22,10,5,32,23],"damage":{"critical":"","elementId":"","formula":"","type":"","variance":""}},
{"id":12,"actions":[{"skillId":1,"rating":5,"conditionType":0,"conditionParam1":0,"conditionParam2":0},{"skillId":159,"rating":2,"conditionType":0,"conditionParam1":0,"conditionParam2":0}],"battlerHue":0,"battlerName":"Abeja","dropItems":[{"dataId":1,"denominator":1,"kind":0},{"dataId":1,"denominator":1,"kind":0},{"dataId":1,"denominator":1,"kind":0}],"exp":11,"traits":[{"code":22,"dataId":0,"value":0.95},{"code":22,"dataId":1,"value":0.05},{"code":31,"dataId":1,"value":0},{"code":11,"dataId":2,"value":1.2},{"code":11,"dataId":11,"value":0.5}],"gold":4,"name":"Abejorro","note":"<AP: 10>\n<Drops>\n<Item Drop 13: 30%>\n</Drops>\n<Minimum Level: 1>\n<Maximum Level: 3>","params":[150,1,33,17,22,12,25,12]},
{"id":13,"actions":[{"skillId":1,"rating":1,"conditionType":0,"conditionParam1":0,"conditionParam2":0},{"skillId":100,"rating":5,"conditionType":0,"conditionParam1":0,"conditionParam2":0},{"skillId":159,"rating":5,"conditionType":2,"conditionParam1":0,"conditionParam2":0.5}],"battlerHue":0,"battlerName":"Gallipiente","dropItems":[{"dataId":1,"denominator":1,"kind":0},{"dataId":1,"denominator":1,"kind":0},{"dataId":1,"denominator":1,"kind":0}],"exp":35,"traits":[{"code":22,"dataId":0,"value":0.95},{"code":22,"dataId":1,"value":0.05},{"code":31,"dataId":1,"value":0},{"code":11,"dataId":2,"value":1.2},{"code":11,"dataId":11,"value":0.5}],"gold":10,"name":"Gallipiente","note":"<AP: 10>\n<Drops>\n<Item Drop 13: 70%>\n</Drops>\n<Minimum Level: 1>\n<Maximum Level: 3>","params":[175,10,27,29,22,22,23,35]},
{"id":14,"actions":[{"skillId":1,"rating":1,"conditionType":0,"conditionParam1":0,"conditionParam2":0},{"skillId":96,"rating":2,"conditionType":0,"conditionParam1":0,"conditionParam2":0}],"battlerHue":0,"battlerName":"Cerdo","dropItems":[{"dataId":1,"denominator":1,"kind":0},{"dataId":1,"denominator":1,"kind":0},{"dataId":1,"denominator":1,"kind":0}],"exp":31,"traits":[{"code":22,"dataId":0,"value":0.95},{"code":22,"dataId":1,"value":0.1},{"code":31,"dataId":1,"value":0},{"code":11,"dataId":2,"value":1.2}],"gold":12,"name":"Cochiniño","note":"<AP: 10>\n<Drops>\n<Item Drop 7: 40%>\n</Drops>\n<Minimum Level: 1>\n<Maximum Level: 3>","params":[175,10,22,25,24,25,25,23]},
{"id":15,"actions":[{"skillId":1,"rating":5,"conditionType":0,"conditionParam1":0,"conditionParam2":0},{"skillId":159,"rating":5,"conditionType":0,"conditionParam1":0,"conditionParam2":0},{"skillId":105,"rating":4,"conditionType":0,"conditionParam1":0,"conditionParam2":0},{"skillId":104,"rating":6,"conditionType":2,"conditionParam1":0,"conditionParam2":0.25}],"battlerHue":0,"battlerName":"Treant","dropItems":[{"dataId":1,"denominator":1,"kind":0},{"dataId":1,"denominator":1,"kind":0},{"dataId":1,"denominator":1,"kind":0}],"exp":320,"traits":[{"code":22,"dataId":0,"value":0.95},{"code":22,"dataId":1,"value":0.05},{"code":31,"dataId":1,"value":0},{"code":11,"dataId":2,"value":2},{"code":11,"dataId":11,"value":1.2}],"gold":103,"name":"Treant","note":"<AP: 45>\n<Drops>\n<Item Drop 7: 40%>\n</Drops>\n<Hide HP Gauge>\n<Level 1>\n<Hide Level>","params":[1224,3,35,35,17,20,25,33]}
]