{
"autoplayBgm":false,"autoplayBgs":false,"battleback1Name":"","battleback2Name":"","bgm":{"name":"","pan":0,"pitch":100,"volume":90},"bgs":{"name":"","pan":0,"pitch":100,"volume":90},"disableDashing":false,"displayName":"Test","encounterList":[],"encounterStep":30,"height":7,"note":"","parallaxLoopX":false,"parallaxLoopY":false,"parallaxName":"","parallaxShow":true,"parallaxSx":0,"parallaxSy":0,"scrollType":0,"specifyBattleback":false,"tilesetId":15,"width":19,
"data":[2816,2816,2816,2816,2816,2816,2816,2816,2816,2816,2816,2816,2816,2816,2816,2816,2816,2816,2816,2816,2816,2816,2816,2816,2816,2816,2816,2816,2816,2816,2816,2816,2816,2816,2816,2816,2816,2816,2816,2816,2816,2816,2816,2816,2816,2816,2816,2816,2816,2816,2816,2816,2816,2816,2816,2816,2816,2816,2816,2816,2816,2816,2816,2816,2816,2816,2816,2816,2816,2816,2816,2816,2816,2816,2816,2816,2816,2816,2816,2816,2816,2816,2816,2816,2816,2816,2816,2816,2816,2816,2816,2816,2816,2816,2816,2816,2816,2816,2816,2816,2816,2816,2816,2816,2816,2816,2816,2816,2816,2816,2816,2816,2816,2816,2816,2816,2816,2816,2816,2816,2816,2816,2816,2816,2816,2816,2816,2816,2816,2816,2816,2816,2816,0,0,0,0,0,0,0,0,0,0,0,0,0,0,0,0,0,0,0,0,0,0,0,0,0,0,0,0,0,0,0,0,0,0,0,0,0,0,0,0,0,0,0,0,0,0,0,0,0,0,0,0,0,0,0,0,0,0,0,0,0,0,0,0,0,0,0,0,0,0,0,0,0,0,0,0,0,0,0,0,0,0,0,0,0,0,0,0,0,0,0,0,0,0,0,0,0,0,0,0,0,0,0,0,0,0,0,0,0,0,0,0,0,0,0,0,0,0,0,0,0,0,0,0,0,0,0,0,0,0,0,0,0,0,0,0,0,0,0,0,0,0,0,0,0,0,0,0,0,0,0,0,0,0,0,0,0,0,0,0,0,0,0,0,0,0,0,0,0,0,0,0,0,0,0,0,0,0,0,0,0,0,0,0,0,0,0,0,0,0,0,0,0,0,0,0,0,0,0,0,0,0,0,0,0,0,0,0,0,0,0,0,0,0,0,0,0,0,0,0,0,0,0,0,0,0,0,0,0,0,0,0,0,0,0,0,0,0,0,0,0,0,0,0,0,0,0,0,0,0,0,0,0,0,0,0,0,0,0,0,0,0,0,0,0,0,0,0,0,0,0,0,0,0,0,0,0,0,0,0,0,0,0,0,0,0,0,0,0,0,0,389,390,391,0,365,366,367,0,0,0,0,0,0,0,0,0,0,0,0,397,398,399,0,373,374,375,0,0,0,0,0,0,0,0,0,0,0,0,405,406,407,0,381,382,383,0,0,0,0,0,0,0,0,0,0,0,0,0,0,0,0,0,0,0,0,0,0,0,0,0,0,0,0,0,0,0,0,0,0,0,0,0,0,0,0,0,0,0,0,0,0,0,0,0,0,0,0,0,0,0,0,0,0,0,0,0,0,0,0,0,0,0,0,0,0,0,0,0,0,0,0,0,0,0,0,0,0,0,0,0,0,0,0,0,0,0,0,0,0,0,0,0,0,0,0,0,0,0,0,0,0,0,0,0,0,0,0,0,0,0,0,0,0,0,0,0,0,0,0,0,0,0,0,0,0,0,0,0,0,0,0,0,0,0,0,0,0,0,0,0,0,0,0,0,0,0,0,0,0,0,0,0,0,0,0,0,0,0,0,0,0,0,0,0,0,0,0,0,0,0,0,0,0,0,0,0,0,0,0,0,0,0,0,0,0,0,0,0,0,0,0,0,0,0,0,0,0,0,0,0,0,0,0,0,0,0,0,0,0,0,0,0,0,0,0,0,0,0,0,0,0,0,0,0,0,0,0,0,0,0,0,0,0,0,0,0,0,0,0,0,0,0,0,0,0,0,0,0,0,0,0,0,0,0,0,0,0,0,0,0,0,0,0,0,0,0,0,0,0,0,0,0,0,0,0,0,0,0,0,0,0,0,0,0,0,0,0,0,0,0,0,0,0,0,0,0,0,0,0,0,0,0,0,0,0,0,0,0,0,0,0,0,0,0,0,0,0,0,0,0,0,0,0,0],
"events":[
null,
{"id":1,"name":"Remolino","note":"","pages":[{"conditions":{"actorId":1,"actorValid":false,"itemId":1,"itemValid":false,"selfSwitchCh":"A","selfSwitchValid":false,"switch1Id":1,"switch1Valid":false,"switch2Id":1,"switch2Valid":false,"variableId":1,"variableValid":false,"variableValue":0},"directionFix":false,"image":{"tileId":0,"characterName":"Objetos/!7-Espirales","direction":2,"pattern":0,"characterIndex":0},"moveFrequency":5,"moveRoute":{"list":[{"code":20,"indent":null,"parameters":[]},{"code":15,"indent":null,"parameters":[5]},{"code":0,"indent":null,"parameters":[]}],"repeat":true,"skippable":false,"wait":false},"moveSpeed":3,"moveType":3,"priorityType":0,"stepAnime":false,"through":false,"trigger":0,"walkAnime":false,"list":[{"code":0,"indent":0,"parameters":[]}]}],"x":2,"y":2},
{"id":2,"name":"Circulo","note":"","pages":[{"conditions":{"actorId":1,"actorValid":false,"itemId":1,"itemValid":false,"selfSwitchCh":"A","selfSwitchValid":false,"switch1Id":1,"switch1Valid":false,"switch2Id":1,"switch2Valid":false,"variableId":1,"variableValid":false,"variableValue":0},"directionFix":false,"image":{"tileId":0,"characterName":"Objetos/!7-Circulos","direction":2,"pattern":0,"characterIndex":0},"moveFrequency":3,"moveRoute":{"list":[{"code":0,"indent":null,"parameters":[]}],"repeat":true,"skippable":false,"wait":false},"moveSpeed":3,"moveType":0,"priorityType":0,"stepAnime":false,"through":false,"trigger":0,"walkAnime":false,"list":[{"code":0,"indent":0,"parameters":[]}]}],"x":2,"y":3},
{"id":3,"name":"Portal","note":"","pages":[{"conditions":{"actorId":1,"actorValid":false,"itemId":1,"itemValid":false,"selfSwitchCh":"A","selfSwitchValid":false,"switch1Id":1,"switch1Valid":false,"switch2Id":1,"switch2Valid":false,"variableId":1,"variableValid":false,"variableValue":0},"directionFix":false,"image":{"tileId":0,"characterName":"Objetos/!$7-Monolito","direction":2,"pattern":0,"characterIndex":0},"moveFrequency":5,"moveRoute":{"list":[{"code":42,"indent":null,"parameters":[0]},{"code":0,"indent":null,"parameters":[]}],"repeat":false,"skippable":true,"wait":false},"moveSpeed":3,"moveType":3,"priorityType":1,"stepAnime":false,"through":false,"trigger":1,"walkAnime":false,"list":[{"code":108,"indent":0,"parameters":["----------------------------------------------------------------"]},{"code":408,"indent":0,"parameters":["Apertura"]},{"code":408,"indent":0,"parameters":["----------------------------------------------------------------"]},{"code":250,"indent":0,"parameters":[{"name":"Magic2","pan":0,"pitch":100,"volume":100}]},{"code":205,"indent":0,"parameters":[0,{"list":[{"code":42,"indent":null,"parameters":[25]},{"code":15,"indent":null,"parameters":[8]},{"code":42,"indent":null,"parameters":[50]},{"code":15,"indent":null,"parameters":[8]},{"code":42,"indent":null,"parameters":[75]},{"code":15,"indent":null,"parameters":[8]},{"code":42,"indent":null,"parameters":[100]},{"code":15,"indent":null,"parameters":[8]},{"code":42,"indent":null,"parameters":[125]},{"code":15,"indent":null,"parameters":[8]},{"code":42,"indent":null,"parameters":[150]},{"code":15,"indent":null,"parameters":[8]},{"code":42,"indent":null,"parameters":[175]},{"code":15,"indent":null,"parameters":[8]},{"code":42,"indent":null,"parameters":[200]},{"code":15,"indent":null,"parameters":[8]},{"code":42,"indent":null,"parameters":[225]},{"code":15,"indent":null,"parameters":[8]},{"code":42,"indent":null,"parameters":[255]},{"code":15,"indent":null,"parameters":[30]},{"code":0,"indent":null,"parameters":[]}],"repeat":false,"skippable":true,"wait":true}]},{"code":505,"indent":0,"parameters":[{"code":42,"indent":null,"parameters":[25]}]},{"code":505,"indent":0,"parameters":[{"code":15,"indent":null,"parameters":[8]}]},{"code":505,"indent":0,"parameters":[{"code":42,"indent":null,"parameters":[50]}]},{"code":505,"indent":0,"parameters":[{"code":15,"indent":null,"parameters":[8]}]},{"code":505,"indent":0,"parameters":[{"code":42,"indent":null,"parameters":[75]}]},{"code":505,"indent":0,"parameters":[{"code":15,"indent":null,"parameters":[8]}]},{"code":505,"indent":0,"parameters":[{"code":42,"indent":null,"parameters":[100]}]},{"code":505,"indent":0,"parameters":[{"code":15,"indent":null,"parameters":[8]}]},{"code":505,"indent":0,"parameters":[{"code":42,"indent":null,"parameters":[125]}]},{"code":505,"indent":0,"parameters":[{"code":15,"indent":null,"parameters":[8]}]},{"code":505,"indent":0,"parameters":[{"code":42,"indent":null,"parameters":[150]}]},{"code":505,"indent":0,"parameters":[{"code":15,"indent":null,"parameters":[8]}]},{"code":505,"indent":0,"parameters":[{"code":42,"indent":null,"parameters":[175]}]},{"code":505,"indent":0,"parameters":[{"code":15,"indent":null,"parameters":[8]}]},{"code":505,"indent":0,"parameters":[{"code":42,"indent":null,"parameters":[200]}]},{"code":505,"indent":0,"parameters":[{"code":15,"indent":null,"parameters":[8]}]},{"code":505,"indent":0,"parameters":[{"code":42,"indent":null,"parameters":[225]}]},{"code":505,"indent":0,"parameters":[{"code":15,"indent":null,"parameters":[8]}]},{"code":505,"indent":0,"parameters":[{"code":42,"indent":null,"parameters":[255]}]},{"code":505,"indent":0,"parameters":[{"code":15,"indent":null,"parameters":[30]}]},{"code":205,"indent":0,"parameters":[0,{"list":[{"code":44,"indent":null,"parameters":[{"name":"Earth3","pan":0,"pitch":90,"volume":100}]},{"code":17,"indent":null,"parameters":[]},{"code":15,"indent":null,"parameters":[28]},{"code":44,"indent":null,"parameters":[{"name":"Earth3","pan":0,"pitch":90,"volume":100}]},{"code":18,"indent":null,"parameters":[]},{"code":15,"indent":null,"parameters":[28]},{"code":19,"indent":null,"parameters":[]},{"code":44,"indent":null,"parameters":[{"name":"Earth3","pan":0,"pitch":90,"volume":100}]},{"code":0,"indent":null,"parameters":[]}],"repeat":false,"skippable":true,"wait":true}]},{"code":505,"indent":0,"parameters":[{"code":44,"indent":null,"parameters":[{"name":"Earth3","pan":0,"pitch":90,"volume":100}]}]},{"code":505,"indent":0,"parameters":[{"code":17,"indent":null,"parameters":[]}]},{"code":505,"indent":0,"parameters":[{"code":15,"indent":null,"parameters":[28]}]},{"code":505,"indent":0,"parameters":[{"code":44,"indent":null,"parameters":[{"name":"Earth3","pan":0,"pitch":90,"volume":100}]}]},{"code":505,"indent":0,"parameters":[{"code":18,"indent":null,"parameters":[]}]},{"code":505,"indent":0,"parameters":[{"code":15,"indent":null,"parameters":[28]}]},{"code":505,"indent":0,"parameters":[{"code":19,"indent":null,"parameters":[]}]},{"code":505,"indent":0,"parameters":[{"code":44,"indent":null,"parameters":[{"name":"Earth3","pan":0,"pitch":90,"volume":100}]}]},{"code":205,"indent":0,"parameters":[-1,{"list":[{"code":37,"indent":null,"parameters":[]},{"code":29,"indent":null,"parameters":[2]},{"code":12,"indent":null,"parameters":[]},{"code":29,"indent":null,"parameters":[4]},{"code":38,"indent":null,"parameters":[]},{"code":0,"indent":null,"parameters":[]}],"repeat":false,"skippable":true,"wait":true}]},{"code":505,"indent":0,"parameters":[{"code":37,"indent":null,"parameters":[]}]},{"code":505,"indent":0,"parameters":[{"code":29,"indent":null,"parameters":[2]}]},{"code":505,"indent":0,"parameters":[{"code":12,"indent":null,"parameters":[]}]},{"code":505,"indent":0,"parameters":[{"code":29,"indent":null,"parameters":[4]}]},{"code":505,"indent":0,"parameters":[{"code":38,"indent":null,"parameters":[]}]},{"code":250,"indent":0,"parameters":[{"name":"Teleport","pan":0,"pitch":100,"volume":100}]},{"code":201,"indent":0,"parameters":[0,3,10,3,2,1]},{"code":108,"indent":0,"parameters":["----------------------------------------------------------------"]},{"code":408,"indent":0,"parameters":["Cierre"]},{"code":408,"indent":0,"parameters":["----------------------------------------------------------------"]},{"code":205,"indent":0,"parameters":[0,{"list":[{"code":44,"indent":null,"parameters":[{"name":"Earth3","pan":0,"pitch":90,"volume":100}]},{"code":18,"indent":null,"parameters":[]},{"code":15,"indent":null,"parameters":[28]},{"code":44,"indent":null,"parameters":[{"name":"Earth3","pan":0,"pitch":90,"volume":100}]},{"code":17,"indent":null,"parameters":[]},{"code":15,"indent":null,"parameters":[28]},{"code":16,"indent":null,"parameters":[]},{"code":44,"indent":null,"parameters":[{"name":"Earth3","pan":0,"pitch":90,"volume":100}]},{"code":0,"indent":null,"parameters":[]}],"repeat":false,"skippable":true,"wait":true}]},{"code":505,"indent":0,"parameters":[{"code":44,"indent":null,"parameters":[{"name":"Earth3","pan":0,"pitch":90,"volume":100}]}]},{"code":505,"indent":0,"parameters":[{"code":18,"indent":null,"parameters":[]}]},{"code":505,"indent":0,"parameters":[{"code":15,"indent":null,"parameters":[28]}]},{"code":505,"indent":0,"parameters":[{"code":44,"indent":null,"parameters":[{"name":"Earth3","pan":0,"pitch":90,"volume":100}]}]},{"code":505,"indent":0,"parameters":[{"code":17,"indent":null,"parameters":[]}]},{"code":505,"indent":0,"parameters":[{"code":15,"indent":null,"parameters":[28]}]},{"code":505,"indent":0,"parameters":[{"code":16,"indent":null,"parameters":[]}]},{"code":505,"indent":0,"parameters":[{"code":44,"indent":null,"parameters":[{"name":"Earth3","pan":0,"pitch":90,"volume":100}]}]},{"code":250,"indent":0,"parameters":[{"name":"Magic2","pan":0,"pitch":80,"volume":100}]},{"code":205,"indent":0,"parameters":[0,{"list":[{"code":42,"indent":null,"parameters":[225]},{"code":15,"indent":null,"parameters":[8]},{"code":42,"indent":null,"parameters":[200]},{"code":15,"indent":null,"parameters":[8]},{"code":42,"indent":null,"parameters":[175]},{"code":15,"indent":null,"parameters":[8]},{"code":42,"indent":null,"parameters":[150]},{"code":15,"indent":null,"parameters":[8]},{"code":42,"indent":null,"parameters":[125]},{"code":15,"indent":null,"parameters":[8]},{"code":42,"indent":null,"parameters":[100]},{"code":15,"indent":null,"parameters":[8]},{"code":42,"indent":null,"parameters":[75]},{"code":15,"indent":null,"parameters":[8]},{"code":42,"indent":null,"parameters":[50]},{"code":15,"indent":null,"parameters":[8]},{"code":42,"indent":null,"parameters":[25]},{"code":15,"indent":null,"parameters":[8]},{"code":42,"indent":null,"parameters":[0]},{"code":15,"indent":null,"parameters":[30]},{"code":0,"indent":null,"parameters":[]}],"repeat":false,"skippable":true,"wait":true}]},{"code":505,"indent":0,"parameters":[{"code":42,"indent":null,"parameters":[225]}]},{"code":505,"indent":0,"parameters":[{"code":15,"indent":null,"parameters":[8]}]},{"code":505,"indent":0,"parameters":[{"code":42,"indent":null,"parameters":[200]}]},{"code":505,"indent":0,"parameters":[{"code":15,"indent":null,"parameters":[8]}]},{"code":505,"indent":0,"parameters":[{"code":42,"indent":null,"parameters":[175]}]},{"code":505,"indent":0,"parameters":[{"code":15,"indent":null,"parameters":[8]}]},{"code":505,"indent":0,"parameters":[{"code":42,"indent":null,"parameters":[150]}]},{"code":505,"indent":0,"parameters":[{"code":15,"indent":null,"parameters":[8]}]},{"code":505,"indent":0,"parameters":[{"code":42,"indent":null,"parameters":[125]}]},{"code":505,"indent":0,"parameters":[{"code":15,"indent":null,"parameters":[8]}]},{"code":505,"indent":0,"parameters":[{"code":42,"indent":null,"parameters":[100]}]},{"code":505,"indent":0,"parameters":[{"code":15,"indent":null,"parameters":[8]}]},{"code":505,"indent":0,"parameters":[{"code":42,"indent":null,"parameters":[75]}]},{"code":505,"indent":0,"parameters":[{"code":15,"indent":null,"parameters":[8]}]},{"code":505,"indent":0,"parameters":[{"code":42,"indent":null,"parameters":[50]}]},{"code":505,"indent":0,"parameters":[{"code":15,"indent":null,"parameters":[8]}]},{"code":505,"indent":0,"parameters":[{"code":42,"indent":null,"parameters":[25]}]},{"code":505,"indent":0,"parameters":[{"code":15,"indent":null,"parameters":[8]}]},{"code":505,"indent":0,"parameters":[{"code":42,"indent":null,"parameters":[0]}]},{"code":505,"indent":0,"parameters":[{"code":15,"indent":null,"parameters":[30]}]},{"code":0,"indent":0,"parameters":[]}]}],"x":7,"y":3},
{"id":4,"name":"Monilito Inf","note":"","pages":[{"conditions":{"actorId":1,"actorValid":false,"itemId":1,"itemValid":false,"selfSwitchCh":"A","selfSwitchValid":false,"switch1Id":1,"switch1Valid":false,"switch2Id":1,"switch2Valid":false,"variableId":1,"variableValid":false,"variableValue":0},"directionFix":true,"image":{"tileId":0,"characterName":"Objetos/!$7-Monolito","direction":2,"pattern":2,"characterIndex":0},"moveFrequency":5,"moveRoute":{"list":[{"code":42,"indent":null,"parameters":[0]},{"code":0,"indent":null,"parameters":[]}],"repeat":false,"skippable":true,"wait":false},"moveSpeed":3,"moveType":3,"priorityType":1,"stepAnime":false,"through":false,"trigger":1,"walkAnime":false,"list":[{"code":111,"indent":0,"parameters":[6,-1,8]},{"code":108,"indent":1,"parameters":["----------------------------------------------------------------"]},{"code":408,"indent":1,"parameters":["ON"]},{"code":408,"indent":1,"parameters":["----------------------------------------------------------------"]},{"code":250,"indent":1,"parameters":[{"name":"Magic2","pan":0,"pitch":100,"volume":100}]},{"code":205,"indent":1,"parameters":[0,{"list":[{"code":42,"indent":null,"parameters":[25]},{"code":15,"indent":null,"parameters":[7]},{"code":42,"indent":null,"parameters":[50]},{"code":15,"indent":null,"parameters":[7]},{"code":42,"indent":null,"parameters":[75]},{"code":15,"indent":null,"parameters":[7]},{"code":42,"indent":null,"parameters":[100]},{"code":15,"indent":null,"parameters":[7]},{"code":42,"indent":null,"parameters":[125]},{"code":15,"indent":null,"parameters":[7]},{"code":42,"indent":null,"parameters":[150]},{"code":15,"indent":null,"parameters":[7]},{"code":42,"indent":null,"parameters":[175]},{"code":15,"indent":null,"parameters":[7]},{"code":42,"indent":null,"parameters":[200]},{"code":15,"indent":null,"parameters":[7]},{"code":42,"indent":null,"parameters":[225]},{"code":15,"indent":null,"parameters":[7]},{"code":42,"indent":null,"parameters":[255]},{"code":15,"indent":null,"parameters":[30]},{"code":0,"indent":null,"parameters":[]}],"repeat":false,"skippable":false,"wait":false}]},{"code":505,"indent":1,"parameters":[{"code":42,"indent":null,"parameters":[25]}]},{"code":505,"indent":1,"parameters":[{"code":15,"indent":null,"parameters":[7]}]},{"code":505,"indent":1,"parameters":[{"code":42,"indent":null,"parameters":[50]}]},{"code":505,"indent":1,"parameters":[{"code":15,"indent":null,"parameters":[7]}]},{"code":505,"indent":1,"parameters":[{"code":42,"indent":null,"parameters":[75]}]},{"code":505,"indent":1,"parameters":[{"code":15,"indent":null,"parameters":[7]}]},{"code":505,"indent":1,"parameters":[{"code":42,"indent":null,"parameters":[100]}]},{"code":505,"indent":1,"parameters":[{"code":15,"indent":null,"parameters":[7]}]},{"code":505,"indent":1,"parameters":[{"code":42,"indent":null,"parameters":[125]}]},{"code":505,"indent":1,"parameters":[{"code":15,"indent":null,"parameters":[7]}]},{"code":505,"indent":1,"parameters":[{"code":42,"indent":null,"parameters":[150]}]},{"code":505,"indent":1,"parameters":[{"code":15,"indent":null,"parameters":[7]}]},{"code":505,"indent":1,"parameters":[{"code":42,"indent":null,"parameters":[175]}]},{"code":505,"indent":1,"parameters":[{"code":15,"indent":null,"parameters":[7]}]},{"code":505,"indent":1,"parameters":[{"code":42,"indent":null,"parameters":[200]}]},{"code":505,"indent":1,"parameters":[{"code":15,"indent":null,"parameters":[7]}]},{"code":505,"indent":1,"parameters":[{"code":42,"indent":null,"parameters":[225]}]},{"code":505,"indent":1,"parameters":[{"code":15,"indent":null,"parameters":[7]}]},{"code":505,"indent":1,"parameters":[{"code":42,"indent":null,"parameters":[255]}]},{"code":505,"indent":1,"parameters":[{"code":15,"indent":null,"parameters":[30]}]},{"code":205,"indent":1,"parameters":[5,{"list":[{"code":42,"indent":null,"parameters":[25]},{"code":15,"indent":null,"parameters":[7]},{"code":42,"indent":null,"parameters":[50]},{"code":15,"indent":null,"parameters":[7]},{"code":42,"indent":null,"parameters":[75]},{"code":15,"indent":null,"parameters":[7]},{"code":42,"indent":null,"parameters":[100]},{"code":15,"indent":null,"parameters":[7]},{"code":42,"indent":null,"parameters":[125]},{"code":15,"indent":null,"parameters":[7]},{"code":42,"indent":null,"parameters":[150]},{"code":15,"indent":null,"parameters":[7]},{"code":42,"indent":null,"parameters":[175]},{"code":15,"indent":null,"parameters":[7]},{"code":42,"indent":null,"parameters":[200]},{"code":15,"indent":null,"parameters":[7]},{"code":42,"indent":null,"parameters":[225]},{"code":15,"indent":null,"parameters":[7]},{"code":42,"indent":null,"parameters":[255]},{"code":15,"indent":null,"parameters":[30]},{"code":0,"indent":null,"parameters":[]}],"repeat":false,"skippable":false,"wait":true}]},{"code":505,"indent":1,"parameters":[{"code":42,"indent":null,"parameters":[25]}]},{"code":505,"indent":1,"parameters":[{"code":15,"indent":null,"parameters":[7]}]},{"code":505,"indent":1,"parameters":[{"code":42,"indent":null,"parameters":[50]}]},{"code":505,"indent":1,"parameters":[{"code":15,"indent":null,"parameters":[7]}]},{"code":505,"indent":1,"parameters":[{"code":42,"indent":null,"parameters":[75]}]},{"code":505,"indent":1,"parameters":[{"code":15,"indent":null,"parameters":[7]}]},{"code":505,"indent":1,"parameters":[{"code":42,"indent":null,"parameters":[100]}]},{"code":505,"indent":1,"parameters":[{"code":15,"indent":null,"parameters":[7]}]},{"code":505,"indent":1,"parameters":[{"code":42,"indent":null,"parameters":[125]}]},{"code":505,"indent":1,"parameters":[{"code":15,"indent":null,"parameters":[7]}]},{"code":505,"indent":1,"parameters":[{"code":42,"indent":null,"parameters":[150]}]},{"code":505,"indent":1,"parameters":[{"code":15,"indent":null,"parameters":[7]}]},{"code":505,"indent":1,"parameters":[{"code":42,"indent":null,"parameters":[175]}]},{"code":505,"indent":1,"parameters":[{"code":15,"indent":null,"parameters":[7]}]},{"code":505,"indent":1,"parameters":[{"code":42,"indent":null,"parameters":[200]}]},{"code":505,"indent":1,"parameters":[{"code":15,"indent":null,"parameters":[7]}]},{"code":505,"indent":1,"parameters":[{"code":42,"indent":null,"parameters":[225]}]},{"code":505,"indent":1,"parameters":[{"code":15,"indent":null,"parameters":[7]}]},{"code":505,"indent":1,"parameters":[{"code":42,"indent":null,"parameters":[255]}]},{"code":505,"indent":1,"parameters":[{"code":15,"indent":null,"parameters":[30]}]},{"code":123,"indent":1,"parameters":["A",0]},{"code":0,"indent":1,"parameters":[]},{"code":412,"indent":0,"parameters":[]},{"code":0,"indent":0,"parameters":[]}]},{"conditions":{"actorId":1,"actorValid":false,"itemId":1,"itemValid":false,"selfSwitchCh":"A","selfSwitchValid":true,"switch1Id":1,"switch1Valid":false,"switch2Id":1,"switch2Valid":false,"variableId":1,"variableValid":false,"variableValue":0},"directionFix":true,"image":{"tileId":0,"characterName":"!$2k3k_Monument","direction":2,"pattern":2,"characterIndex":0},"moveFrequency":5,"moveRoute":{"list":[{"code":42,"indent":null,"parameters":[0]},{"code":0,"indent":null,"parameters":[]}],"repeat":false,"skippable":true,"wait":false},"moveSpeed":3,"moveType":0,"priorityType":1,"stepAnime":false,"through":false,"trigger":1,"walkAnime":false,"list":[{"code":111,"indent":0,"parameters":[6,-1,8]},{"code":108,"indent":1,"parameters":["----------------------------------------------------------------"]},{"code":408,"indent":1,"parameters":["OFF"]},{"code":408,"indent":1,"parameters":["----------------------------------------------------------------"]},{"code":250,"indent":1,"parameters":[{"name":"Magic2","pan":0,"pitch":80,"volume":100}]},{"code":205,"indent":1,"parameters":[0,{"list":[{"code":42,"indent":null,"parameters":[225]},{"code":15,"indent":null,"parameters":[7]},{"code":42,"indent":null,"parameters":[200]},{"code":15,"indent":null,"parameters":[7]},{"code":42,"indent":null,"parameters":[175]},{"code":15,"indent":null,"parameters":[7]},{"code":42,"indent":null,"parameters":[150]},{"code":15,"indent":null,"parameters":[7]},{"code":42,"indent":null,"parameters":[125]},{"code":15,"indent":null,"parameters":[7]},{"code":42,"indent":null,"parameters":[100]},{"code":15,"indent":null,"parameters":[7]},{"code":42,"indent":null,"parameters":[75]},{"code":15,"indent":null,"parameters":[7]},{"code":42,"indent":null,"parameters":[50]},{"code":15,"indent":null,"parameters":[7]},{"code":42,"indent":null,"parameters":[25]},{"code":15,"indent":null,"parameters":[7]},{"code":42,"indent":null,"parameters":[0]},{"code":15,"indent":null,"parameters":[30]},{"code":0,"indent":null,"parameters":[]}],"repeat":false,"skippable":false,"wait":false}]},{"code":505,"indent":1,"parameters":[{"code":42,"indent":null,"parameters":[225]}]},{"code":505,"indent":1,"parameters":[{"code":15,"indent":null,"parameters":[7]}]},{"code":505,"indent":1,"parameters":[{"code":42,"indent":null,"parameters":[200]}]},{"code":505,"indent":1,"parameters":[{"code":15,"indent":null,"parameters":[7]}]},{"code":505,"indent":1,"parameters":[{"code":42,"indent":null,"parameters":[175]}]},{"code":505,"indent":1,"parameters":[{"code":15,"indent":null,"parameters":[7]}]},{"code":505,"indent":1,"parameters":[{"code":42,"indent":null,"parameters":[150]}]},{"code":505,"indent":1,"parameters":[{"code":15,"indent":null,"parameters":[7]}]},{"code":505,"indent":1,"parameters":[{"code":42,"indent":null,"parameters":[125]}]},{"code":505,"indent":1,"parameters":[{"code":15,"indent":null,"parameters":[7]}]},{"code":505,"indent":1,"parameters":[{"code":42,"indent":null,"parameters":[100]}]},{"code":505,"indent":1,"parameters":[{"code":15,"indent":null,"parameters":[7]}]},{"code":505,"indent":1,"parameters":[{"code":42,"indent":null,"parameters":[75]}]},{"code":505,"indent":1,"parameters":[{"code":15,"indent":null,"parameters":[7]}]},{"code":505,"indent":1,"parameters":[{"code":42,"indent":null,"parameters":[50]}]},{"code":505,"indent":1,"parameters":[{"code":15,"indent":null,"parameters":[7]}]},{"code":505,"indent":1,"parameters":[{"code":42,"indent":null,"parameters":[25]}]},{"code":505,"indent":1,"parameters":[{"code":15,"indent":null,"parameters":[7]}]},{"code":505,"indent":1,"parameters":[{"code":42,"indent":null,"parameters":[0]}]},{"code":505,"indent":1,"parameters":[{"code":15,"indent":null,"parameters":[30]}]},{"code":205,"indent":1,"parameters":[5,{"list":[{"code":42,"indent":null,"parameters":[225]},{"code":15,"indent":null,"parameters":[7]},{"code":42,"indent":null,"parameters":[200]},{"code":15,"indent":null,"parameters":[7]},{"code":42,"indent":null,"parameters":[175]},{"code":15,"indent":null,"parameters":[7]},{"code":42,"indent":null,"parameters":[150]},{"code":15,"indent":null,"parameters":[7]},{"code":42,"indent":null,"parameters":[125]},{"code":15,"indent":null,"parameters":[7]},{"code":42,"indent":null,"parameters":[100]},{"code":15,"indent":null,"parameters":[7]},{"code":42,"indent":null,"parameters":[75]},{"code":15,"indent":null,"parameters":[7]},{"code":42,"indent":null,"parameters":[50]},{"code":15,"indent":null,"parameters":[7]},{"code":42,"indent":null,"parameters":[25]},{"code":15,"indent":null,"parameters":[7]},{"code":42,"indent":null,"parameters":[0]},{"code":15,"indent":null,"parameters":[30]},{"code":0,"indent":null,"parameters":[]}],"repeat":false,"skippable":false,"wait":true}]},{"code":505,"indent":1,"parameters":[{"code":42,"indent":null,"parameters":[225]}]},{"code":505,"indent":1,"parameters":[{"code":15,"indent":null,"parameters":[7]}]},{"code":505,"indent":1,"parameters":[{"code":42,"indent":null,"parameters":[200]}]},{"code":505,"indent":1,"parameters":[{"code":15,"indent":null,"parameters":[7]}]},{"code":505,"indent":1,"parameters":[{"code":42,"indent":null,"parameters":[175]}]},{"code":505,"indent":1,"parameters":[{"code":15,"indent":null,"parameters":[7]}]},{"code":505,"indent":1,"parameters":[{"code":42,"indent":null,"parameters":[150]}]},{"code":505,"indent":1,"parameters":[{"code":15,"indent":null,"parameters":[7]}]},{"code":505,"indent":1,"parameters":[{"code":42,"indent":null,"parameters":[125]}]},{"code":505,"indent":1,"parameters":[{"code":15,"indent":null,"parameters":[7]}]},{"code":505,"indent":1,"parameters":[{"code":42,"indent":null,"parameters":[100]}]},{"code":505,"indent":1,"parameters":[{"code":15,"indent":null,"parameters":[7]}]},{"code":505,"indent":1,"parameters":[{"code":42,"indent":null,"parameters":[75]}]},{"code":505,"indent":1,"parameters":[{"code":15,"indent":null,"parameters":[7]}]},{"code":505,"indent":1,"parameters":[{"code":42,"indent":null,"parameters":[50]}]},{"code":505,"indent":1,"parameters":[{"code":15,"indent":null,"parameters":[7]}]},{"code":505,"indent":1,"parameters":[{"code":42,"indent":null,"parameters":[25]}]},{"code":505,"indent":1,"parameters":[{"code":15,"indent":null,"parameters":[7]}]},{"code":505,"indent":1,"parameters":[{"code":42,"indent":null,"parameters":[0]}]},{"code":505,"indent":1,"parameters":[{"code":15,"indent":null,"parameters":[30]}]},{"code":123,"indent":1,"parameters":["A",1]},{"code":0,"indent":1,"parameters":[]},{"code":412,"indent":0,"parameters":[]},{"code":0,"indent":0,"parameters":[]}]}],"x":11,"y":3},
{"id":5,"name":"Monolito Sup","note":"","pages":[{"conditions":{"actorId":1,"actorValid":false,"itemId":1,"itemValid":false,"selfSwitchCh":"A","selfSwitchValid":false,"switch1Id":1,"switch1Valid":false,"switch2Id":1,"switch2Valid":false,"variableId":1,"variableValid":false,"variableValue":0},"directionFix":false,"image":{"tileId":0,"characterName":"Objetos/!$7-Monolito","direction":4,"pattern":2,"characterIndex":0},"moveFrequency":5,"moveRoute":{"list":[{"code":42,"indent":null,"parameters":[0]},{"code":0,"indent":null,"parameters":[]}],"repeat":false,"skippable":true,"wait":false},"moveSpeed":3,"moveType":3,"priorityType":2,"stepAnime":false,"through":false,"trigger":0,"walkAnime":false,"list":[{"code":0,"indent":0,"parameters":[]}]}],"x":11,"y":2},
{"id":6,"name":"Salida Arriba","note":"","pages":[{"conditions":{"actorId":1,"actorValid":false,"itemId":1,"itemValid":false,"selfSwitchCh":"A","selfSwitchValid":false,"switch1Id":1,"switch1Valid":false,"switch2Id":1,"switch2Valid":false,"variableId":1,"variableValid":false,"variableValue":0},"directionFix":false,"image":{"tileId":0,"characterName":"","direction":2,"pattern":1,"characterIndex":4},"moveFrequency":5,"moveRoute":{"list":[{"code":20,"indent":null,"parameters":[]},{"code":15,"indent":null,"parameters":[6]},{"code":0,"indent":null,"parameters":[]}],"repeat":true,"skippable":true,"wait":false},"moveSpeed":6,"moveType":3,"priorityType":0,"stepAnime":false,"through":false,"trigger":1,"walkAnime":false,"list":[{"code":108,"indent":0,"parameters":["--------------------------"]},{"code":408,"indent":0,"parameters":["-  Grabamos ID del mapa  -"]},{"code":408,"indent":0,"parameters":["--------------------------"]},{"code":122,"indent":0,"parameters":[1,1,0,4,"$gameMap.displayName()"]},{"code":108,"indent":0,"parameters":["--------------------------"]},{"code":408,"indent":0,"parameters":["-  Cambiamos fondo save  -"]},{"code":408,"indent":0,"parameters":["--------------------------"]},{"code":357,"indent":0,"parameters":["VisuMZ_1_SaveCore","SavePicture","Save: Set Picture",{"Filename:str":"guardado/bosque"}]},{"code":657,"indent":0,"parameters":["Filename = guardado/bosque"]},{"code":108,"indent":0,"parameters":["--------------------------"]},{"code":408,"indent":0,"parameters":["-     Teletransporte     -"]},{"code":408,"indent":0,"parameters":["--------------------------"]},{"code":250,"indent":0,"parameters":[{"name":"Move1","volume":90,"pitch":100,"pan":0}]},{"code":201,"indent":0,"parameters":[0,3,2,5,8,0]},{"code":0,"indent":0,"parameters":[]}]},{"conditions":{"actorId":1,"actorValid":false,"itemId":1,"itemValid":false,"selfSwitchCh":"A","selfSwitchValid":false,"switch1Id":3,"switch1Valid":true,"switch2Id":1,"switch2Valid":false,"variableId":1,"variableValid":false,"variableValue":0},"directionFix":false,"image":{"tileId":0,"characterName":"Objetos/!7-Flechas","direction":2,"pattern":1,"characterIndex":4},"moveFrequency":5,"moveRoute":{"list":[{"code":20,"indent":null,"parameters":[]},{"code":15,"indent":null,"parameters":[6]},{"code":0,"indent":null,"parameters":[]}],"repeat":true,"skippable":true,"wait":false},"moveSpeed":6,"moveType":3,"priorityType":0,"stepAnime":false,"through":false,"trigger":1,"walkAnime":false,"list":[{"code":108,"indent":0,"parameters":["--------------------------"]},{"code":408,"indent":0,"parameters":["-  Grabamos ID del mapa  -"]},{"code":408,"indent":0,"parameters":["--------------------------"]},{"code":122,"indent":0,"parameters":[1,1,0,4,"$gameMap.displayName()"]},{"code":108,"indent":0,"parameters":["--------------------------"]},{"code":408,"indent":0,"parameters":["-  Cambiamos fondo save  -"]},{"code":408,"indent":0,"parameters":["--------------------------"]},{"code":357,"indent":0,"parameters":["VisuMZ_1_SaveCore","SavePicture","Save: Set Picture",{"Filename:str":"guardado/bosque"}]},{"code":657,"indent":0,"parameters":["Filename = guardado/bosque"]},{"code":108,"indent":0,"parameters":["--------------------------"]},{"code":408,"indent":0,"parameters":["-     Teletransporte     -"]},{"code":408,"indent":0,"parameters":["--------------------------"]},{"code":250,"indent":0,"parameters":[{"name":"Move1","volume":90,"pitch":100,"pan":0}]},{"code":201,"indent":0,"parameters":[0,3,2,5,8,0]},{"code":0,"indent":0,"parameters":[]}]}],"x":15,"y":2},
{"id":7,"name":"Salida Abajo","note":"","pages":[{"conditions":{"actorId":1,"actorValid":false,"itemId":1,"itemValid":false,"selfSwitchCh":"A","selfSwitchValid":false,"switch1Id":1,"switch1Valid":false,"switch2Id":1,"switch2Valid":false,"variableId":1,"variableValid":false,"variableValue":0},"directionFix":false,"image":{"tileId":0,"characterName":"","direction":2,"pattern":1,"characterIndex":4},"moveFrequency":5,"moveRoute":{"list":[{"code":20,"indent":null,"parameters":[]},{"code":15,"indent":null,"parameters":[6]},{"code":0,"indent":null,"parameters":[]}],"repeat":true,"skippable":true,"wait":false},"moveSpeed":6,"moveType":3,"priorityType":0,"stepAnime":false,"through":false,"trigger":1,"walkAnime":false,"list":[{"code":108,"indent":0,"parameters":["--------------------------"]},{"code":408,"indent":0,"parameters":["-  Grabamos ID del mapa  -"]},{"code":408,"indent":0,"parameters":["--------------------------"]},{"code":122,"indent":0,"parameters":[1,1,0,4,"$gameMap.displayName()"]},{"code":108,"indent":0,"parameters":["--------------------------"]},{"code":408,"indent":0,"parameters":["-  Cambiamos fondo save  -"]},{"code":408,"indent":0,"parameters":["--------------------------"]},{"code":357,"indent":0,"parameters":["VisuMZ_1_SaveCore","SavePicture","Save: Set Picture",{"Filename:str":"guardado/bosque"}]},{"code":657,"indent":0,"parameters":["Filename = guardado/bosque"]},{"code":108,"indent":0,"parameters":["--------------------------"]},{"code":408,"indent":0,"parameters":["-     Teletransporte     -"]},{"code":408,"indent":0,"parameters":["--------------------------"]},{"code":250,"indent":0,"parameters":[{"name":"Move1","volume":90,"pitch":100,"pan":0}]},{"code":201,"indent":0,"parameters":[0,3,2,5,8,0]},{"code":0,"indent":0,"parameters":[]}]},{"conditions":{"actorId":1,"actorValid":false,"itemId":1,"itemValid":false,"selfSwitchCh":"A","selfSwitchValid":false,"switch1Id":3,"switch1Valid":true,"switch2Id":1,"switch2Valid":false,"variableId":1,"variableValid":false,"variableValue":0},"directionFix":false,"image":{"tileId":0,"characterName":"Objetos/!7-Flechas","direction":2,"pattern":0,"characterIndex":4},"moveFrequency":5,"moveRoute":{"list":[{"code":20,"indent":null,"parameters":[]},{"code":15,"indent":null,"parameters":[6]},{"code":0,"indent":null,"parameters":[]}],"repeat":true,"skippable":true,"wait":false},"moveSpeed":6,"moveType":3,"priorityType":0,"stepAnime":false,"through":false,"trigger":1,"walkAnime":false,"list":[{"code":108,"indent":0,"parameters":["--------------------------"]},{"code":408,"indent":0,"parameters":["-  Grabamos ID del mapa  -"]},{"code":408,"indent":0,"parameters":["--------------------------"]},{"code":122,"indent":0,"parameters":[1,1,0,4,"$gameMap.displayName()"]},{"code":108,"indent":0,"parameters":["--------------------------"]},{"code":408,"indent":0,"parameters":["-  Cambiamos fondo save  -"]},{"code":408,"indent":0,"parameters":["--------------------------"]},{"code":357,"indent":0,"parameters":["VisuMZ_1_SaveCore","SavePicture","Save: Set Picture",{"Filename:str":"guardado/bosque"}]},{"code":657,"indent":0,"parameters":["Filename = guardado/bosque"]},{"code":108,"indent":0,"parameters":["--------------------------"]},{"code":408,"indent":0,"parameters":["-     Teletransporte     -"]},{"code":408,"indent":0,"parameters":["--------------------------"]},{"code":250,"indent":0,"parameters":[{"name":"Move1","volume":90,"pitch":100,"pan":0}]},{"code":201,"indent":0,"parameters":[0,3,2,5,8,0]},{"code":0,"indent":0,"parameters":[]}]}],"x":15,"y":3},
{"id":8,"name":"Salida Izquierda","note":"","pages":[{"conditions":{"actorId":1,"actorValid":false,"itemId":1,"itemValid":false,"selfSwitchCh":"A","selfSwitchValid":false,"switch1Id":1,"switch1Valid":false,"switch2Id":1,"switch2Valid":false,"variableId":1,"variableValid":false,"variableValue":0},"directionFix":false,"image":{"tileId":0,"characterName":"","direction":2,"pattern":2,"characterIndex":4},"moveFrequency":5,"moveRoute":{"list":[{"code":20,"indent":null,"parameters":[]},{"code":15,"indent":null,"parameters":[6]},{"code":0,"indent":null,"parameters":[]}],"repeat":true,"skippable":true,"wait":false},"moveSpeed":6,"moveType":3,"priorityType":0,"stepAnime":false,"through":false,"trigger":1,"walkAnime":false,"list":[{"code":108,"indent":0,"parameters":["--------------------------"]},{"code":408,"indent":0,"parameters":["-  Grabamos ID del mapa  -"]},{"code":408,"indent":0,"parameters":["--------------------------"]},{"code":122,"indent":0,"parameters":[1,1,0,4,"$gameMap.displayName()"]},{"code":108,"indent":0,"parameters":["--------------------------"]},{"code":408,"indent":0,"parameters":["-  Cambiamos fondo save  -"]},{"code":408,"indent":0,"parameters":["--------------------------"]},{"code":357,"indent":0,"parameters":["VisuMZ_1_SaveCore","SavePicture","Save: Set Picture",{"Filename:str":"guardado/bosque"}]},{"code":657,"indent":0,"parameters":["Filename = guardado/bosque"]},{"code":108,"indent":0,"parameters":["--------------------------"]},{"code":408,"indent":0,"parameters":["-     Teletransporte     -"]},{"code":408,"indent":0,"parameters":["--------------------------"]},{"code":250,"indent":0,"parameters":[{"name":"Move1","volume":90,"pitch":100,"pan":0}]},{"code":201,"indent":0,"parameters":[0,3,2,5,8,0]},{"code":0,"indent":0,"parameters":[]}]},{"conditions":{"actorId":1,"actorValid":false,"itemId":1,"itemValid":false,"selfSwitchCh":"A","selfSwitchValid":false,"switch1Id":3,"switch1Valid":true,"switch2Id":1,"switch2Valid":false,"variableId":1,"variableValid":false,"variableValue":0},"directionFix":false,"image":{"tileId":0,"characterName":"Objetos/!7-Flechas","direction":2,"pattern":2,"characterIndex":4},"moveFrequency":5,"moveRoute":{"list":[{"code":20,"indent":null,"parameters":[]},{"code":15,"indent":null,"parameters":[6]},{"code":0,"indent":null,"parameters":[]}],"repeat":true,"skippable":true,"wait":false},"moveSpeed":6,"moveType":3,"priorityType":0,"stepAnime":false,"through":false,"trigger":1,"walkAnime":false,"list":[{"code":108,"indent":0,"parameters":["--------------------------"]},{"code":408,"indent":0,"parameters":["-  Grabamos ID del mapa  -"]},{"code":408,"indent":0,"parameters":["--------------------------"]},{"code":122,"indent":0,"parameters":[1,1,0,4,"$gameMap.displayName()"]},{"code":108,"indent":0,"parameters":["--------------------------"]},{"code":408,"indent":0,"parameters":["-  Cambiamos fondo save  -"]},{"code":408,"indent":0,"parameters":["--------------------------"]},{"code":357,"indent":0,"parameters":["VisuMZ_1_SaveCore","SavePicture","Save: Set Picture",{"Filename:str":"guardado/bosque"}]},{"code":657,"indent":0,"parameters":["Filename = guardado/bosque"]},{"code":108,"indent":0,"parameters":["--------------------------"]},{"code":408,"indent":0,"parameters":["-     Teletransporte     -"]},{"code":408,"indent":0,"parameters":["--------------------------"]},{"code":250,"indent":0,"parameters":[{"name":"Move1","volume":90,"pitch":100,"pan":0}]},{"code":201,"indent":0,"parameters":[0,3,2,5,8,0]},{"code":0,"indent":0,"parameters":[]}]}],"x":14,"y":3},
{"id":9,"name":"Salida Derecha","note":"","pages":[{"conditions":{"actorId":1,"actorValid":false,"itemId":1,"itemValid":false,"selfSwitchCh":"A","selfSwitchValid":false,"switch1Id":1,"switch1Valid":false,"switch2Id":1,"switch2Valid":false,"variableId":1,"variableValid":false,"variableValue":0},"directionFix":false,"image":{"tileId":0,"characterName":"","direction":2,"pattern":2,"characterIndex":4},"moveFrequency":5,"moveRoute":{"list":[{"code":20,"indent":null,"parameters":[]},{"code":15,"indent":null,"parameters":[6]},{"code":0,"indent":null,"parameters":[]}],"repeat":true,"skippable":true,"wait":false},"moveSpeed":6,"moveType":3,"priorityType":0,"stepAnime":false,"through":false,"trigger":1,"walkAnime":false,"list":[{"code":108,"indent":0,"parameters":["--------------------------"]},{"code":408,"indent":0,"parameters":["-  Grabamos ID del mapa  -"]},{"code":408,"indent":0,"parameters":["--------------------------"]},{"code":122,"indent":0,"parameters":[1,1,0,4,"$gameMap.displayName()"]},{"code":108,"indent":0,"parameters":["--------------------------"]},{"code":408,"indent":0,"parameters":["-  Cambiamos fondo save  -"]},{"code":408,"indent":0,"parameters":["--------------------------"]},{"code":357,"indent":0,"parameters":["VisuMZ_1_SaveCore","SavePicture","Save: Set Picture",{"Filename:str":"guardado/bosque"}]},{"code":657,"indent":0,"parameters":["Filename = guardado/bosque"]},{"code":108,"indent":0,"parameters":["--------------------------"]},{"code":408,"indent":0,"parameters":["-     Teletransporte     -"]},{"code":408,"indent":0,"parameters":["--------------------------"]},{"code":250,"indent":0,"parameters":[{"name":"Move1","volume":90,"pitch":100,"pan":0}]},{"code":201,"indent":0,"parameters":[0,3,2,5,8,0]},{"code":0,"indent":0,"parameters":[]}]},{"conditions":{"actorId":1,"actorValid":false,"itemId":1,"itemValid":false,"selfSwitchCh":"A","selfSwitchValid":false,"switch1Id":3,"switch1Valid":true,"switch2Id":1,"switch2Valid":false,"variableId":1,"variableValid":false,"variableValue":0},"directionFix":false,"image":{"tileId":0,"characterName":"Objetos/!7-Flechas","direction":2,"pattern":0,"characterIndex":5},"moveFrequency":5,"moveRoute":{"list":[{"code":20,"indent":null,"parameters":[]},{"code":15,"indent":null,"parameters":[6]},{"code":0,"indent":null,"parameters":[]}],"repeat":true,"skippable":true,"wait":false},"moveSpeed":6,"moveType":3,"priorityType":0,"stepAnime":false,"through":false,"trigger":1,"walkAnime":false,"list":[{"code":108,"indent":0,"parameters":["--------------------------"]},{"code":408,"indent":0,"parameters":["-  Grabamos ID del mapa  -"]},{"code":408,"indent":0,"parameters":["--------------------------"]},{"code":122,"indent":0,"parameters":[1,1,0,4,"$gameMap.displayName()"]},{"code":108,"indent":0,"parameters":["--------------------------"]},{"code":408,"indent":0,"parameters":["-  Cambiamos fondo save  -"]},{"code":408,"indent":0,"parameters":["--------------------------"]},{"code":357,"indent":0,"parameters":["VisuMZ_1_SaveCore","SavePicture","Save: Set Picture",{"Filename:str":"guardado/bosque"}]},{"code":657,"indent":0,"parameters":["Filename = guardado/bosque"]},{"code":108,"indent":0,"parameters":["--------------------------"]},{"code":408,"indent":0,"parameters":["-     Teletransporte     -"]},{"code":408,"indent":0,"parameters":["--------------------------"]},{"code":250,"indent":0,"parameters":[{"name":"Move1","volume":90,"pitch":100,"pan":0}]},{"code":201,"indent":0,"parameters":[0,3,2,5,8,0]},{"code":0,"indent":0,"parameters":[]}]}],"x":16,"y":3}
]
}