{
"autoplayBgm":false,"autoplayBgs":false,"battleback1Name":"","battleback2Name":"","bgm":{"name":"RTP-World","pan":0,"pitch":100,"volume":90},"bgs":{"name":"","pan":0,"pitch":100,"volume":90},"disableDashing":false,"displayName":"","encounterList":[],"encounterStep":30,"height":13,"note":"","parallaxLoopX":false,"parallaxLoopY":false,"parallaxName":"","parallaxShow":true,"parallaxSx":0,"parallaxSy":0,"scrollType":0,"specifyBattleback":false,"tilesetId":1,"width":17,
"data":[0,0,0,0,0,0,0,0,0,0,0,0,0,0,0,0,0,0,0,0,0,0,0,0,0,0,0,0,0,0,0,0,0,0,0,0,0,0,0,0,0,0,0,0,0,0,0,0,0,0,0,0,0,0,0,0,0,0,0,0,0,0,0,0,0,0,0,0,0,0,0,0,0,0,0,0,0,0,0,0,0,0,0,0,0,0,0,0,0,0,0,0,0,0,0,0,0,0,0,0,0,0,0,0,0,0,0,0,0,0,0,0,0,0,0,0,0,0,0,0,0,0,0,0,0,0,0,0,0,0,0,0,0,0,0,0,0,0,0,0,0,0,0,0,0,0,0,0,0,0,0,0,0,0,0,0,0,0,0,0,0,0,0,0,0,0,0,0,0,0,0,0,0,0,0,0,0,0,0,0,0,0,0,0,0,0,0,0,0,0,0,0,0,0,0,0,0,0,0,0,0,0,0,0,0,0,0,0,0,0,0,0,0,0,0,0,0,0,0,0,0,0,0,0,0,0,0,0,0,0,0,0,0,0,0,0,0,0,0,0,0,0,0,0,0,0,0,0,0,0,0,0,0,0,0,0,0,0,0,0,0,0,0,0,0,0,0,0,0,0,0,0,0,0,0,0,0,0,0,0,0,0,0,0,0,0,0,0,0,0,0,0,0,0,0,0,0,0,0,0,0,0,0,0,0,0,0,0,0,0,0,0,0,0,0,0,0,0,0,0,0,0,0,0,0,0,0,0,0,0,0,0,0,0,0,0,0,0,0,0,0,0,0,0,0,0,0,0,0,0,0,0,0,0,0,0,0,0,0,0,0,0,0,0,0,0,0,0,0,0,0,0,0,0,0,0,0,0,0,0,0,0,0,0,0,0,0,0,0,0,0,0,0,0,0,0,0,0,0,0,0,0,0,0,0,0,0,0,0,0,0,0,0,0,0,0,0,0,0,0,0,0,0,0,0,0,0,0,0,0,0,0,0,0,0,0,0,0,0,0,0,0,0,0,0,0,0,0,0,0,0,0,0,0,0,0,0,0,0,0,0,0,0,0,0,0,0,0,0,0,0,0,0,0,0,0,0,0,0,0,0,0,0,0,0,0,0,0,0,0,0,0,0,0,0,0,0,0,0,0,0,0,0,0,0,0,0,0,0,0,0,0,0,0,0,0,0,0,0,0,0,0,0,0,0,0,0,0,0,0,0,0,0,0,0,0,0,0,0,0,0,0,0,0,0,0,0,0,0,0,0,0,0,0,0,0,0,0,0,0,0,0,0,0,0,0,0,0,0,0,0,0,0,0,0,0,0,0,0,0,0,0,0,0,0,0,0,0,0,0,0,0,0,0,0,0,0,0,0,0,0,0,0,0,0,0,0,0,0,0,0,0,0,0,0,0,0,0,0,0,0,0,0,0,0,0,0,0,0,0,0,0,0,0,0,0,0,0,0,0,0,0,0,0,0,0,0,0,0,0,0,0,0,0,0,0,0,0,0,0,0,0,0,0,0,0,0,0,0,0,0,0,0,0,0,0,0,0,0,0,0,0,0,0,0,0,0,0,0,0,0,0,0,0,0,0,0,0,0,0,0,0,0,0,0,0,0,0,0,0,0,0,0,0,0,0,0,0,0,0,0,0,0,0,0,0,0,0,0,0,0,0,0,0,0,0,0,0,0,0,0,0,0,0,0,0,0,0,0,0,0,0,0,0,0,0,0,0,0,0,0,0,0,0,0,0,0,0,0,0,0,0,0,0,0,0,0,0,0,0,0,0,0,0,0,0,0,0,0,0,0,0,0,0,0,0,0,0,0,0,0,0,0,0,0,0,0,0,0,0,0,0,0,0,0,0,0,0,0,0,0,0,0,0,0,0,0,0,0,0,0,0,0,0,0,0,0,0,0,0,0,0,0,0,0,0,0,0,0,0,0,0,0,0,0,0,0,0,0,0,0,0,0,0,0,0,0,0,0,0,0,0,0,0,0,0,0,0,0,0,0,0,0,0,0,0,0,0,0,0,0,0,0,0,0,0,0,0,0,0,0,0,0,0,0,0,0,0,0,0,0,0,0,0,0,0,0,0,0,0,0,0,0,0,0,0,0,0,0,0,0,0,0,0,0,0,0,0,0,0,0,0,0,0,0,0,0,0,0,0,0,0,0,0,0,0,0,0,0,0,0,0,0,0,0,0,0,0,0,0,0,0,0,0,0,0,0,0,0,0,0,0,0,0,0,0,0,0,0,0,0,0,0,0,0,0,0,0,0,0,0,0,0,0,0,0,0,0,0,0,0,0,0,0,0,0,0,0,0,0,0,0,0,0,0,0,0,0,0,0,0,0,0,0,0,0,0,0,0,0,0,0,0,0,0,0,0,0,0,0,0,0,0,0,0,0,0,0,0,0,0,0,0,0,0,0,0,0,0,0,0,0,0,0,0,0,0,0,0,0,0,0,0,0,0,0,0,0,0,0,0,0,0,0,0,0,0,0,0,0,0,0,0,0,0,0,0,0,0,0,0,0,0,0,0,0,0,0,0,0,0,0,0,0,0,0,0,0,0,0,0,0,0,0,0,0,0,0,0,0,0,0,0,0,0,0,0,0,0,0,0,0,0,0,0,0,0,0,0,0,0,0,0,0,0,0,0,0,0,0,0,0,0,0,0,0,0,0,0,0,0,0,0,0,0,0,0,0,0,0,0,0,0,0,0,0,0,0,0,0,0,0,0,0,0,0,0,0,0,0,0,0,0,0,0,0,0,0,0,0,0,0,0,0,0,0,0,0,0,0,0,0,0,0,0,0,0,0,0,0,0,0,0,0,0,0,0,0,0,0,0,0,0,0,0,0,0,0,0,0,0,0,0,0,0,0,0,0,0,0,0,0,0,0,0,0,0,0,0,0,0,0,0,0,0,0,0,0,0,0,0,0,0,0,0,0,0,0,0,0,0,0,0,0,0,0,0,0,0,0,0,0,0,0,0,0,0,0,0,0,0,0,0,0,0,0],
"events":[
null,
{"id":1,"name":"Intro","note":"","pages":[{"conditions":{"actorId":1,"actorValid":false,"itemId":1,"itemValid":false,"selfSwitchCh":"A","selfSwitchValid":false,"switch1Id":1,"switch1Valid":false,"switch2Id":1,"switch2Valid":false,"variableId":1,"variableValid":false,"variableValue":0},"directionFix":false,"image":{"characterIndex":0,"characterName":"","direction":2,"pattern":0,"tileId":0},"list":[{"code":357,"indent":0,"parameters":["VisuMZ_2_QuestSystem","SystemEnableQuestMenu","System: Enable Quests in Menu?",{"Enable:eval":"false"}]},{"code":657,"indent":0,"parameters":["Enable/Disable? = false"]},{"code":230,"indent":0,"parameters":[120]},{"code":241,"indent":0,"parameters":[{"name":"RTP-World","volume":45,"pitch":100,"pan":0}]},{"code":357,"indent":0,"parameters":["VisuMZ_1_MessageCore","MessageWindowProperties","Message: Properties",{"Rows:num":"1","Width:num":"960","Center:eval":"true","WordWrap:str":"No Change"}]},{"code":657,"indent":0,"parameters":["Rows = 1"]},{"code":657,"indent":0,"parameters":["Width = 960"]},{"code":657,"indent":0,"parameters":["Center Window X? = true"]},{"code":657,"indent":0,"parameters":["Word Wrap = No Change"]},{"code":101,"indent":0,"parameters":["",0,2,1,""]},{"code":401,"indent":0,"parameters":["<center>La humanidad lleva siglos obsesionada con los héroes.\\.\\.\\.\\.\\.\\.\\^"]},{"code":357,"indent":0,"parameters":["VisuMZ_1_MessageCore","MessageWindowProperties","Message: Properties",{"Rows:num":"2","Width:num":"960","Center:eval":"true","WordWrap:str":"No Change"}]},{"code":657,"indent":0,"parameters":["Rows = 2"]},{"code":657,"indent":0,"parameters":["Width = 960"]},{"code":657,"indent":0,"parameters":["Center Window X? = true"]},{"code":657,"indent":0,"parameters":["Word Wrap = No Change"]},{"code":101,"indent":0,"parameters":["",0,2,1,""]},{"code":401,"indent":0,"parameters":["<center>Personas que aparecen en los momentos de mayor crisis"]},{"code":401,"indent":0,"parameters":["para resolver conflictos provocados por el mal.\\.\\.\\.\\.\\.\\.\\^"]},{"code":101,"indent":0,"parameters":["",0,2,1,""]},{"code":401,"indent":0,"parameters":["<center>Espadachines, magos, sacerdotes, reyes..."]},{"code":401,"indent":0,"parameters":["guerreros que han traído la luz para frenar el caos.\\.\\.\\.\\.\\.\\.\\^"]},{"code":101,"indent":0,"parameters":["",0,2,1,""]},{"code":401,"indent":0,"parameters":["<center>Batallas que se han transmitido de padres a hijos en"]},{"code":401,"indent":0,"parameters":["forma de leyendas, historias que definen su cultura y tradición.\\.\\.\\.\\.\\.\\.\\^"]},{"code":101,"indent":0,"parameters":["",0,2,1,""]},{"code":401,"indent":0,"parameters":["<center>Inspiración para los que vienen para a seguir el camino"]},{"code":401,"indent":0,"parameters":["del bien y todo aquello que desafía el orden establecido.\\.\\.\\.\\.\\.\\.\\^"]},{"code":101,"indent":0,"parameters":["",0,2,1,""]},{"code":401,"indent":0,"parameters":["<center>En tiempos de paz, cuando el mal no acecha y"]},{"code":401,"indent":0,"parameters":["parece vivir en una tregua permanente.\\.\\.\\.\\.\\.\\.\\^"]},{"code":357,"indent":0,"parameters":["VisuMZ_1_MessageCore","MessageWindowProperties","Message: Properties",{"Rows:num":"1","Width:num":"960","Center:eval":"true","WordWrap:str":"No Change"}]},{"code":657,"indent":0,"parameters":["Rows = 1"]},{"code":657,"indent":0,"parameters":["Width = 960"]},{"code":657,"indent":0,"parameters":["Center Window X? = true"]},{"code":657,"indent":0,"parameters":["Word Wrap = No Change"]},{"code":101,"indent":0,"parameters":["",0,2,1,""]},{"code":401,"indent":0,"parameters":["<center>¿Qué pasa con esos héroes?\\.\\.\\.\\.\\.\\.\\^"]},{"code":357,"indent":0,"parameters":["VisuMZ_1_MessageCore","MessageWindowProperties","Message: Properties",{"Rows:num":"3","Width:num":"960","Center:eval":"true","WordWrap:str":"No Change"}]},{"code":657,"indent":0,"parameters":["Rows = 3"]},{"code":657,"indent":0,"parameters":["Width = 960"]},{"code":657,"indent":0,"parameters":["Center Window X? = true"]},{"code":657,"indent":0,"parameters":["Word Wrap = No Change"]},{"code":101,"indent":0,"parameters":["",0,2,1,""]},{"code":401,"indent":0,"parameters":["<center>Y si... ¿esta vez no vienen con un propósito?"]},{"code":401,"indent":0,"parameters":["¿y si su mera existencia es capaz de provocar un conflicto"]},{"code":401,"indent":0,"parameters":["enorme por el pavor que causa su presencia?\\.\\.\\.\\.\\.\\.\\^"]},{"code":357,"indent":0,"parameters":["VisuMZ_1_MessageCore","MessageWindowProperties","Message: Properties",{"Rows:num":"1","Width:num":"960","Center:eval":"true","WordWrap:str":"No Change"}]},{"code":657,"indent":0,"parameters":["Rows = 1"]},{"code":657,"indent":0,"parameters":["Width = 960"]},{"code":657,"indent":0,"parameters":["Center Window X? = true"]},{"code":657,"indent":0,"parameters":["Word Wrap = No Change"]},{"code":230,"indent":0,"parameters":[60]},{"code":101,"indent":0,"parameters":["",0,2,1,""]},{"code":401,"indent":0,"parameters":["<center>¿Y si un héroe es simplemente una persona que sabe que es libre?\\.\\.\\.\\.\\.\\.\\^"]},{"code":231,"indent":0,"parameters":[1,"Titulo",0,0,0,0,100,100,0,0]},{"code":232,"indent":0,"parameters":[1,0,0,0,0,0,100,100,255,0,60,false,0]},{"code":224,"indent":0,"parameters":[[255,255,255,170],60,true]},{"code":230,"indent":0,"parameters":[300]},{"code":242,"indent":0,"parameters":[15]},{"code":230,"indent":0,"parameters":[600]},{"code":230,"indent":0,"parameters":[300]},{"code":232,"indent":0,"parameters":[1,0,0,0,0,0,100,100,0,0,60,false,0]},{"code":230,"indent":0,"parameters":[300]},{"code":357,"indent":0,"parameters":["VisuMZ_1_MessageCore","MessageWindowProperties","Message: Properties",{"Rows:num":"1","Width:num":"960","Center:eval":"true","WordWrap:str":"No Change"}]},{"code":657,"indent":0,"parameters":["Rows = 1"]},{"code":657,"indent":0,"parameters":["Width = 960"]},{"code":657,"indent":0,"parameters":["Center Window X? = true"]},{"code":657,"indent":0,"parameters":["Word Wrap = No Change"]},{"code":101,"indent":0,"parameters":["",0,2,1,""]},{"code":401,"indent":0,"parameters":["<center>\\..\\..\\.. Karga Egoera. Egiaztapena.\\.\\."]},{"code":101,"indent":0,"parameters":["",0,2,1,""]},{"code":401,"indent":0,"parameters":["<center>Ezinezkoa. Mugatik kanpo.\\.\\."]},{"code":101,"indent":0,"parameters":["",0,2,1,""]},{"code":401,"indent":0,"parameters":["<center>\\..\\..\\.. Karga Egoera. Egiaztapena.\\.\\."]},{"code":101,"indent":0,"parameters":["",0,2,1,""]},{"code":401,"indent":0,"parameters":["<center>Ehunez ehun. Karga zuzena.\\.\\."]},{"code":101,"indent":0,"parameters":["",0,2,1,""]},{"code":401,"indent":0,"parameters":["<center>Bota.\\.\\.\\.\\^"]},{"code":230,"indent":0,"parameters":[150]},{"code":101,"indent":0,"parameters":["",0,2,1,""]},{"code":401,"indent":0,"parameters":["<center>\\c[14]Rhuntime\\c[0].\\.\\.\\.\\^"]},{"code":223,"indent":0,"parameters":[[-255,-255,-255,0],60,true]},{"code":201,"indent":0,"parameters":[0,15,24,12,0,0]},{"code":0,"indent":0,"parameters":[]}],"moveFrequency":3,"moveRoute":{"list":[{"code":0,"parameters":[]}],"repeat":true,"skippable":false,"wait":false},"moveSpeed":3,"moveType":0,"priorityType":0,"stepAnime":false,"through":false,"trigger":3,"walkAnime":true}],"x":1,"y":0}
]
}