{
"autoplayBgm":false,"autoplayBgs":false,"battleback1Name":"","battleback2Name":"","bgm":{"name":"","pan":0,"pitch":100,"volume":90},"bgs":{"name":"","pan":0,"pitch":100,"volume":90},"disableDashing":false,"displayName":"","encounterList":[],"encounterStep":30,"height":7,"note":"","parallaxLoopX":false,"parallaxLoopY":false,"parallaxName":"","parallaxShow":true,"parallaxSx":0,"parallaxSy":0,"scrollType":0,"specifyBattleback":false,"tilesetId":14,"width":19,
"data":[2816,2816,2816,2816,2816,2816,2816,2816,2816,2816,2816,2816,2816,2816,2816,2816,2816,2816,2816,2816,2816,2816,2816,2816,2816,2816,2816,2816,2816,2816,2816,2816,2816,2816,2816,2816,2816,2816,2816,2816,2816,2816,2816,2816,2816,2816,2816,2816,2816,2816,2816,2816,2816,2816,2816,2816,2816,2816,2816,2816,2816,2816,2816,2816,2816,2816,2816,2816,2816,2816,2816,2816,2816,2816,2816,2816,2816,2816,2816,2816,2816,2816,2816,2816,2816,2816,2816,2816,2816,2816,2816,2816,2816,2816,2816,2816,2816,2816,2816,2816,2816,2816,2816,2816,2816,2816,2816,2816,2816,2816,2816,2816,2816,2816,2816,2816,2816,2816,2816,2816,2816,2816,2816,2816,2816,2816,2816,2816,2816,2816,2816,2816,2816,0,0,0,0,0,0,0,0,0,0,0,0,0,0,0,0,0,0,0,0,0,0,0,0,0,0,0,0,0,0,0,0,0,0,0,0,0,0,0,0,0,0,0,0,0,0,0,0,0,0,0,0,0,0,0,0,0,0,0,0,0,0,0,0,0,0,0,0,0,0,0,0,0,0,0,0,0,0,0,0,0,0,0,0,0,0,0,0,0,0,0,0,0,0,0,0,0,0,0,0,0,0,0,0,0,0,0,0,0,0,0,0,0,0,0,0,0,0,0,0,0,0,0,0,0,0,0,0,0,0,0,0,0,0,0,0,0,0,0,0,0,0,0,0,0,0,0,0,0,0,0,0,0,0,0,0,0,0,0,0,0,0,0,0,0,0,0,0,0,0,0,0,0,0,0,0,0,0,0,0,0,0,0,0,0,0,0,0,0,0,0,0,0,0,0,0,0,0,0,0,0,0,0,0,0,0,0,0,0,0,0,0,0,0,0,0,0,0,0,0,0,0,0,0,0,0,0,0,0,0,0,0,0,0,0,0,0,0,0,0,0,0,0,0,0,0,0,0,0,0,0,0,0,0,0,0,0,0,0,0,0,0,0,0,0,0,0,0,0,0,0,0,0,0,0,0,0,0,0,0,0,0,0,0,0,0,0,0,0,0,0,0,0,0,0,0,0,0,0,0,0,0,0,0,0,0,0,0,0,0,0,0,0,0,0,0,0,0,0,0,0,0,0,0,0,0,0,0,0,0,0,0,0,0,0,0,0,0,0,0,0,0,0,0,0,0,0,0,0,0,0,0,0,0,0,0,0,0,0,0,0,0,0,0,0,0,0,0,0,0,0,0,0,0,0,0,0,0,0,0,0,0,0,0,0,0,0,0,0,0,0,0,0,0,0,0,0,0,0,0,0,0,0,0,0,0,0,0,0,0,0,0,0,0,0,0,0,0,0,0,0,0,0,0,0,0,0,0,0,0,0,0,0,0,0,0,0,0,0,0,0,0,0,0,0,0,0,0,0,0,0,0,0,0,0,0,0,0,0,0,0,0,0,0,0,0,0,0,0,0,0,0,0,0,0,0,0,0,0,0,0,0,0,0,0,0,0,0,0,0,0,0,0,0,0,0,0,0,0,0,0,0,0,0,0,0,0,0,0,0,0,0,0,0,0,0,0,0,0,0,0,0,0,0,0,0,0,0,0,0,0,0,0,0,0,0,0,0,0,0,0,0,0,0,0,0,0,0,0,0,0,0,0,0,0,0,0,0,0,0,0,0,0,0,0,0,0,0,0,0,0,0,0,0,0,0,0,0,0,0,0,0,0,0,0,0,0,0,0,0,0,0,0,0,0,0,0,0,0,0,0,0,0,0,0,0,0,0,0,0,0,0,0,0,0,0,0,0,0,0,0,0,0,0,0,0,0,0,0,0,0,0,0,0,0,0,0,0,0,0,0,0,0,0,0,0,0,0,0,0,0,0,0,0,0,0,0,0,0,0,0,0,0,0,0],
"events":[
null,
{"id":1,"name":"Puerta Exterior","note":"","pages":[{"conditions":{"actorId":1,"actorValid":false,"itemId":1,"itemValid":false,"selfSwitchCh":"A","selfSwitchValid":false,"switch1Id":1,"switch1Valid":false,"switch2Id":1,"switch2Valid":false,"variableId":1,"variableValid":false,"variableValue":0},"directionFix":false,"image":{"tileId":0,"characterName":"Objetos/!7-PuertaDoble-0","direction":2,"pattern":0,"characterIndex":0},"moveFrequency":3,"moveRoute":{"list":[{"code":0,"indent":null,"parameters":[]}],"repeat":true,"skippable":false,"wait":false},"moveSpeed":3,"moveType":0,"priorityType":1,"stepAnime":false,"through":false,"trigger":1,"walkAnime":false,"list":[{"code":250,"indent":0,"parameters":[{"name":"Open1","pan":0,"pitch":100,"volume":100}]},{"code":205,"indent":0,"parameters":[0,{"list":[{"code":17,"indent":null,"parameters":[]},{"code":15,"indent":null,"parameters":[3]},{"code":18,"indent":null,"parameters":[]},{"code":15,"indent":null,"parameters":[3]},{"code":19,"indent":null,"parameters":[]},{"code":0,"indent":null,"parameters":[]}],"repeat":false,"skippable":false,"wait":true}]},{"code":505,"indent":0,"parameters":[{"code":17,"indent":null,"parameters":[]}]},{"code":505,"indent":0,"parameters":[{"code":15,"indent":null,"parameters":[3]}]},{"code":505,"indent":0,"parameters":[{"code":18,"indent":null,"parameters":[]}]},{"code":505,"indent":0,"parameters":[{"code":15,"indent":null,"parameters":[3]}]},{"code":505,"indent":0,"parameters":[{"code":19,"indent":null,"parameters":[]}]},{"code":123,"indent":0,"parameters":["A",0]},{"code":0,"indent":0,"parameters":[]}]},{"conditions":{"actorId":1,"actorValid":false,"itemId":1,"itemValid":false,"selfSwitchCh":"A","selfSwitchValid":true,"switch1Id":1,"switch1Valid":false,"switch2Id":1,"switch2Valid":false,"variableId":1,"variableValid":false,"variableValue":0},"directionFix":true,"image":{"tileId":0,"characterName":"Objetos/!7-PuertaDoble-0","direction":8,"pattern":0,"characterIndex":0},"moveFrequency":3,"moveRoute":{"list":[{"code":0,"indent":null,"parameters":[]}],"repeat":true,"skippable":false,"wait":false},"moveSpeed":3,"moveType":0,"priorityType":1,"stepAnime":false,"through":false,"trigger":1,"walkAnime":false,"list":[{"code":205,"indent":0,"parameters":[0,{"list":[{"code":36,"indent":null,"parameters":[]},{"code":18,"indent":null,"parameters":[]},{"code":15,"indent":null,"parameters":[3]},{"code":17,"indent":null,"parameters":[]},{"code":15,"indent":null,"parameters":[3]},{"code":16,"indent":null,"parameters":[]},{"code":0,"indent":null,"parameters":[]}],"repeat":false,"skippable":false,"wait":true}]},{"code":505,"indent":0,"parameters":[{"code":36,"indent":null,"parameters":[]}]},{"code":505,"indent":0,"parameters":[{"code":18,"indent":null,"parameters":[]}]},{"code":505,"indent":0,"parameters":[{"code":15,"indent":null,"parameters":[3]}]},{"code":505,"indent":0,"parameters":[{"code":17,"indent":null,"parameters":[]}]},{"code":505,"indent":0,"parameters":[{"code":15,"indent":null,"parameters":[3]}]},{"code":505,"indent":0,"parameters":[{"code":16,"indent":null,"parameters":[]}]},{"code":250,"indent":0,"parameters":[{"name":"Close1","pan":0,"pitch":100,"volume":100}]},{"code":123,"indent":0,"parameters":["A",1]},{"code":0,"indent":0,"parameters":[]}]}],"x":1,"y":2},
{"id":2,"name":"Puerta Interior","note":"","pages":[{"conditions":{"actorId":1,"actorValid":false,"itemId":1,"itemValid":false,"selfSwitchCh":"A","selfSwitchValid":false,"switch1Id":1,"switch1Valid":false,"switch2Id":1,"switch2Valid":false,"variableId":1,"variableValid":false,"variableValue":0},"directionFix":true,"image":{"tileId":0,"characterName":"Objetos/!7-PuertaDoble-0","direction":2,"pattern":0,"characterIndex":0},"moveFrequency":3,"moveRoute":{"list":[{"code":0,"indent":null,"parameters":[]}],"repeat":true,"skippable":false,"wait":false},"moveSpeed":3,"moveType":0,"priorityType":1,"stepAnime":false,"through":false,"trigger":1,"walkAnime":false,"list":[{"code":250,"indent":0,"parameters":[{"name":"Open1","pan":0,"pitch":100,"volume":100}]},{"code":205,"indent":0,"parameters":[0,{"list":[{"code":36,"indent":null,"parameters":[]},{"code":17,"indent":null,"parameters":[]},{"code":15,"indent":null,"parameters":[3]},{"code":18,"indent":null,"parameters":[]},{"code":15,"indent":null,"parameters":[3]},{"code":19,"indent":null,"parameters":[]},{"code":0,"indent":null,"parameters":[]}],"repeat":false,"skippable":false,"wait":true}]},{"code":505,"indent":0,"parameters":[{"code":36,"indent":null,"parameters":[]}]},{"code":505,"indent":0,"parameters":[{"code":17,"indent":null,"parameters":[]}]},{"code":505,"indent":0,"parameters":[{"code":15,"indent":null,"parameters":[3]}]},{"code":505,"indent":0,"parameters":[{"code":18,"indent":null,"parameters":[]}]},{"code":505,"indent":0,"parameters":[{"code":15,"indent":null,"parameters":[3]}]},{"code":505,"indent":0,"parameters":[{"code":19,"indent":null,"parameters":[]}]},{"code":111,"indent":0,"parameters":[6,-1,8]},{"code":205,"indent":1,"parameters":[-1,{"list":[{"code":37,"indent":null,"parameters":[]},{"code":4,"indent":null,"parameters":[]},{"code":4,"indent":null,"parameters":[]},{"code":38,"indent":null,"parameters":[]},{"code":0,"indent":null,"parameters":[]}],"repeat":false,"skippable":true,"wait":true}]},{"code":505,"indent":1,"parameters":[{"code":37,"indent":null,"parameters":[]}]},{"code":505,"indent":1,"parameters":[{"code":4,"indent":null,"parameters":[]}]},{"code":505,"indent":1,"parameters":[{"code":4,"indent":null,"parameters":[]}]},{"code":505,"indent":1,"parameters":[{"code":38,"indent":null,"parameters":[]}]},{"code":0,"indent":1,"parameters":[]},{"code":411,"indent":0,"parameters":[]},{"code":205,"indent":1,"parameters":[-1,{"list":[{"code":37,"indent":null,"parameters":[]},{"code":1,"indent":null,"parameters":[]},{"code":1,"indent":null,"parameters":[]},{"code":38,"indent":null,"parameters":[]},{"code":0,"indent":null,"parameters":[]}],"repeat":false,"skippable":true,"wait":true}]},{"code":505,"indent":1,"parameters":[{"code":37,"indent":null,"parameters":[]}]},{"code":505,"indent":1,"parameters":[{"code":1,"indent":null,"parameters":[]}]},{"code":505,"indent":1,"parameters":[{"code":1,"indent":null,"parameters":[]}]},{"code":505,"indent":1,"parameters":[{"code":38,"indent":null,"parameters":[]}]},{"code":0,"indent":1,"parameters":[]},{"code":412,"indent":0,"parameters":[]},{"code":217,"indent":0,"parameters":[]},{"code":205,"indent":0,"parameters":[0,{"list":[{"code":18,"indent":null,"parameters":[]},{"code":15,"indent":null,"parameters":[3]},{"code":17,"indent":null,"parameters":[]},{"code":15,"indent":null,"parameters":[3]},{"code":16,"indent":null,"parameters":[]},{"code":35,"indent":null,"parameters":[]},{"code":0,"indent":null,"parameters":[]}],"repeat":false,"skippable":false,"wait":true}]},{"code":505,"indent":0,"parameters":[{"code":18,"indent":null,"parameters":[]}]},{"code":505,"indent":0,"parameters":[{"code":15,"indent":null,"parameters":[3]}]},{"code":505,"indent":0,"parameters":[{"code":17,"indent":null,"parameters":[]}]},{"code":505,"indent":0,"parameters":[{"code":15,"indent":null,"parameters":[3]}]},{"code":505,"indent":0,"parameters":[{"code":16,"indent":null,"parameters":[]}]},{"code":505,"indent":0,"parameters":[{"code":35,"indent":null,"parameters":[]}]},{"code":250,"indent":0,"parameters":[{"name":"Close1","pan":0,"pitch":100,"volume":100}]},{"code":0,"indent":0,"parameters":[]}]}],"x":1,"y":4},
{"id":3,"name":"Puerta Interior","note":"","pages":[{"conditions":{"actorId":1,"actorValid":false,"itemId":1,"itemValid":false,"selfSwitchCh":"A","selfSwitchValid":false,"switch1Id":1,"switch1Valid":false,"switch2Id":1,"switch2Valid":false,"variableId":1,"variableValid":false,"variableValue":0},"directionFix":true,"image":{"tileId":0,"characterName":"Objetos/!7-PuertaDoble-0","direction":2,"pattern":2,"characterIndex":0},"moveFrequency":3,"moveRoute":{"list":[{"code":0,"indent":null,"parameters":[]}],"repeat":true,"skippable":false,"wait":false},"moveSpeed":3,"moveType":0,"priorityType":1,"stepAnime":false,"through":false,"trigger":1,"walkAnime":false,"list":[{"code":250,"indent":0,"parameters":[{"name":"Open1","pan":0,"pitch":100,"volume":100}]},{"code":205,"indent":0,"parameters":[0,{"list":[{"code":36,"indent":null,"parameters":[]},{"code":17,"indent":null,"parameters":[]},{"code":15,"indent":null,"parameters":[3]},{"code":18,"indent":null,"parameters":[]},{"code":15,"indent":null,"parameters":[3]},{"code":19,"indent":null,"parameters":[]},{"code":0,"indent":null,"parameters":[]}],"repeat":false,"skippable":false,"wait":true}]},{"code":505,"indent":0,"parameters":[{"code":36,"indent":null,"parameters":[]}]},{"code":505,"indent":0,"parameters":[{"code":17,"indent":null,"parameters":[]}]},{"code":505,"indent":0,"parameters":[{"code":15,"indent":null,"parameters":[3]}]},{"code":505,"indent":0,"parameters":[{"code":18,"indent":null,"parameters":[]}]},{"code":505,"indent":0,"parameters":[{"code":15,"indent":null,"parameters":[3]}]},{"code":505,"indent":0,"parameters":[{"code":19,"indent":null,"parameters":[]}]},{"code":111,"indent":0,"parameters":[6,-1,8]},{"code":205,"indent":1,"parameters":[-1,{"list":[{"code":37,"indent":null,"parameters":[]},{"code":4,"indent":null,"parameters":[]},{"code":4,"indent":null,"parameters":[]},{"code":38,"indent":null,"parameters":[]},{"code":0,"indent":null,"parameters":[]}],"repeat":false,"skippable":true,"wait":true}]},{"code":505,"indent":1,"parameters":[{"code":37,"indent":null,"parameters":[]}]},{"code":505,"indent":1,"parameters":[{"code":4,"indent":null,"parameters":[]}]},{"code":505,"indent":1,"parameters":[{"code":4,"indent":null,"parameters":[]}]},{"code":505,"indent":1,"parameters":[{"code":38,"indent":null,"parameters":[]}]},{"code":0,"indent":1,"parameters":[]},{"code":411,"indent":0,"parameters":[]},{"code":205,"indent":1,"parameters":[-1,{"list":[{"code":37,"indent":null,"parameters":[]},{"code":1,"indent":null,"parameters":[]},{"code":1,"indent":null,"parameters":[]},{"code":38,"indent":null,"parameters":[]},{"code":0,"indent":null,"parameters":[]}],"repeat":false,"skippable":true,"wait":true}]},{"code":505,"indent":1,"parameters":[{"code":37,"indent":null,"parameters":[]}]},{"code":505,"indent":1,"parameters":[{"code":1,"indent":null,"parameters":[]}]},{"code":505,"indent":1,"parameters":[{"code":1,"indent":null,"parameters":[]}]},{"code":505,"indent":1,"parameters":[{"code":38,"indent":null,"parameters":[]}]},{"code":0,"indent":1,"parameters":[]},{"code":412,"indent":0,"parameters":[]},{"code":217,"indent":0,"parameters":[]},{"code":205,"indent":0,"parameters":[0,{"list":[{"code":18,"indent":null,"parameters":[]},{"code":15,"indent":null,"parameters":[3]},{"code":17,"indent":null,"parameters":[]},{"code":15,"indent":null,"parameters":[3]},{"code":16,"indent":null,"parameters":[]},{"code":35,"indent":null,"parameters":[]},{"code":0,"indent":null,"parameters":[]}],"repeat":false,"skippable":false,"wait":true}]},{"code":505,"indent":0,"parameters":[{"code":18,"indent":null,"parameters":[]}]},{"code":505,"indent":0,"parameters":[{"code":15,"indent":null,"parameters":[3]}]},{"code":505,"indent":0,"parameters":[{"code":17,"indent":null,"parameters":[]}]},{"code":505,"indent":0,"parameters":[{"code":15,"indent":null,"parameters":[3]}]},{"code":505,"indent":0,"parameters":[{"code":16,"indent":null,"parameters":[]}]},{"code":505,"indent":0,"parameters":[{"code":35,"indent":null,"parameters":[]}]},{"code":250,"indent":0,"parameters":[{"name":"Close1","pan":0,"pitch":100,"volume":100}]},{"code":0,"indent":0,"parameters":[]}]}],"x":3,"y":4},
{"id":4,"name":"Puerta Interior","note":"","pages":[{"conditions":{"actorId":1,"actorValid":false,"itemId":1,"itemValid":false,"selfSwitchCh":"A","selfSwitchValid":false,"switch1Id":1,"switch1Valid":false,"switch2Id":1,"switch2Valid":false,"variableId":1,"variableValid":false,"variableValue":0},"directionFix":true,"image":{"tileId":0,"characterName":"Objetos/!7-PuertaDoble-0","direction":2,"pattern":1,"characterIndex":1},"moveFrequency":3,"moveRoute":{"list":[{"code":0,"indent":null,"parameters":[]}],"repeat":true,"skippable":false,"wait":false},"moveSpeed":3,"moveType":0,"priorityType":1,"stepAnime":false,"through":false,"trigger":1,"walkAnime":false,"list":[{"code":250,"indent":0,"parameters":[{"name":"Open1","pan":0,"pitch":100,"volume":100}]},{"code":205,"indent":0,"parameters":[0,{"list":[{"code":36,"indent":null,"parameters":[]},{"code":17,"indent":null,"parameters":[]},{"code":15,"indent":null,"parameters":[3]},{"code":18,"indent":null,"parameters":[]},{"code":15,"indent":null,"parameters":[3]},{"code":19,"indent":null,"parameters":[]},{"code":0,"indent":null,"parameters":[]}],"repeat":false,"skippable":false,"wait":true}]},{"code":505,"indent":0,"parameters":[{"code":36,"indent":null,"parameters":[]}]},{"code":505,"indent":0,"parameters":[{"code":17,"indent":null,"parameters":[]}]},{"code":505,"indent":0,"parameters":[{"code":15,"indent":null,"parameters":[3]}]},{"code":505,"indent":0,"parameters":[{"code":18,"indent":null,"parameters":[]}]},{"code":505,"indent":0,"parameters":[{"code":15,"indent":null,"parameters":[3]}]},{"code":505,"indent":0,"parameters":[{"code":19,"indent":null,"parameters":[]}]},{"code":111,"indent":0,"parameters":[6,-1,8]},{"code":205,"indent":1,"parameters":[-1,{"list":[{"code":37,"indent":null,"parameters":[]},{"code":4,"indent":null,"parameters":[]},{"code":4,"indent":null,"parameters":[]},{"code":38,"indent":null,"parameters":[]},{"code":0,"indent":null,"parameters":[]}],"repeat":false,"skippable":true,"wait":true}]},{"code":505,"indent":1,"parameters":[{"code":37,"indent":null,"parameters":[]}]},{"code":505,"indent":1,"parameters":[{"code":4,"indent":null,"parameters":[]}]},{"code":505,"indent":1,"parameters":[{"code":4,"indent":null,"parameters":[]}]},{"code":505,"indent":1,"parameters":[{"code":38,"indent":null,"parameters":[]}]},{"code":0,"indent":1,"parameters":[]},{"code":411,"indent":0,"parameters":[]},{"code":205,"indent":1,"parameters":[-1,{"list":[{"code":37,"indent":null,"parameters":[]},{"code":1,"indent":null,"parameters":[]},{"code":1,"indent":null,"parameters":[]},{"code":38,"indent":null,"parameters":[]},{"code":0,"indent":null,"parameters":[]}],"repeat":false,"skippable":true,"wait":true}]},{"code":505,"indent":1,"parameters":[{"code":37,"indent":null,"parameters":[]}]},{"code":505,"indent":1,"parameters":[{"code":1,"indent":null,"parameters":[]}]},{"code":505,"indent":1,"parameters":[{"code":1,"indent":null,"parameters":[]}]},{"code":505,"indent":1,"parameters":[{"code":38,"indent":null,"parameters":[]}]},{"code":0,"indent":1,"parameters":[]},{"code":412,"indent":0,"parameters":[]},{"code":217,"indent":0,"parameters":[]},{"code":205,"indent":0,"parameters":[0,{"list":[{"code":18,"indent":null,"parameters":[]},{"code":15,"indent":null,"parameters":[3]},{"code":17,"indent":null,"parameters":[]},{"code":15,"indent":null,"parameters":[3]},{"code":16,"indent":null,"parameters":[]},{"code":35,"indent":null,"parameters":[]},{"code":0,"indent":null,"parameters":[]}],"repeat":false,"skippable":false,"wait":true}]},{"code":505,"indent":0,"parameters":[{"code":18,"indent":null,"parameters":[]}]},{"code":505,"indent":0,"parameters":[{"code":15,"indent":null,"parameters":[3]}]},{"code":505,"indent":0,"parameters":[{"code":17,"indent":null,"parameters":[]}]},{"code":505,"indent":0,"parameters":[{"code":15,"indent":null,"parameters":[3]}]},{"code":505,"indent":0,"parameters":[{"code":16,"indent":null,"parameters":[]}]},{"code":505,"indent":0,"parameters":[{"code":35,"indent":null,"parameters":[]}]},{"code":250,"indent":0,"parameters":[{"name":"Close1","pan":0,"pitch":100,"volume":100}]},{"code":0,"indent":0,"parameters":[]}]}],"x":5,"y":4},
{"id":5,"name":"Puerta Interior","note":"","pages":[{"conditions":{"actorId":1,"actorValid":false,"itemId":1,"itemValid":false,"selfSwitchCh":"A","selfSwitchValid":false,"switch1Id":1,"switch1Valid":false,"switch2Id":1,"switch2Valid":false,"variableId":1,"variableValid":false,"variableValue":0},"directionFix":true,"image":{"tileId":0,"characterName":"Objetos/!7-PuertaDoble-0","direction":2,"pattern":2,"characterIndex":2},"moveFrequency":3,"moveRoute":{"list":[{"code":0,"indent":null,"parameters":[]}],"repeat":true,"skippable":false,"wait":false},"moveSpeed":3,"moveType":0,"priorityType":1,"stepAnime":false,"through":false,"trigger":1,"walkAnime":false,"list":[{"code":250,"indent":0,"parameters":[{"name":"Open1","pan":0,"pitch":100,"volume":100}]},{"code":205,"indent":0,"parameters":[0,{"list":[{"code":36,"indent":null,"parameters":[]},{"code":17,"indent":null,"parameters":[]},{"code":15,"indent":null,"parameters":[3]},{"code":18,"indent":null,"parameters":[]},{"code":15,"indent":null,"parameters":[3]},{"code":19,"indent":null,"parameters":[]},{"code":0,"indent":null,"parameters":[]}],"repeat":false,"skippable":false,"wait":true}]},{"code":505,"indent":0,"parameters":[{"code":36,"indent":null,"parameters":[]}]},{"code":505,"indent":0,"parameters":[{"code":17,"indent":null,"parameters":[]}]},{"code":505,"indent":0,"parameters":[{"code":15,"indent":null,"parameters":[3]}]},{"code":505,"indent":0,"parameters":[{"code":18,"indent":null,"parameters":[]}]},{"code":505,"indent":0,"parameters":[{"code":15,"indent":null,"parameters":[3]}]},{"code":505,"indent":0,"parameters":[{"code":19,"indent":null,"parameters":[]}]},{"code":111,"indent":0,"parameters":[6,-1,8]},{"code":205,"indent":1,"parameters":[-1,{"list":[{"code":37,"indent":null,"parameters":[]},{"code":4,"indent":null,"parameters":[]},{"code":4,"indent":null,"parameters":[]},{"code":38,"indent":null,"parameters":[]},{"code":0,"indent":null,"parameters":[]}],"repeat":false,"skippable":true,"wait":true}]},{"code":505,"indent":1,"parameters":[{"code":37,"indent":null,"parameters":[]}]},{"code":505,"indent":1,"parameters":[{"code":4,"indent":null,"parameters":[]}]},{"code":505,"indent":1,"parameters":[{"code":4,"indent":null,"parameters":[]}]},{"code":505,"indent":1,"parameters":[{"code":38,"indent":null,"parameters":[]}]},{"code":0,"indent":1,"parameters":[]},{"code":411,"indent":0,"parameters":[]},{"code":205,"indent":1,"parameters":[-1,{"list":[{"code":37,"indent":null,"parameters":[]},{"code":1,"indent":null,"parameters":[]},{"code":1,"indent":null,"parameters":[]},{"code":38,"indent":null,"parameters":[]},{"code":0,"indent":null,"parameters":[]}],"repeat":false,"skippable":true,"wait":true}]},{"code":505,"indent":1,"parameters":[{"code":37,"indent":null,"parameters":[]}]},{"code":505,"indent":1,"parameters":[{"code":1,"indent":null,"parameters":[]}]},{"code":505,"indent":1,"parameters":[{"code":1,"indent":null,"parameters":[]}]},{"code":505,"indent":1,"parameters":[{"code":38,"indent":null,"parameters":[]}]},{"code":0,"indent":1,"parameters":[]},{"code":412,"indent":0,"parameters":[]},{"code":217,"indent":0,"parameters":[]},{"code":205,"indent":0,"parameters":[0,{"list":[{"code":18,"indent":null,"parameters":[]},{"code":15,"indent":null,"parameters":[3]},{"code":17,"indent":null,"parameters":[]},{"code":15,"indent":null,"parameters":[3]},{"code":16,"indent":null,"parameters":[]},{"code":35,"indent":null,"parameters":[]},{"code":0,"indent":null,"parameters":[]}],"repeat":false,"skippable":false,"wait":true}]},{"code":505,"indent":0,"parameters":[{"code":18,"indent":null,"parameters":[]}]},{"code":505,"indent":0,"parameters":[{"code":15,"indent":null,"parameters":[3]}]},{"code":505,"indent":0,"parameters":[{"code":17,"indent":null,"parameters":[]}]},{"code":505,"indent":0,"parameters":[{"code":15,"indent":null,"parameters":[3]}]},{"code":505,"indent":0,"parameters":[{"code":16,"indent":null,"parameters":[]}]},{"code":505,"indent":0,"parameters":[{"code":35,"indent":null,"parameters":[]}]},{"code":250,"indent":0,"parameters":[{"name":"Close1","pan":0,"pitch":100,"volume":100}]},{"code":0,"indent":0,"parameters":[]}]}],"x":7,"y":4},
{"id":6,"name":"Puerta Exterior","note":"","pages":[{"conditions":{"actorId":1,"actorValid":false,"itemId":1,"itemValid":false,"selfSwitchCh":"A","selfSwitchValid":false,"switch1Id":1,"switch1Valid":false,"switch2Id":1,"switch2Valid":false,"variableId":1,"variableValid":false,"variableValue":0},"directionFix":false,"image":{"tileId":0,"characterName":"Objetos/!7-PuertaDoble-0","direction":2,"pattern":2,"characterIndex":0},"moveFrequency":3,"moveRoute":{"list":[{"code":0,"indent":null,"parameters":[]}],"repeat":true,"skippable":false,"wait":false},"moveSpeed":3,"moveType":0,"priorityType":1,"stepAnime":false,"through":false,"trigger":1,"walkAnime":false,"list":[{"code":250,"indent":0,"parameters":[{"name":"Open1","pan":0,"pitch":100,"volume":100}]},{"code":205,"indent":0,"parameters":[0,{"list":[{"code":17,"indent":null,"parameters":[]},{"code":15,"indent":null,"parameters":[3]},{"code":18,"indent":null,"parameters":[]},{"code":15,"indent":null,"parameters":[3]},{"code":19,"indent":null,"parameters":[]},{"code":0,"indent":null,"parameters":[]}],"repeat":false,"skippable":false,"wait":true}]},{"code":505,"indent":0,"parameters":[{"code":17,"indent":null,"parameters":[]}]},{"code":505,"indent":0,"parameters":[{"code":15,"indent":null,"parameters":[3]}]},{"code":505,"indent":0,"parameters":[{"code":18,"indent":null,"parameters":[]}]},{"code":505,"indent":0,"parameters":[{"code":15,"indent":null,"parameters":[3]}]},{"code":505,"indent":0,"parameters":[{"code":19,"indent":null,"parameters":[]}]},{"code":123,"indent":0,"parameters":["A",0]},{"code":0,"indent":0,"parameters":[]}]},{"conditions":{"actorId":1,"actorValid":false,"itemId":1,"itemValid":false,"selfSwitchCh":"A","selfSwitchValid":true,"switch1Id":1,"switch1Valid":false,"switch2Id":1,"switch2Valid":false,"variableId":1,"variableValid":false,"variableValue":0},"directionFix":true,"image":{"tileId":0,"characterName":"Objetos/!7-PuertaDoble-0","direction":8,"pattern":2,"characterIndex":0},"moveFrequency":3,"moveRoute":{"list":[{"code":0,"indent":null,"parameters":[]}],"repeat":true,"skippable":false,"wait":false},"moveSpeed":3,"moveType":0,"priorityType":1,"stepAnime":false,"through":false,"trigger":1,"walkAnime":false,"list":[{"code":205,"indent":0,"parameters":[0,{"list":[{"code":36,"indent":null,"parameters":[]},{"code":18,"indent":null,"parameters":[]},{"code":15,"indent":null,"parameters":[3]},{"code":17,"indent":null,"parameters":[]},{"code":15,"indent":null,"parameters":[3]},{"code":16,"indent":null,"parameters":[]},{"code":0,"indent":null,"parameters":[]}],"repeat":false,"skippable":false,"wait":true}]},{"code":505,"indent":0,"parameters":[{"code":36,"indent":null,"parameters":[]}]},{"code":505,"indent":0,"parameters":[{"code":18,"indent":null,"parameters":[]}]},{"code":505,"indent":0,"parameters":[{"code":15,"indent":null,"parameters":[3]}]},{"code":505,"indent":0,"parameters":[{"code":17,"indent":null,"parameters":[]}]},{"code":505,"indent":0,"parameters":[{"code":15,"indent":null,"parameters":[3]}]},{"code":505,"indent":0,"parameters":[{"code":16,"indent":null,"parameters":[]}]},{"code":250,"indent":0,"parameters":[{"name":"Close1","pan":0,"pitch":100,"volume":100}]},{"code":123,"indent":0,"parameters":["A",1]},{"code":0,"indent":0,"parameters":[]}]}],"x":3,"y":2},
{"id":7,"name":"Puerta Exterior","note":"","pages":[{"conditions":{"actorId":1,"actorValid":false,"itemId":1,"itemValid":false,"selfSwitchCh":"A","selfSwitchValid":false,"switch1Id":1,"switch1Valid":false,"switch2Id":1,"switch2Valid":false,"variableId":1,"variableValid":false,"variableValue":0},"directionFix":false,"image":{"tileId":0,"characterName":"Objetos/!7-PuertaDoble-0","direction":2,"pattern":1,"characterIndex":1},"moveFrequency":3,"moveRoute":{"list":[{"code":0,"indent":null,"parameters":[]}],"repeat":true,"skippable":false,"wait":false},"moveSpeed":3,"moveType":0,"priorityType":1,"stepAnime":false,"through":false,"trigger":1,"walkAnime":false,"list":[{"code":250,"indent":0,"parameters":[{"name":"Open1","pan":0,"pitch":100,"volume":100}]},{"code":205,"indent":0,"parameters":[0,{"list":[{"code":17,"indent":null,"parameters":[]},{"code":15,"indent":null,"parameters":[3]},{"code":18,"indent":null,"parameters":[]},{"code":15,"indent":null,"parameters":[3]},{"code":19,"indent":null,"parameters":[]},{"code":0,"indent":null,"parameters":[]}],"repeat":false,"skippable":false,"wait":true}]},{"code":505,"indent":0,"parameters":[{"code":17,"indent":null,"parameters":[]}]},{"code":505,"indent":0,"parameters":[{"code":15,"indent":null,"parameters":[3]}]},{"code":505,"indent":0,"parameters":[{"code":18,"indent":null,"parameters":[]}]},{"code":505,"indent":0,"parameters":[{"code":15,"indent":null,"parameters":[3]}]},{"code":505,"indent":0,"parameters":[{"code":19,"indent":null,"parameters":[]}]},{"code":123,"indent":0,"parameters":["A",0]},{"code":0,"indent":0,"parameters":[]}]},{"conditions":{"actorId":1,"actorValid":false,"itemId":1,"itemValid":false,"selfSwitchCh":"A","selfSwitchValid":true,"switch1Id":1,"switch1Valid":false,"switch2Id":1,"switch2Valid":false,"variableId":1,"variableValid":false,"variableValue":0},"directionFix":true,"image":{"tileId":0,"characterName":"Objetos/!7-PuertaDoble-0","direction":8,"pattern":1,"characterIndex":1},"moveFrequency":3,"moveRoute":{"list":[{"code":0,"indent":null,"parameters":[]}],"repeat":true,"skippable":false,"wait":false},"moveSpeed":3,"moveType":0,"priorityType":1,"stepAnime":false,"through":false,"trigger":1,"walkAnime":false,"list":[{"code":205,"indent":0,"parameters":[0,{"list":[{"code":36,"indent":null,"parameters":[]},{"code":18,"indent":null,"parameters":[]},{"code":15,"indent":null,"parameters":[3]},{"code":17,"indent":null,"parameters":[]},{"code":15,"indent":null,"parameters":[3]},{"code":16,"indent":null,"parameters":[]},{"code":0,"indent":null,"parameters":[]}],"repeat":false,"skippable":false,"wait":true}]},{"code":505,"indent":0,"parameters":[{"code":36,"indent":null,"parameters":[]}]},{"code":505,"indent":0,"parameters":[{"code":18,"indent":null,"parameters":[]}]},{"code":505,"indent":0,"parameters":[{"code":15,"indent":null,"parameters":[3]}]},{"code":505,"indent":0,"parameters":[{"code":17,"indent":null,"parameters":[]}]},{"code":505,"indent":0,"parameters":[{"code":15,"indent":null,"parameters":[3]}]},{"code":505,"indent":0,"parameters":[{"code":16,"indent":null,"parameters":[]}]},{"code":250,"indent":0,"parameters":[{"name":"Close1","pan":0,"pitch":100,"volume":100}]},{"code":123,"indent":0,"parameters":["A",1]},{"code":0,"indent":0,"parameters":[]}]}],"x":5,"y":2},
{"id":8,"name":"Puerta Exterior","note":"","pages":[{"conditions":{"actorId":1,"actorValid":false,"itemId":1,"itemValid":false,"selfSwitchCh":"A","selfSwitchValid":false,"switch1Id":1,"switch1Valid":false,"switch2Id":1,"switch2Valid":false,"variableId":1,"variableValid":false,"variableValue":0},"directionFix":false,"image":{"tileId":0,"characterName":"Objetos/!7-PuertaDoble-0","direction":2,"pattern":2,"characterIndex":2},"moveFrequency":3,"moveRoute":{"list":[{"code":0,"indent":null,"parameters":[]}],"repeat":true,"skippable":false,"wait":false},"moveSpeed":3,"moveType":0,"priorityType":1,"stepAnime":false,"through":false,"trigger":1,"walkAnime":false,"list":[{"code":250,"indent":0,"parameters":[{"name":"Open1","pan":0,"pitch":100,"volume":100}]},{"code":205,"indent":0,"parameters":[0,{"list":[{"code":17,"indent":null,"parameters":[]},{"code":15,"indent":null,"parameters":[3]},{"code":18,"indent":null,"parameters":[]},{"code":15,"indent":null,"parameters":[3]},{"code":19,"indent":null,"parameters":[]},{"code":0,"indent":null,"parameters":[]}],"repeat":false,"skippable":false,"wait":true}]},{"code":505,"indent":0,"parameters":[{"code":17,"indent":null,"parameters":[]}]},{"code":505,"indent":0,"parameters":[{"code":15,"indent":null,"parameters":[3]}]},{"code":505,"indent":0,"parameters":[{"code":18,"indent":null,"parameters":[]}]},{"code":505,"indent":0,"parameters":[{"code":15,"indent":null,"parameters":[3]}]},{"code":505,"indent":0,"parameters":[{"code":19,"indent":null,"parameters":[]}]},{"code":123,"indent":0,"parameters":["A",0]},{"code":0,"indent":0,"parameters":[]}]},{"conditions":{"actorId":1,"actorValid":false,"itemId":1,"itemValid":false,"selfSwitchCh":"A","selfSwitchValid":true,"switch1Id":1,"switch1Valid":false,"switch2Id":1,"switch2Valid":false,"variableId":1,"variableValid":false,"variableValue":0},"directionFix":true,"image":{"tileId":0,"characterName":"Objetos/!7-PuertaDoble-0","direction":8,"pattern":2,"characterIndex":2},"moveFrequency":3,"moveRoute":{"list":[{"code":0,"indent":null,"parameters":[]}],"repeat":true,"skippable":false,"wait":false},"moveSpeed":3,"moveType":0,"priorityType":1,"stepAnime":false,"through":false,"trigger":1,"walkAnime":false,"list":[{"code":205,"indent":0,"parameters":[0,{"list":[{"code":36,"indent":null,"parameters":[]},{"code":18,"indent":null,"parameters":[]},{"code":15,"indent":null,"parameters":[3]},{"code":17,"indent":null,"parameters":[]},{"code":15,"indent":null,"parameters":[3]},{"code":16,"indent":null,"parameters":[]},{"code":0,"indent":null,"parameters":[]}],"repeat":false,"skippable":false,"wait":true}]},{"code":505,"indent":0,"parameters":[{"code":36,"indent":null,"parameters":[]}]},{"code":505,"indent":0,"parameters":[{"code":18,"indent":null,"parameters":[]}]},{"code":505,"indent":0,"parameters":[{"code":15,"indent":null,"parameters":[3]}]},{"code":505,"indent":0,"parameters":[{"code":17,"indent":null,"parameters":[]}]},{"code":505,"indent":0,"parameters":[{"code":15,"indent":null,"parameters":[3]}]},{"code":505,"indent":0,"parameters":[{"code":16,"indent":null,"parameters":[]}]},{"code":250,"indent":0,"parameters":[{"name":"Close1","pan":0,"pitch":100,"volume":100}]},{"code":123,"indent":0,"parameters":["A",1]},{"code":0,"indent":0,"parameters":[]}]}],"x":7,"y":2},
{"id":9,"name":"Cortina Interior","note":"","pages":[{"conditions":{"actorId":1,"actorValid":false,"itemId":1,"itemValid":false,"selfSwitchCh":"A","selfSwitchValid":false,"switch1Id":1,"switch1Valid":false,"switch2Id":1,"switch2Valid":false,"variableId":1,"variableValid":false,"variableValue":0},"directionFix":true,"image":{"tileId":0,"characterName":"Objetos/!7-PuertaDoble-0","direction":2,"pattern":0,"characterIndex":4},"moveFrequency":3,"moveRoute":{"list":[{"code":0,"indent":null,"parameters":[]}],"repeat":true,"skippable":false,"wait":false},"moveSpeed":3,"moveType":0,"priorityType":1,"stepAnime":false,"through":false,"trigger":1,"walkAnime":false,"list":[{"code":250,"indent":0,"parameters":[{"name":"Evasion1","pan":0,"pitch":85,"volume":100}]},{"code":205,"indent":0,"parameters":[0,{"list":[{"code":36,"indent":null,"parameters":[]},{"code":17,"indent":null,"parameters":[]},{"code":15,"indent":null,"parameters":[3]},{"code":18,"indent":null,"parameters":[]},{"code":15,"indent":null,"parameters":[3]},{"code":19,"indent":null,"parameters":[]},{"code":0,"indent":null,"parameters":[]}],"repeat":false,"skippable":false,"wait":true}]},{"code":505,"indent":0,"parameters":[{"code":36,"indent":null,"parameters":[]}]},{"code":505,"indent":0,"parameters":[{"code":17,"indent":null,"parameters":[]}]},{"code":505,"indent":0,"parameters":[{"code":15,"indent":null,"parameters":[3]}]},{"code":505,"indent":0,"parameters":[{"code":18,"indent":null,"parameters":[]}]},{"code":505,"indent":0,"parameters":[{"code":15,"indent":null,"parameters":[3]}]},{"code":505,"indent":0,"parameters":[{"code":19,"indent":null,"parameters":[]}]},{"code":111,"indent":0,"parameters":[6,-1,8]},{"code":205,"indent":1,"parameters":[-1,{"list":[{"code":37,"indent":null,"parameters":[]},{"code":4,"indent":null,"parameters":[]},{"code":4,"indent":null,"parameters":[]},{"code":38,"indent":null,"parameters":[]},{"code":0,"indent":null,"parameters":[]}],"repeat":false,"skippable":true,"wait":true}]},{"code":505,"indent":1,"parameters":[{"code":37,"indent":null,"parameters":[]}]},{"code":505,"indent":1,"parameters":[{"code":4,"indent":null,"parameters":[]}]},{"code":505,"indent":1,"parameters":[{"code":4,"indent":null,"parameters":[]}]},{"code":505,"indent":1,"parameters":[{"code":38,"indent":null,"parameters":[]}]},{"code":0,"indent":1,"parameters":[]},{"code":411,"indent":0,"parameters":[]},{"code":205,"indent":1,"parameters":[-1,{"list":[{"code":37,"indent":null,"parameters":[]},{"code":1,"indent":null,"parameters":[]},{"code":1,"indent":null,"parameters":[]},{"code":38,"indent":null,"parameters":[]},{"code":0,"indent":null,"parameters":[]}],"repeat":false,"skippable":true,"wait":true}]},{"code":505,"indent":1,"parameters":[{"code":37,"indent":null,"parameters":[]}]},{"code":505,"indent":1,"parameters":[{"code":1,"indent":null,"parameters":[]}]},{"code":505,"indent":1,"parameters":[{"code":1,"indent":null,"parameters":[]}]},{"code":505,"indent":1,"parameters":[{"code":38,"indent":null,"parameters":[]}]},{"code":0,"indent":1,"parameters":[]},{"code":412,"indent":0,"parameters":[]},{"code":217,"indent":0,"parameters":[]},{"code":250,"indent":0,"parameters":[{"name":"Evasion1","pan":0,"pitch":75,"volume":100}]},{"code":205,"indent":0,"parameters":[0,{"list":[{"code":18,"indent":null,"parameters":[]},{"code":15,"indent":null,"parameters":[3]},{"code":17,"indent":null,"parameters":[]},{"code":15,"indent":null,"parameters":[3]},{"code":16,"indent":null,"parameters":[]},{"code":35,"indent":null,"parameters":[]},{"code":0,"indent":null,"parameters":[]}],"repeat":false,"skippable":false,"wait":true}]},{"code":505,"indent":0,"parameters":[{"code":18,"indent":null,"parameters":[]}]},{"code":505,"indent":0,"parameters":[{"code":15,"indent":null,"parameters":[3]}]},{"code":505,"indent":0,"parameters":[{"code":17,"indent":null,"parameters":[]}]},{"code":505,"indent":0,"parameters":[{"code":15,"indent":null,"parameters":[3]}]},{"code":505,"indent":0,"parameters":[{"code":16,"indent":null,"parameters":[]}]},{"code":505,"indent":0,"parameters":[{"code":35,"indent":null,"parameters":[]}]},{"code":0,"indent":0,"parameters":[]}]}],"x":9,"y":4},
{"id":10,"name":"Cortina Interior","note":"","pages":[{"conditions":{"actorId":1,"actorValid":false,"itemId":1,"itemValid":false,"selfSwitchCh":"A","selfSwitchValid":false,"switch1Id":1,"switch1Valid":false,"switch2Id":1,"switch2Valid":false,"variableId":1,"variableValid":false,"variableValue":0},"directionFix":false,"image":{"tileId":0,"characterName":"Objetos/!7-PuertaDoble-0","direction":2,"pattern":0,"characterIndex":4},"moveFrequency":3,"moveRoute":{"list":[{"code":0,"indent":null,"parameters":[]}],"repeat":true,"skippable":false,"wait":false},"moveSpeed":3,"moveType":0,"priorityType":1,"stepAnime":false,"through":false,"trigger":1,"walkAnime":false,"list":[{"code":250,"indent":0,"parameters":[{"name":"Evasion1","pan":0,"pitch":85,"volume":100}]},{"code":205,"indent":0,"parameters":[0,{"list":[{"code":17,"indent":null,"parameters":[]},{"code":15,"indent":null,"parameters":[3]},{"code":18,"indent":null,"parameters":[]},{"code":15,"indent":null,"parameters":[3]},{"code":19,"indent":null,"parameters":[]},{"code":0,"indent":null,"parameters":[]}],"repeat":false,"skippable":false,"wait":true}]},{"code":505,"indent":0,"parameters":[{"code":17,"indent":null,"parameters":[]}]},{"code":505,"indent":0,"parameters":[{"code":15,"indent":null,"parameters":[3]}]},{"code":505,"indent":0,"parameters":[{"code":18,"indent":null,"parameters":[]}]},{"code":505,"indent":0,"parameters":[{"code":15,"indent":null,"parameters":[3]}]},{"code":505,"indent":0,"parameters":[{"code":19,"indent":null,"parameters":[]}]},{"code":123,"indent":0,"parameters":["A",0]},{"code":0,"indent":0,"parameters":[]}]},{"conditions":{"actorId":1,"actorValid":false,"itemId":1,"itemValid":false,"selfSwitchCh":"A","selfSwitchValid":true,"switch1Id":1,"switch1Valid":false,"switch2Id":1,"switch2Valid":false,"variableId":1,"variableValid":false,"variableValue":0},"directionFix":true,"image":{"tileId":0,"characterName":"Objetos/!7-PuertaDoble-0","direction":8,"pattern":0,"characterIndex":4},"moveFrequency":3,"moveRoute":{"list":[{"code":0,"indent":null,"parameters":[]}],"repeat":true,"skippable":false,"wait":false},"moveSpeed":3,"moveType":0,"priorityType":1,"stepAnime":false,"through":false,"trigger":1,"walkAnime":false,"list":[{"code":250,"indent":0,"parameters":[{"name":"Evasion1","pan":0,"pitch":75,"volume":100}]},{"code":205,"indent":0,"parameters":[0,{"list":[{"code":36,"indent":null,"parameters":[]},{"code":18,"indent":null,"parameters":[]},{"code":15,"indent":null,"parameters":[3]},{"code":17,"indent":null,"parameters":[]},{"code":15,"indent":null,"parameters":[3]},{"code":16,"indent":null,"parameters":[]},{"code":0,"indent":null,"parameters":[]}],"repeat":false,"skippable":false,"wait":true}]},{"code":505,"indent":0,"parameters":[{"code":36,"indent":null,"parameters":[]}]},{"code":505,"indent":0,"parameters":[{"code":18,"indent":null,"parameters":[]}]},{"code":505,"indent":0,"parameters":[{"code":15,"indent":null,"parameters":[3]}]},{"code":505,"indent":0,"parameters":[{"code":17,"indent":null,"parameters":[]}]},{"code":505,"indent":0,"parameters":[{"code":15,"indent":null,"parameters":[3]}]},{"code":505,"indent":0,"parameters":[{"code":16,"indent":null,"parameters":[]}]},{"code":123,"indent":0,"parameters":["A",1]},{"code":0,"indent":0,"parameters":[]}]}],"x":9,"y":2},
{"id":11,"name":"Puerta Interior","note":"","pages":[{"conditions":{"actorId":1,"actorValid":false,"itemId":1,"itemValid":false,"selfSwitchCh":"A","selfSwitchValid":false,"switch1Id":1,"switch1Valid":false,"switch2Id":1,"switch2Valid":false,"variableId":1,"variableValid":false,"variableValue":0},"directionFix":true,"image":{"tileId":0,"characterName":"Objetos/!7-PuertaDoble-0","direction":2,"pattern":2,"characterIndex":4},"moveFrequency":3,"moveRoute":{"list":[{"code":0,"indent":null,"parameters":[]}],"repeat":true,"skippable":false,"wait":false},"moveSpeed":3,"moveType":0,"priorityType":1,"stepAnime":false,"through":false,"trigger":1,"walkAnime":false,"list":[{"code":250,"indent":0,"parameters":[{"name":"Open2","pan":0,"pitch":100,"volume":100}]},{"code":205,"indent":0,"parameters":[0,{"list":[{"code":36,"indent":null,"parameters":[]},{"code":17,"indent":null,"parameters":[]},{"code":15,"indent":null,"parameters":[3]},{"code":18,"indent":null,"parameters":[]},{"code":15,"indent":null,"parameters":[3]},{"code":19,"indent":null,"parameters":[]},{"code":0,"indent":null,"parameters":[]}],"repeat":false,"skippable":false,"wait":true}]},{"code":505,"indent":0,"parameters":[{"code":36,"indent":null,"parameters":[]}]},{"code":505,"indent":0,"parameters":[{"code":17,"indent":null,"parameters":[]}]},{"code":505,"indent":0,"parameters":[{"code":15,"indent":null,"parameters":[3]}]},{"code":505,"indent":0,"parameters":[{"code":18,"indent":null,"parameters":[]}]},{"code":505,"indent":0,"parameters":[{"code":15,"indent":null,"parameters":[3]}]},{"code":505,"indent":0,"parameters":[{"code":19,"indent":null,"parameters":[]}]},{"code":111,"indent":0,"parameters":[6,-1,8]},{"code":205,"indent":1,"parameters":[-1,{"list":[{"code":37,"indent":null,"parameters":[]},{"code":4,"indent":null,"parameters":[]},{"code":4,"indent":null,"parameters":[]},{"code":38,"indent":null,"parameters":[]},{"code":0,"indent":null,"parameters":[]}],"repeat":false,"skippable":true,"wait":true}]},{"code":505,"indent":1,"parameters":[{"code":37,"indent":null,"parameters":[]}]},{"code":505,"indent":1,"parameters":[{"code":4,"indent":null,"parameters":[]}]},{"code":505,"indent":1,"parameters":[{"code":4,"indent":null,"parameters":[]}]},{"code":505,"indent":1,"parameters":[{"code":38,"indent":null,"parameters":[]}]},{"code":0,"indent":1,"parameters":[]},{"code":411,"indent":0,"parameters":[]},{"code":205,"indent":1,"parameters":[-1,{"list":[{"code":37,"indent":null,"parameters":[]},{"code":1,"indent":null,"parameters":[]},{"code":1,"indent":null,"parameters":[]},{"code":38,"indent":null,"parameters":[]},{"code":0,"indent":null,"parameters":[]}],"repeat":false,"skippable":true,"wait":true}]},{"code":505,"indent":1,"parameters":[{"code":37,"indent":null,"parameters":[]}]},{"code":505,"indent":1,"parameters":[{"code":1,"indent":null,"parameters":[]}]},{"code":505,"indent":1,"parameters":[{"code":1,"indent":null,"parameters":[]}]},{"code":505,"indent":1,"parameters":[{"code":38,"indent":null,"parameters":[]}]},{"code":0,"indent":1,"parameters":[]},{"code":412,"indent":0,"parameters":[]},{"code":217,"indent":0,"parameters":[]},{"code":205,"indent":0,"parameters":[0,{"list":[{"code":18,"indent":null,"parameters":[]},{"code":15,"indent":null,"parameters":[3]},{"code":17,"indent":null,"parameters":[]},{"code":15,"indent":null,"parameters":[3]},{"code":16,"indent":null,"parameters":[]},{"code":35,"indent":null,"parameters":[]},{"code":0,"indent":null,"parameters":[]}],"repeat":false,"skippable":false,"wait":true}]},{"code":505,"indent":0,"parameters":[{"code":18,"indent":null,"parameters":[]}]},{"code":505,"indent":0,"parameters":[{"code":15,"indent":null,"parameters":[3]}]},{"code":505,"indent":0,"parameters":[{"code":17,"indent":null,"parameters":[]}]},{"code":505,"indent":0,"parameters":[{"code":15,"indent":null,"parameters":[3]}]},{"code":505,"indent":0,"parameters":[{"code":16,"indent":null,"parameters":[]}]},{"code":505,"indent":0,"parameters":[{"code":35,"indent":null,"parameters":[]}]},{"code":250,"indent":0,"parameters":[{"name":"Close2","pan":0,"pitch":100,"volume":100}]},{"code":0,"indent":0,"parameters":[]}]}],"x":11,"y":4},
{"id":12,"name":"Puerta Interior","note":"","pages":[{"conditions":{"actorId":1,"actorValid":false,"itemId":1,"itemValid":false,"selfSwitchCh":"A","selfSwitchValid":false,"switch1Id":1,"switch1Valid":false,"switch2Id":1,"switch2Valid":false,"variableId":1,"variableValid":false,"variableValue":0},"directionFix":true,"image":{"tileId":0,"characterName":"Objetos/!7-PuertaDoble-0","direction":2,"pattern":1,"characterIndex":5},"moveFrequency":3,"moveRoute":{"list":[{"code":0,"indent":null,"parameters":[]}],"repeat":true,"skippable":false,"wait":false},"moveSpeed":3,"moveType":0,"priorityType":1,"stepAnime":false,"through":false,"trigger":1,"walkAnime":false,"list":[{"code":250,"indent":0,"parameters":[{"name":"Open2","pan":0,"pitch":100,"volume":100}]},{"code":205,"indent":0,"parameters":[0,{"list":[{"code":36,"indent":null,"parameters":[]},{"code":17,"indent":null,"parameters":[]},{"code":15,"indent":null,"parameters":[3]},{"code":18,"indent":null,"parameters":[]},{"code":15,"indent":null,"parameters":[3]},{"code":19,"indent":null,"parameters":[]},{"code":0,"indent":null,"parameters":[]}],"repeat":false,"skippable":false,"wait":true}]},{"code":505,"indent":0,"parameters":[{"code":36,"indent":null,"parameters":[]}]},{"code":505,"indent":0,"parameters":[{"code":17,"indent":null,"parameters":[]}]},{"code":505,"indent":0,"parameters":[{"code":15,"indent":null,"parameters":[3]}]},{"code":505,"indent":0,"parameters":[{"code":18,"indent":null,"parameters":[]}]},{"code":505,"indent":0,"parameters":[{"code":15,"indent":null,"parameters":[3]}]},{"code":505,"indent":0,"parameters":[{"code":19,"indent":null,"parameters":[]}]},{"code":111,"indent":0,"parameters":[6,-1,8]},{"code":205,"indent":1,"parameters":[-1,{"list":[{"code":37,"indent":null,"parameters":[]},{"code":4,"indent":null,"parameters":[]},{"code":4,"indent":null,"parameters":[]},{"code":38,"indent":null,"parameters":[]},{"code":0,"indent":null,"parameters":[]}],"repeat":false,"skippable":true,"wait":true}]},{"code":505,"indent":1,"parameters":[{"code":37,"indent":null,"parameters":[]}]},{"code":505,"indent":1,"parameters":[{"code":4,"indent":null,"parameters":[]}]},{"code":505,"indent":1,"parameters":[{"code":4,"indent":null,"parameters":[]}]},{"code":505,"indent":1,"parameters":[{"code":38,"indent":null,"parameters":[]}]},{"code":0,"indent":1,"parameters":[]},{"code":411,"indent":0,"parameters":[]},{"code":205,"indent":1,"parameters":[-1,{"list":[{"code":37,"indent":null,"parameters":[]},{"code":1,"indent":null,"parameters":[]},{"code":1,"indent":null,"parameters":[]},{"code":38,"indent":null,"parameters":[]},{"code":0,"indent":null,"parameters":[]}],"repeat":false,"skippable":true,"wait":true}]},{"code":505,"indent":1,"parameters":[{"code":37,"indent":null,"parameters":[]}]},{"code":505,"indent":1,"parameters":[{"code":1,"indent":null,"parameters":[]}]},{"code":505,"indent":1,"parameters":[{"code":1,"indent":null,"parameters":[]}]},{"code":505,"indent":1,"parameters":[{"code":38,"indent":null,"parameters":[]}]},{"code":0,"indent":1,"parameters":[]},{"code":412,"indent":0,"parameters":[]},{"code":217,"indent":0,"parameters":[]},{"code":205,"indent":0,"parameters":[0,{"list":[{"code":18,"indent":null,"parameters":[]},{"code":15,"indent":null,"parameters":[3]},{"code":17,"indent":null,"parameters":[]},{"code":15,"indent":null,"parameters":[3]},{"code":16,"indent":null,"parameters":[]},{"code":35,"indent":null,"parameters":[]},{"code":0,"indent":null,"parameters":[]}],"repeat":false,"skippable":false,"wait":true}]},{"code":505,"indent":0,"parameters":[{"code":18,"indent":null,"parameters":[]}]},{"code":505,"indent":0,"parameters":[{"code":15,"indent":null,"parameters":[3]}]},{"code":505,"indent":0,"parameters":[{"code":17,"indent":null,"parameters":[]}]},{"code":505,"indent":0,"parameters":[{"code":15,"indent":null,"parameters":[3]}]},{"code":505,"indent":0,"parameters":[{"code":16,"indent":null,"parameters":[]}]},{"code":505,"indent":0,"parameters":[{"code":35,"indent":null,"parameters":[]}]},{"code":250,"indent":0,"parameters":[{"name":"Close2","pan":0,"pitch":100,"volume":100}]},{"code":0,"indent":0,"parameters":[]}]}],"x":13,"y":4},
{"id":13,"name":"Puerta Interior","note":"","pages":[{"conditions":{"actorId":1,"actorValid":false,"itemId":1,"itemValid":false,"selfSwitchCh":"A","selfSwitchValid":false,"switch1Id":1,"switch1Valid":false,"switch2Id":1,"switch2Valid":false,"variableId":1,"variableValid":false,"variableValue":0},"directionFix":true,"image":{"tileId":0,"characterName":"Objetos/!7-PuertaDoble-0","direction":2,"pattern":0,"characterIndex":6},"moveFrequency":3,"moveRoute":{"list":[{"code":0,"indent":null,"parameters":[]}],"repeat":true,"skippable":false,"wait":false},"moveSpeed":3,"moveType":0,"priorityType":1,"stepAnime":false,"through":false,"trigger":1,"walkAnime":false,"list":[{"code":250,"indent":0,"parameters":[{"name":"Open3","pan":0,"pitch":100,"volume":100}]},{"code":205,"indent":0,"parameters":[0,{"list":[{"code":36,"indent":null,"parameters":[]},{"code":17,"indent":null,"parameters":[]},{"code":15,"indent":null,"parameters":[3]},{"code":18,"indent":null,"parameters":[]},{"code":15,"indent":null,"parameters":[3]},{"code":19,"indent":null,"parameters":[]},{"code":0,"indent":null,"parameters":[]}],"repeat":false,"skippable":false,"wait":false}]},{"code":505,"indent":0,"parameters":[{"code":36,"indent":null,"parameters":[]}]},{"code":505,"indent":0,"parameters":[{"code":17,"indent":null,"parameters":[]}]},{"code":505,"indent":0,"parameters":[{"code":15,"indent":null,"parameters":[3]}]},{"code":505,"indent":0,"parameters":[{"code":18,"indent":null,"parameters":[]}]},{"code":505,"indent":0,"parameters":[{"code":15,"indent":null,"parameters":[3]}]},{"code":505,"indent":0,"parameters":[{"code":19,"indent":null,"parameters":[]}]},{"code":111,"indent":0,"parameters":[6,-1,8]},{"code":205,"indent":1,"parameters":[-1,{"list":[{"code":37,"indent":null,"parameters":[]},{"code":4,"indent":null,"parameters":[]},{"code":4,"indent":null,"parameters":[]},{"code":38,"indent":null,"parameters":[]},{"code":0,"indent":null,"parameters":[]}],"repeat":false,"skippable":true,"wait":true}]},{"code":505,"indent":1,"parameters":[{"code":37,"indent":null,"parameters":[]}]},{"code":505,"indent":1,"parameters":[{"code":4,"indent":null,"parameters":[]}]},{"code":505,"indent":1,"parameters":[{"code":4,"indent":null,"parameters":[]}]},{"code":505,"indent":1,"parameters":[{"code":38,"indent":null,"parameters":[]}]},{"code":0,"indent":1,"parameters":[]},{"code":411,"indent":0,"parameters":[]},{"code":205,"indent":1,"parameters":[-1,{"list":[{"code":37,"indent":null,"parameters":[]},{"code":1,"indent":null,"parameters":[]},{"code":1,"indent":null,"parameters":[]},{"code":38,"indent":null,"parameters":[]},{"code":0,"indent":null,"parameters":[]}],"repeat":false,"skippable":true,"wait":true}]},{"code":505,"indent":1,"parameters":[{"code":37,"indent":null,"parameters":[]}]},{"code":505,"indent":1,"parameters":[{"code":1,"indent":null,"parameters":[]}]},{"code":505,"indent":1,"parameters":[{"code":1,"indent":null,"parameters":[]}]},{"code":505,"indent":1,"parameters":[{"code":38,"indent":null,"parameters":[]}]},{"code":0,"indent":1,"parameters":[]},{"code":412,"indent":0,"parameters":[]},{"code":217,"indent":0,"parameters":[]},{"code":250,"indent":0,"parameters":[{"name":"Close3","pan":0,"pitch":100,"volume":100}]},{"code":205,"indent":0,"parameters":[0,{"list":[{"code":18,"indent":null,"parameters":[]},{"code":15,"indent":null,"parameters":[3]},{"code":17,"indent":null,"parameters":[]},{"code":15,"indent":null,"parameters":[3]},{"code":16,"indent":null,"parameters":[]},{"code":35,"indent":null,"parameters":[]},{"code":0,"indent":null,"parameters":[]}],"repeat":false,"skippable":false,"wait":false}]},{"code":505,"indent":0,"parameters":[{"code":18,"indent":null,"parameters":[]}]},{"code":505,"indent":0,"parameters":[{"code":15,"indent":null,"parameters":[3]}]},{"code":505,"indent":0,"parameters":[{"code":17,"indent":null,"parameters":[]}]},{"code":505,"indent":0,"parameters":[{"code":15,"indent":null,"parameters":[3]}]},{"code":505,"indent":0,"parameters":[{"code":16,"indent":null,"parameters":[]}]},{"code":505,"indent":0,"parameters":[{"code":35,"indent":null,"parameters":[]}]},{"code":0,"indent":0,"parameters":[]}]}],"x":15,"y":4},
{"id":14,"name":"Reja Interior","note":"","pages":[{"conditions":{"actorId":1,"actorValid":false,"itemId":1,"itemValid":false,"selfSwitchCh":"A","selfSwitchValid":false,"switch1Id":1,"switch1Valid":false,"switch2Id":1,"switch2Valid":false,"variableId":1,"variableValid":false,"variableValue":0},"directionFix":true,"image":{"tileId":0,"characterName":"Objetos/!7-PuertaDoble-0","direction":2,"pattern":1,"characterIndex":7},"moveFrequency":3,"moveRoute":{"list":[{"code":0,"indent":null,"parameters":[]}],"repeat":true,"skippable":false,"wait":false},"moveSpeed":3,"moveType":0,"priorityType":1,"stepAnime":false,"through":false,"trigger":1,"walkAnime":false,"list":[{"code":205,"indent":0,"parameters":[0,{"list":[{"code":36,"indent":null,"parameters":[]},{"code":44,"indent":null,"parameters":[{"name":"Earth3","pan":0,"pitch":90,"volume":100}]},{"code":17,"indent":null,"parameters":[]},{"code":15,"indent":null,"parameters":[28]},{"code":44,"indent":null,"parameters":[{"name":"Earth3","pan":0,"pitch":90,"volume":100}]},{"code":18,"indent":null,"parameters":[]},{"code":15,"indent":null,"parameters":[28]},{"code":19,"indent":null,"parameters":[]},{"code":44,"indent":null,"parameters":[{"name":"Earth3","pan":0,"pitch":90,"volume":100}]},{"code":0,"indent":null,"parameters":[]}],"repeat":false,"skippable":false,"wait":true}]},{"code":505,"indent":0,"parameters":[{"code":36,"indent":null,"parameters":[]}]},{"code":505,"indent":0,"parameters":[{"code":44,"indent":null,"parameters":[{"name":"Earth3","pan":0,"pitch":90,"volume":100}]}]},{"code":505,"indent":0,"parameters":[{"code":17,"indent":null,"parameters":[]}]},{"code":505,"indent":0,"parameters":[{"code":15,"indent":null,"parameters":[28]}]},{"code":505,"indent":0,"parameters":[{"code":44,"indent":null,"parameters":[{"name":"Earth3","pan":0,"pitch":90,"volume":100}]}]},{"code":505,"indent":0,"parameters":[{"code":18,"indent":null,"parameters":[]}]},{"code":505,"indent":0,"parameters":[{"code":15,"indent":null,"parameters":[28]}]},{"code":505,"indent":0,"parameters":[{"code":19,"indent":null,"parameters":[]}]},{"code":505,"indent":0,"parameters":[{"code":44,"indent":null,"parameters":[{"name":"Earth3","pan":0,"pitch":90,"volume":100}]}]},{"code":205,"indent":0,"parameters":[-1,{"list":[{"code":37,"indent":null,"parameters":[]},{"code":12,"indent":null,"parameters":[]},{"code":12,"indent":null,"parameters":[]},{"code":38,"indent":null,"parameters":[]},{"code":0,"indent":null,"parameters":[]}],"repeat":false,"skippable":true,"wait":true}]},{"code":505,"indent":0,"parameters":[{"code":37,"indent":null,"parameters":[]}]},{"code":505,"indent":0,"parameters":[{"code":12,"indent":null,"parameters":[]}]},{"code":505,"indent":0,"parameters":[{"code":12,"indent":null,"parameters":[]}]},{"code":505,"indent":0,"parameters":[{"code":38,"indent":null,"parameters":[]}]},{"code":217,"indent":0,"parameters":[]},{"code":205,"indent":0,"parameters":[0,{"list":[{"code":44,"indent":null,"parameters":[{"name":"Earth3","pan":0,"pitch":90,"volume":100}]},{"code":18,"indent":null,"parameters":[]},{"code":15,"indent":null,"parameters":[28]},{"code":44,"indent":null,"parameters":[{"name":"Earth3","pan":0,"pitch":90,"volume":100}]},{"code":17,"indent":null,"parameters":[]},{"code":15,"indent":null,"parameters":[28]},{"code":16,"indent":null,"parameters":[]},{"code":44,"indent":null,"parameters":[{"name":"Earth5","pan":0,"pitch":120,"volume":100}]},{"code":35,"indent":null,"parameters":[]},{"code":0,"indent":null,"parameters":[]}],"repeat":false,"skippable":false,"wait":true}]},{"code":505,"indent":0,"parameters":[{"code":44,"indent":null,"parameters":[{"name":"Earth3","pan":0,"pitch":90,"volume":100}]}]},{"code":505,"indent":0,"parameters":[{"code":18,"indent":null,"parameters":[]}]},{"code":505,"indent":0,"parameters":[{"code":15,"indent":null,"parameters":[28]}]},{"code":505,"indent":0,"parameters":[{"code":44,"indent":null,"parameters":[{"name":"Earth3","pan":0,"pitch":90,"volume":100}]}]},{"code":505,"indent":0,"parameters":[{"code":17,"indent":null,"parameters":[]}]},{"code":505,"indent":0,"parameters":[{"code":15,"indent":null,"parameters":[28]}]},{"code":505,"indent":0,"parameters":[{"code":16,"indent":null,"parameters":[]}]},{"code":505,"indent":0,"parameters":[{"code":44,"indent":null,"parameters":[{"name":"Earth5","pan":0,"pitch":120,"volume":100}]}]},{"code":505,"indent":0,"parameters":[{"code":35,"indent":null,"parameters":[]}]},{"code":0,"indent":0,"parameters":[]}]}],"x":17,"y":4},
{"id":15,"name":"Puerta Exterior","note":"","pages":[{"conditions":{"actorId":1,"actorValid":false,"itemId":1,"itemValid":false,"selfSwitchCh":"A","selfSwitchValid":false,"switch1Id":1,"switch1Valid":false,"switch2Id":1,"switch2Valid":false,"variableId":1,"variableValid":false,"variableValue":0},"directionFix":false,"image":{"tileId":0,"characterName":"Objetos/!7-PuertaDoble-0","direction":2,"pattern":2,"characterIndex":4},"moveFrequency":3,"moveRoute":{"list":[{"code":0,"indent":null,"parameters":[]}],"repeat":true,"skippable":false,"wait":false},"moveSpeed":3,"moveType":0,"priorityType":1,"stepAnime":false,"through":false,"trigger":1,"walkAnime":false,"list":[{"code":250,"indent":0,"parameters":[{"name":"Open2","pan":0,"pitch":100,"volume":100}]},{"code":205,"indent":0,"parameters":[0,{"list":[{"code":17,"indent":null,"parameters":[]},{"code":15,"indent":null,"parameters":[3]},{"code":18,"indent":null,"parameters":[]},{"code":15,"indent":null,"parameters":[3]},{"code":19,"indent":null,"parameters":[]},{"code":0,"indent":null,"parameters":[]}],"repeat":false,"skippable":false,"wait":true}]},{"code":505,"indent":0,"parameters":[{"code":17,"indent":null,"parameters":[]}]},{"code":505,"indent":0,"parameters":[{"code":15,"indent":null,"parameters":[3]}]},{"code":505,"indent":0,"parameters":[{"code":18,"indent":null,"parameters":[]}]},{"code":505,"indent":0,"parameters":[{"code":15,"indent":null,"parameters":[3]}]},{"code":505,"indent":0,"parameters":[{"code":19,"indent":null,"parameters":[]}]},{"code":123,"indent":0,"parameters":["A",0]},{"code":0,"indent":0,"parameters":[]}]},{"conditions":{"actorId":1,"actorValid":false,"itemId":1,"itemValid":false,"selfSwitchCh":"A","selfSwitchValid":true,"switch1Id":1,"switch1Valid":false,"switch2Id":1,"switch2Valid":false,"variableId":1,"variableValid":false,"variableValue":0},"directionFix":true,"image":{"tileId":0,"characterName":"Objetos/!7-PuertaDoble-0","direction":8,"pattern":2,"characterIndex":4},"moveFrequency":3,"moveRoute":{"list":[{"code":0,"indent":null,"parameters":[]}],"repeat":true,"skippable":false,"wait":false},"moveSpeed":3,"moveType":0,"priorityType":1,"stepAnime":false,"through":false,"trigger":1,"walkAnime":false,"list":[{"code":205,"indent":0,"parameters":[0,{"list":[{"code":36,"indent":null,"parameters":[]},{"code":18,"indent":null,"parameters":[]},{"code":15,"indent":null,"parameters":[3]},{"code":17,"indent":null,"parameters":[]},{"code":15,"indent":null,"parameters":[3]},{"code":16,"indent":null,"parameters":[]},{"code":0,"indent":null,"parameters":[]}],"repeat":false,"skippable":false,"wait":true}]},{"code":505,"indent":0,"parameters":[{"code":36,"indent":null,"parameters":[]}]},{"code":505,"indent":0,"parameters":[{"code":18,"indent":null,"parameters":[]}]},{"code":505,"indent":0,"parameters":[{"code":15,"indent":null,"parameters":[3]}]},{"code":505,"indent":0,"parameters":[{"code":17,"indent":null,"parameters":[]}]},{"code":505,"indent":0,"parameters":[{"code":15,"indent":null,"parameters":[3]}]},{"code":505,"indent":0,"parameters":[{"code":16,"indent":null,"parameters":[]}]},{"code":250,"indent":0,"parameters":[{"name":"Close2","pan":0,"pitch":100,"volume":100}]},{"code":123,"indent":0,"parameters":["A",1]},{"code":0,"indent":0,"parameters":[]}]}],"x":11,"y":2},
{"id":16,"name":"Puerta Exterior","note":"","pages":[{"conditions":{"actorId":1,"actorValid":false,"itemId":1,"itemValid":false,"selfSwitchCh":"A","selfSwitchValid":false,"switch1Id":1,"switch1Valid":false,"switch2Id":1,"switch2Valid":false,"variableId":1,"variableValid":false,"variableValue":0},"directionFix":false,"image":{"tileId":0,"characterName":"Objetos/!7-PuertaDoble-0","direction":2,"pattern":1,"characterIndex":5},"moveFrequency":3,"moveRoute":{"list":[{"code":0,"indent":null,"parameters":[]}],"repeat":true,"skippable":false,"wait":false},"moveSpeed":3,"moveType":0,"priorityType":1,"stepAnime":false,"through":false,"trigger":1,"walkAnime":false,"list":[{"code":250,"indent":0,"parameters":[{"name":"Open2","pan":0,"pitch":100,"volume":100}]},{"code":205,"indent":0,"parameters":[0,{"list":[{"code":17,"indent":null,"parameters":[]},{"code":15,"indent":null,"parameters":[3]},{"code":18,"indent":null,"parameters":[]},{"code":15,"indent":null,"parameters":[3]},{"code":19,"indent":null,"parameters":[]},{"code":0,"indent":null,"parameters":[]}],"repeat":false,"skippable":false,"wait":true}]},{"code":505,"indent":0,"parameters":[{"code":17,"indent":null,"parameters":[]}]},{"code":505,"indent":0,"parameters":[{"code":15,"indent":null,"parameters":[3]}]},{"code":505,"indent":0,"parameters":[{"code":18,"indent":null,"parameters":[]}]},{"code":505,"indent":0,"parameters":[{"code":15,"indent":null,"parameters":[3]}]},{"code":505,"indent":0,"parameters":[{"code":19,"indent":null,"parameters":[]}]},{"code":123,"indent":0,"parameters":["A",0]},{"code":0,"indent":0,"parameters":[]}]},{"conditions":{"actorId":1,"actorValid":false,"itemId":1,"itemValid":false,"selfSwitchCh":"A","selfSwitchValid":true,"switch1Id":1,"switch1Valid":false,"switch2Id":1,"switch2Valid":false,"variableId":1,"variableValid":false,"variableValue":0},"directionFix":true,"image":{"tileId":0,"characterName":"Objetos/!7-PuertaDoble-0","direction":8,"pattern":1,"characterIndex":5},"moveFrequency":3,"moveRoute":{"list":[{"code":0,"indent":null,"parameters":[]}],"repeat":true,"skippable":false,"wait":false},"moveSpeed":3,"moveType":0,"priorityType":1,"stepAnime":false,"through":false,"trigger":1,"walkAnime":false,"list":[{"code":205,"indent":0,"parameters":[0,{"list":[{"code":36,"indent":null,"parameters":[]},{"code":18,"indent":null,"parameters":[]},{"code":15,"indent":null,"parameters":[3]},{"code":17,"indent":null,"parameters":[]},{"code":15,"indent":null,"parameters":[3]},{"code":16,"indent":null,"parameters":[]},{"code":0,"indent":null,"parameters":[]}],"repeat":false,"skippable":false,"wait":true}]},{"code":505,"indent":0,"parameters":[{"code":36,"indent":null,"parameters":[]}]},{"code":505,"indent":0,"parameters":[{"code":18,"indent":null,"parameters":[]}]},{"code":505,"indent":0,"parameters":[{"code":15,"indent":null,"parameters":[3]}]},{"code":505,"indent":0,"parameters":[{"code":17,"indent":null,"parameters":[]}]},{"code":505,"indent":0,"parameters":[{"code":15,"indent":null,"parameters":[3]}]},{"code":505,"indent":0,"parameters":[{"code":16,"indent":null,"parameters":[]}]},{"code":250,"indent":0,"parameters":[{"name":"Close2","pan":0,"pitch":100,"volume":100}]},{"code":123,"indent":0,"parameters":["A",1]},{"code":0,"indent":0,"parameters":[]}]}],"x":13,"y":2},
{"id":17,"name":"Puerta Exterior","note":"","pages":[{"conditions":{"actorId":1,"actorValid":false,"itemId":1,"itemValid":false,"selfSwitchCh":"A","selfSwitchValid":false,"switch1Id":1,"switch1Valid":false,"switch2Id":1,"switch2Valid":false,"variableId":1,"variableValid":false,"variableValue":0},"directionFix":false,"image":{"tileId":0,"characterName":"Objetos/!7-PuertaDoble-0","direction":2,"pattern":0,"characterIndex":6},"moveFrequency":3,"moveRoute":{"list":[{"code":0,"indent":null,"parameters":[]}],"repeat":true,"skippable":false,"wait":false},"moveSpeed":3,"moveType":0,"priorityType":1,"stepAnime":false,"through":false,"trigger":1,"walkAnime":false,"list":[{"code":250,"indent":0,"parameters":[{"name":"Open3","pan":0,"pitch":100,"volume":100}]},{"code":205,"indent":0,"parameters":[0,{"list":[{"code":17,"indent":null,"parameters":[]},{"code":15,"indent":null,"parameters":[3]},{"code":18,"indent":null,"parameters":[]},{"code":15,"indent":null,"parameters":[3]},{"code":19,"indent":null,"parameters":[]},{"code":0,"indent":null,"parameters":[]}],"repeat":false,"skippable":false,"wait":true}]},{"code":505,"indent":0,"parameters":[{"code":17,"indent":null,"parameters":[]}]},{"code":505,"indent":0,"parameters":[{"code":15,"indent":null,"parameters":[3]}]},{"code":505,"indent":0,"parameters":[{"code":18,"indent":null,"parameters":[]}]},{"code":505,"indent":0,"parameters":[{"code":15,"indent":null,"parameters":[3]}]},{"code":505,"indent":0,"parameters":[{"code":19,"indent":null,"parameters":[]}]},{"code":123,"indent":0,"parameters":["A",0]},{"code":0,"indent":0,"parameters":[]}]},{"conditions":{"actorId":1,"actorValid":false,"itemId":1,"itemValid":false,"selfSwitchCh":"A","selfSwitchValid":true,"switch1Id":1,"switch1Valid":false,"switch2Id":1,"switch2Valid":false,"variableId":1,"variableValid":false,"variableValue":0},"directionFix":true,"image":{"tileId":0,"characterName":"Objetos/!7-PuertaDoble-0","direction":8,"pattern":0,"characterIndex":6},"moveFrequency":3,"moveRoute":{"list":[{"code":0,"indent":null,"parameters":[]}],"repeat":true,"skippable":false,"wait":false},"moveSpeed":3,"moveType":0,"priorityType":1,"stepAnime":false,"through":false,"trigger":1,"walkAnime":false,"list":[{"code":250,"indent":0,"parameters":[{"name":"Close3","pan":0,"pitch":100,"volume":100}]},{"code":205,"indent":0,"parameters":[0,{"list":[{"code":36,"indent":null,"parameters":[]},{"code":18,"indent":null,"parameters":[]},{"code":15,"indent":null,"parameters":[3]},{"code":17,"indent":null,"parameters":[]},{"code":15,"indent":null,"parameters":[3]},{"code":16,"indent":null,"parameters":[]},{"code":0,"indent":null,"parameters":[]}],"repeat":false,"skippable":false,"wait":true}]},{"code":505,"indent":0,"parameters":[{"code":36,"indent":null,"parameters":[]}]},{"code":505,"indent":0,"parameters":[{"code":18,"indent":null,"parameters":[]}]},{"code":505,"indent":0,"parameters":[{"code":15,"indent":null,"parameters":[3]}]},{"code":505,"indent":0,"parameters":[{"code":17,"indent":null,"parameters":[]}]},{"code":505,"indent":0,"parameters":[{"code":15,"indent":null,"parameters":[3]}]},{"code":505,"indent":0,"parameters":[{"code":16,"indent":null,"parameters":[]}]},{"code":123,"indent":0,"parameters":["A",1]},{"code":0,"indent":0,"parameters":[]}]}],"x":15,"y":2},
{"id":18,"name":"Reja Exterior","note":"","pages":[{"conditions":{"actorId":1,"actorValid":false,"itemId":1,"itemValid":false,"selfSwitchCh":"A","selfSwitchValid":false,"switch1Id":1,"switch1Valid":false,"switch2Id":1,"switch2Valid":false,"variableId":1,"variableValid":false,"variableValue":0},"directionFix":false,"image":{"tileId":0,"characterName":"Objetos/!7-PuertaDoble-0","direction":2,"pattern":2,"characterIndex":6},"moveFrequency":3,"moveRoute":{"list":[{"code":0,"indent":null,"parameters":[]}],"repeat":true,"skippable":false,"wait":false},"moveSpeed":3,"moveType":0,"priorityType":1,"stepAnime":false,"through":false,"trigger":1,"walkAnime":false,"list":[{"code":205,"indent":0,"parameters":[0,{"list":[{"code":44,"indent":null,"parameters":[{"name":"Earth3","pan":0,"pitch":90,"volume":100}]},{"code":17,"indent":null,"parameters":[]},{"code":15,"indent":null,"parameters":[28]},{"code":44,"indent":null,"parameters":[{"name":"Earth3","pan":0,"pitch":90,"volume":100}]},{"code":18,"indent":null,"parameters":[]},{"code":15,"indent":null,"parameters":[28]},{"code":19,"indent":null,"parameters":[]},{"code":44,"indent":null,"parameters":[{"name":"Earth3","pan":0,"pitch":90,"volume":100}]},{"code":0,"indent":null,"parameters":[]}],"repeat":false,"skippable":false,"wait":true}]},{"code":505,"indent":0,"parameters":[{"code":44,"indent":null,"parameters":[{"name":"Earth3","pan":0,"pitch":90,"volume":100}]}]},{"code":505,"indent":0,"parameters":[{"code":17,"indent":null,"parameters":[]}]},{"code":505,"indent":0,"parameters":[{"code":15,"indent":null,"parameters":[28]}]},{"code":505,"indent":0,"parameters":[{"code":44,"indent":null,"parameters":[{"name":"Earth3","pan":0,"pitch":90,"volume":100}]}]},{"code":505,"indent":0,"parameters":[{"code":18,"indent":null,"parameters":[]}]},{"code":505,"indent":0,"parameters":[{"code":15,"indent":null,"parameters":[28]}]},{"code":505,"indent":0,"parameters":[{"code":19,"indent":null,"parameters":[]}]},{"code":505,"indent":0,"parameters":[{"code":44,"indent":null,"parameters":[{"name":"Earth3","pan":0,"pitch":90,"volume":100}]}]},{"code":123,"indent":0,"parameters":["A",0]},{"code":0,"indent":0,"parameters":[]}]},{"conditions":{"actorId":1,"actorValid":false,"itemId":1,"itemValid":false,"selfSwitchCh":"A","selfSwitchValid":true,"switch1Id":1,"switch1Valid":false,"switch2Id":1,"switch2Valid":false,"variableId":1,"variableValid":false,"variableValue":0},"directionFix":true,"image":{"tileId":0,"characterName":"Objetos/!7-PuertaDoble-0","direction":8,"pattern":2,"characterIndex":6},"moveFrequency":3,"moveRoute":{"list":[{"code":0,"indent":null,"parameters":[]}],"repeat":true,"skippable":false,"wait":false},"moveSpeed":3,"moveType":0,"priorityType":1,"stepAnime":false,"through":false,"trigger":1,"walkAnime":false,"list":[{"code":205,"indent":0,"parameters":[0,{"list":[{"code":36,"indent":null,"parameters":[]},{"code":44,"indent":null,"parameters":[{"name":"Earth3","pan":0,"pitch":90,"volume":100}]},{"code":18,"indent":null,"parameters":[]},{"code":15,"indent":null,"parameters":[24]},{"code":44,"indent":null,"parameters":[{"name":"Earth3","pan":0,"pitch":90,"volume":100}]},{"code":17,"indent":null,"parameters":[]},{"code":15,"indent":null,"parameters":[24]},{"code":16,"indent":null,"parameters":[]},{"code":44,"indent":null,"parameters":[{"name":"Earth5","pan":0,"pitch":120,"volume":100}]},{"code":0,"indent":null,"parameters":[]}],"repeat":false,"skippable":false,"wait":true}]},{"code":505,"indent":0,"parameters":[{"code":36,"indent":null,"parameters":[]}]},{"code":505,"indent":0,"parameters":[{"code":44,"indent":null,"parameters":[{"name":"Earth3","pan":0,"pitch":90,"volume":100}]}]},{"code":505,"indent":0,"parameters":[{"code":18,"indent":null,"parameters":[]}]},{"code":505,"indent":0,"parameters":[{"code":15,"indent":null,"parameters":[24]}]},{"code":505,"indent":0,"parameters":[{"code":44,"indent":null,"parameters":[{"name":"Earth3","pan":0,"pitch":90,"volume":100}]}]},{"code":505,"indent":0,"parameters":[{"code":17,"indent":null,"parameters":[]}]},{"code":505,"indent":0,"parameters":[{"code":15,"indent":null,"parameters":[24]}]},{"code":505,"indent":0,"parameters":[{"code":16,"indent":null,"parameters":[]}]},{"code":505,"indent":0,"parameters":[{"code":44,"indent":null,"parameters":[{"name":"Earth5","pan":0,"pitch":120,"volume":100}]}]},{"code":123,"indent":0,"parameters":["A",1]},{"code":0,"indent":0,"parameters":[]}]}],"x":17,"y":2}
]
}