[
null,
{"id":1,"expanded":false,"name":"Plantillas","order":1,"parentId":0,"scrollX":1131,"scrollY":629.5},
{"id":2,"expanded":false,"name":"Puertas","order":2,"parentId":1,"scrollX":811,"scrollY":457.5},
{"id":3,"expanded":false,"name":"Teletransportes","order":3,"parentId":1,"scrollX":1050,"scrollY":591},
{"id":4,"expanded":false,"name":"Eventos Interior","order":4,"parentId":1,"scrollX":875,"scrollY":484.5},
{"id":5,"expanded":false,"name":"Enemigos","order":5,"parentId":1,"scrollX":875,"scrollY":492.5},
{"id":6,"expanded":false,"name":"Spawner","order":13,"parentId":1,"scrollX":1131,"scrollY":629.5},
{"id":7,"expanded":false,"name":"Eventos Especiales","order":6,"parentId":1,"scrollX":1131,"scrollY":629.5},
{"id":8,"expanded":false,"name":"Interruptores","order":7,"parentId":1,"scrollX":0,"scrollY":0},
{"id":9,"expanded":false,"name":"Luces","order":8,"parentId":1,"scrollX":811,"scrollY":449.5},
{"id":10,"expanded":false,"name":"Custom Menus","order":9,"parentId":1,"scrollX":1216.5,"scrollY":686.25},
{"id":11,"expanded":true,"name":"Mapamundi","order":14,"parentId":0,"scrollX":6291,"scrollY":5403.5},
{"id":12,"expanded":false,"name":"Quests","order":10,"parentId":1,"scrollX":0,"scrollY":0},
{"id":13,"expanded":true,"name":"Parallaxes","order":11,"parentId":1,"scrollX":1216.5,"scrollY":686.25},
{"id":14,"expanded":false,"name":"Switch Party","order":12,"parentId":1,"scrollX":811,"scrollY":457.5},
{"id":15,"expanded":false,"name":"Posada","order":16,"parentId":16,"scrollX":1050,"scrollY":581.4,"note":"","params":[],"damage":{"critical":"","elementId":"","formula":"","type":"","variance":""}},
{"id":16,"expanded":true,"name":"Lehen","order":15,"parentId":11,"scrollX":1131,"scrollY":637.5,"note":"","params":[],"damage":{"critical":"","elementId":"","formula":"","type":"","variance":""}},
{"id":17,"expanded":false,"name":"Planta Superior","order":17,"parentId":15,"scrollX":819,"scrollY":598.5,"note":"","params":[],"damage":{"critical":"","elementId":"","formula":"","type":"","variance":""}},
{"id":18,"expanded":false,"name":"Choza de madera","order":18,"parentId":16,"scrollX":1216.5,"scrollY":686.25,"note":"","params":[],"damage":{"critical":"","elementId":"","formula":"","type":"","variance":""}},
{"id":19,"expanded":false,"name":"Tienda de objetos","order":19,"parentId":16,"scrollX":1131,"scrollY":637.5,"note":"","params":[],"damage":{"critical":"","elementId":"","formula":"","type":"","variance":""}},
{"id":20,"expanded":false,"name":"Casa lago","order":20,"parentId":16,"scrollX":875,"scrollY":484.5,"note":"","params":[],"damage":{"critical":"","elementId":"","formula":"","type":"","variance":""}},
{"id":21,"expanded":false,"name":"Tasador","order":21,"parentId":16,"scrollX":819,"scrollY":502.5,"note":"","params":[],"damage":{"critical":"","elementId":"","formula":"","type":"","variance":""}},
{"id":22,"expanded":false,"name":"Casa bañera","order":22,"parentId":16,"scrollX":811,"scrollY":502.5,"note":"","params":[],"damage":{"critical":"","elementId":"","formula":"","type":"","variance":""}},
{"id":23,"expanded":false,"name":"Ayuntamiento","order":23,"parentId":16,"scrollX":1357.2,"scrollY":755.4,"note":"","params":[],"damage":{"critical":"","elementId":"","formula":"","type":"","variance":""}},
{"id":24,"expanded":false,"name":"Planta Superior","order":24,"parentId":23,"scrollX":811,"scrollY":474.5,"note":"","params":[],"damage":{"critical":"","elementId":"","formula":"","type":"","variance":""}},
{"id":25,"expanded":false,"name":"Casa jardin","order":25,"parentId":16,"scrollX":1050,"scrollY":581.4,"note":"","params":[],"damage":{"critical":"","elementId":"","formula":"","type":"","variance":""}},
{"id":26,"expanded":false,"name":"Casa gallinas","order":26,"parentId":16,"scrollX":819,"scrollY":502.5,"note":"","params":[],"damage":{"critical":"","elementId":"","formula":"","type":"","variance":""}},
{"id":27,"expanded":false,"name":"Casa verduras","order":27,"parentId":16,"scrollX":1131,"scrollY":637.5,"note":"","params":[],"damage":{"critical":"","elementId":"","formula":"","type":"","variance":""}},
{"id":28,"expanded":false,"name":"Sótano","order":28,"parentId":27,"scrollX":2162.6666666666665,"scrollY":1220,"note":"","params":[],"damage":{"critical":"","elementId":"","formula":"","type":"","variance":""}},
{"id":29,"expanded":false,"name":"Granja","order":29,"parentId":11,"scrollX":1131,"scrollY":658.5},
{"id":30,"expanded":true,"name":"Planta baja","order":30,"parentId":29,"scrollX":1131,"scrollY":637.5},
{"id":31,"expanded":false,"name":"Piso superior","order":31,"parentId":30,"scrollX":875,"scrollY":484.5},
{"id":32,"expanded":false,"name":"Mina Lehen","order":32,"parentId":11,"scrollX":1131,"scrollY":629.5,"note":"","params":[],"damage":{"critical":"","elementId":"","formula":"","type":"","variance":""}},
{"id":33,"expanded":false,"name":"1F","order":33,"parentId":32,"scrollX":1369,"scrollY":2242.5},
{"id":34,"expanded":false,"name":"Salida Lehen","order":34,"parentId":33,"scrollX":875,"scrollY":707.5},
{"id":35,"expanded":true,"name":"Rhuntime","order":35,"parentId":11,"scrollX":1697,"scrollY":956.5},
{"id":36,"expanded":true,"name":"Castillo Rhuntime","order":36,"parentId":35,"scrollX":1696.5,"scrollY":1347.75},
{"id":37,"expanded":false,"name":"Intro","order":61,"parentId":0,"scrollX":1131,"scrollY":629.5},
{"id":38,"expanded":false,"name":"Abadía Argia","order":55,"parentId":11,"scrollX":1405,"scrollY":839.5},
{"id":39,"expanded":false,"name":"Nexo Rhuntime","order":60,"parentId":11,"scrollX":1131,"scrollY":757.5},
{"id":40,"expanded":true,"name":"Bosque Goedwig","order":53,"parentId":11,"scrollX":1749,"scrollY":1480.5},
{"id":41,"expanded":false,"name":"Casa Bosque","order":54,"parentId":40,"scrollX":1131,"scrollY":1282.5},
{"id":42,"expanded":false,"name":"Bar","order":41,"parentId":35,"scrollX":1131,"scrollY":898.5},
{"id":43,"expanded":false,"name":"1F","order":37,"parentId":36,"scrollX":1131,"scrollY":1236.5},
{"id":44,"expanded":false,"name":"2F","order":38,"parentId":36,"scrollX":1131,"scrollY":677.5},
{"id":45,"expanded":false,"name":"3F","order":39,"parentId":36,"scrollX":1131,"scrollY":822.5},
{"id":46,"expanded":false,"name":"Escena salida Brian","order":42,"parentId":35,"scrollX":1131,"scrollY":637.5},
{"id":47,"expanded":false,"name":"1F","order":56,"parentId":38,"scrollX":1209,"scrollY":629.5},
{"id":48,"expanded":false,"name":"2F","order":57,"parentId":38,"scrollX":1708.5,"scrollY":944.25},
{"id":49,"expanded":true,"name":"3F","order":58,"parentId":38,"scrollX":1709,"scrollY":629.5},
{"id":50,"expanded":false,"name":"Tienda de armas","order":43,"parentId":35,"scrollX":1131,"scrollY":629.5,"note":"","params":[],"damage":{"critical":"","elementId":"","formula":"","type":"","variance":""}},
{"id":51,"expanded":false,"name":"Oficina Argia","order":59,"parentId":49,"scrollX":1131,"scrollY":637.5},
{"id":52,"expanded":false,"name":"Tienda de objetos","order":44,"parentId":35,"scrollX":1131,"scrollY":637.5,"note":"","params":[],"damage":{"critical":"","elementId":"","formula":"","type":"","variance":""}},
{"id":53,"expanded":false,"name":"Posada 1F","order":45,"parentId":35,"scrollX":1131,"scrollY":629.5},
{"id":54,"expanded":false,"name":"Posada 2F","order":46,"parentId":53,"scrollX":811,"scrollY":449.5},
{"id":55,"expanded":false,"name":"-1F","order":40,"parentId":36,"scrollX":1050,"scrollY":591},
{"id":56,"expanded":false,"name":"Iglesia","order":48,"parentId":35,"scrollX":883,"scrollY":563.5},
{"id":57,"expanded":false,"name":"Casa coleccionista","order":47,"parentId":35,"scrollX":875,"scrollY":492.5},
{"id":58,"expanded":true,"name":"Sociedad Aventureros","order":49,"parentId":35,"scrollX":1131,"scrollY":637.5},
{"id":59,"expanded":false,"name":"Sótano","order":50,"parentId":58,"scrollX":816,"scrollY":624},
{"id":60,"expanded":false,"name":"Casa herrero","order":51,"parentId":35,"scrollX":1131,"scrollY":629.5},
{"id":61,"expanded":false,"name":"Casa ancianos","order":52,"parentId":35,"scrollX":1909.0909090909092,"scrollY":1074.5454545454545}
]