[
null,
{"id":1,"members":[{"enemyId":7,"x":261,"y":218,"hidden":false},{"enemyId":7,"x":143,"y":300,"hidden":false}],"name":"Ogro Tutorial","pages":[{"conditions":{"actorHp":50,"actorId":1,"actorValid":false,"enemyHp":50,"enemyIndex":0,"enemyValid":false,"switchId":1,"switchValid":false,"turnA":0,"turnB":0,"turnEnding":false,"turnValid":false},"list":[{"code":121,"indent":0,"parameters":[13,13,0]},{"code":357,"indent":0,"parameters":["VisuMZ_1_MessageCore","MessageWindowProperties","Message: Properties",{"Rows:num":"4","Width:num":"960","Center:eval":"true","WordWrap:str":"No Change"}]},{"code":657,"indent":0,"parameters":["Rows = 4"]},{"code":657,"indent":0,"parameters":["Width = 960"]},{"code":657,"indent":0,"parameters":["Center Window X? = true"]},{"code":657,"indent":0,"parameters":["Word Wrap = No Change"]},{"code":101,"indent":0,"parameters":["",0,2,2,""]},{"code":401,"indent":0,"parameters":["\\i[1025] Brian"]},{"code":401,"indent":0,"parameters":["Te veo cansado Alex, ¿necesitas que te explique lo básico?"]},{"code":102,"indent":0,"parameters":[["Sí","No"],1,0,1,0]},{"code":402,"indent":0,"parameters":[0,"Sí"]},{"code":101,"indent":1,"parameters":["",0,2,2,""]},{"code":401,"indent":1,"parameters":["\\i[1025] Brian"]},{"code":401,"indent":1,"parameters":["Sin problema. ¿Daisy, me ayudas con la explicación?"]},{"code":101,"indent":1,"parameters":["",0,2,2,""]},{"code":401,"indent":1,"parameters":["\\i[1027] Daisy"]},{"code":401,"indent":1,"parameters":["¡Claro! Los combates son por turnos y la prioridad se fija"]},{"code":401,"indent":1,"parameters":["en función de la velocidad de los personajes y enemigos."]},{"code":101,"indent":1,"parameters":["",0,2,2,""]},{"code":401,"indent":1,"parameters":["\\i[1027] Daisy"]},{"code":401,"indent":1,"parameters":["¿Ves? En la derecha puedes ver el orden de los turnos. El que"]},{"code":401,"indent":1,"parameters":["está más arriba es justo el siguiente en realizar una acción."]},{"code":101,"indent":1,"parameters":["",0,2,2,""]},{"code":401,"indent":1,"parameters":["\\i[1027] Daisy"]},{"code":401,"indent":1,"parameters":["Abajo tienes el estado de cada uno de nosotros. Cuánta vida"]},{"code":401,"indent":1,"parameters":["tenemos, cómo vamos de puntos mágicos y los puntos técnicos."]},{"code":101,"indent":1,"parameters":["",0,2,2,""]},{"code":401,"indent":1,"parameters":["\\i[1027] Daisy"]},{"code":401,"indent":1,"parameters":["Los estados alterados aparecen encima de nuestra cabeza."]},{"code":401,"indent":1,"parameters":["El número indica cuántos turnos estará activo."]},{"code":101,"indent":1,"parameters":["",0,2,2,""]},{"code":401,"indent":1,"parameters":["\\i[1025] Brian"]},{"code":401,"indent":1,"parameters":["Cuando sea nuestro turno, puedes seleccionar qué acción haremos:"]},{"code":401,"indent":1,"parameters":["Golpear, habilidades, defendernos, objetos y por supuesto huir."]},{"code":101,"indent":1,"parameters":["",0,2,2,""]},{"code":401,"indent":1,"parameters":["\\i[1027] Daisy"]},{"code":401,"indent":1,"parameters":["Cada uno de nosotros tenemos un rol y una utilidad en el grupo."]},{"code":401,"indent":1,"parameters":["Alex, tú eres versátil y haces todo más o menos bien."]},{"code":101,"indent":1,"parameters":["",0,2,2,""]},{"code":401,"indent":1,"parameters":["\\i[1025] Brian"]},{"code":401,"indent":1,"parameters":["Yo me encargo de golpear fuerte con técnicas físicas y tengo"]},{"code":401,"indent":1,"parameters":["buena defensa por lo que siempre soy el más duro de pelar."]},{"code":101,"indent":1,"parameters":["",0,2,2,""]},{"code":401,"indent":1,"parameters":["\\i[1026] Carol"]},{"code":401,"indent":1,"parameters":["¡Oye! No os olvidéis de mí. Mi ataque físico es muy flojo, como"]},{"code":401,"indent":1,"parameters":["el de Daisy, pero lo compenso con hechizos mágicos muy potentes."]},{"code":101,"indent":1,"parameters":["",0,2,2,""]},{"code":401,"indent":1,"parameters":["\\i[1027] Daisy"]},{"code":401,"indent":1,"parameters":["Y yo me encargo de curar y tener al grupo siempre a punto."]},{"code":401,"indent":1,"parameters":["Eso sí, mi defensa es un poco mejor y aguanto algunos golpes."]},{"code":101,"indent":1,"parameters":["",0,2,2,""]},{"code":401,"indent":1,"parameters":["\\i[1027] Daisy"]},{"code":401,"indent":1,"parameters":["Si ves que el combate es muy fácil. Puedes pulsar el botón X"]},{"code":401,"indent":1,"parameters":["y pasar a modo automático para que tomemos nuestras decisiones."]},{"code":101,"indent":1,"parameters":["",0,2,2,""]},{"code":401,"indent":1,"parameters":["\\i[1025] Brian"]},{"code":401,"indent":1,"parameters":["Por supuesto este combate es muy sencillo por lo que no"]},{"code":401,"indent":1,"parameters":["vamos a usar atajos para algo tan fácil\\..\\..\\.. ¡Venga, vamos!"]},{"code":0,"indent":1,"parameters":[]},{"code":402,"indent":0,"parameters":[1,"No"]},{"code":101,"indent":1,"parameters":["",0,2,2,""]},{"code":401,"indent":1,"parameters":["\\i[1025] Brian"]},{"code":401,"indent":1,"parameters":["¡Perfecto! Venga, vamos a acabar con este ogro para llegar"]},{"code":401,"indent":1,"parameters":["a Lehen y poder descansar. Son dos contra cuatro. Fácil."]},{"code":0,"indent":1,"parameters":[]},{"code":404,"indent":0,"parameters":[]},{"code":121,"indent":0,"parameters":[13,13,1]},{"code":0,"indent":0,"parameters":[]}],"span":0}],"note":"","params":[],"damage":{"critical":"","elementId":"","formula":"","type":"","variance":""}},
{"id":2,"members":[{"enemyId":2,"x":233,"y":229,"hidden":false},{"enemyId":2,"x":159,"y":326,"hidden":false}],"name":"Limo x 2","pages":[{"conditions":{"actorHp":50,"actorId":1,"actorValid":false,"enemyHp":50,"enemyIndex":0,"enemyValid":false,"switchId":1,"switchValid":false,"turnA":0,"turnB":0,"turnEnding":false,"turnValid":false},"list":[{"code":0,"indent":0,"parameters":[]}],"span":0}],"note":"","params":[],"damage":{"critical":"","elementId":"","formula":"","type":"","variance":""}},
{"id":3,"members":[{"enemyId":2,"x":230,"y":232,"hidden":false},{"enemyId":2,"x":157,"y":310,"hidden":false},{"enemyId":2,"x":105,"y":393,"hidden":false}],"name":"Limo x 3","pages":[{"conditions":{"actorHp":50,"actorId":1,"actorValid":false,"enemyHp":50,"enemyIndex":0,"enemyValid":false,"switchId":1,"switchValid":false,"turnA":0,"turnB":0,"turnEnding":false,"turnValid":false},"list":[{"code":0,"indent":0,"parameters":[]}],"span":0}],"note":"","params":[],"damage":{"critical":"","elementId":"","formula":"","type":"","variance":""}},
{"id":4,"members":[{"enemyId":2,"x":245,"y":184,"hidden":false},{"enemyId":2,"x":79,"y":229,"hidden":false},{"enemyId":2,"x":81,"y":327,"hidden":false},{"enemyId":2,"x":249,"y":368,"hidden":false}],"name":"Limo x 4","pages":[{"conditions":{"actorHp":50,"actorId":1,"actorValid":false,"enemyHp":50,"enemyIndex":0,"enemyValid":false,"switchId":1,"switchValid":false,"turnA":0,"turnB":0,"turnEnding":false,"turnValid":false},"list":[{"code":0,"indent":0,"parameters":[]}],"span":0}],"note":"","params":[],"damage":{"critical":"","elementId":"","formula":"","type":"","variance":""}},
{"id":5,"members":[{"enemyId":2,"x":103,"y":299,"hidden":false}],"name":"Limo","pages":[{"conditions":{"actorHp":50,"actorId":1,"actorValid":false,"enemyHp":50,"enemyIndex":0,"enemyValid":false,"switchId":1,"switchValid":false,"turnA":0,"turnB":0,"turnEnding":false,"turnValid":false},"list":[{"code":0,"indent":0,"parameters":[]}],"span":0}],"note":"","params":[],"damage":{"critical":"","elementId":"","formula":"","type":"","variance":""}},
{"id":6,"members":[{"enemyId":3,"x":100,"y":303,"hidden":false}],"name":"Esqueleto","pages":[{"conditions":{"actorHp":50,"actorId":1,"actorValid":false,"enemyHp":50,"enemyIndex":0,"enemyValid":false,"switchId":1,"switchValid":false,"turnA":0,"turnB":0,"turnEnding":false,"turnValid":false},"list":[{"code":0,"indent":0,"parameters":[]}],"span":0}],"note":"","params":[],"damage":{"critical":"","elementId":"","formula":"","type":"","variance":""}},
{"id":7,"members":[{"enemyId":3,"x":121,"y":331,"hidden":false},{"enemyId":3,"x":205,"y":214,"hidden":false}],"name":"Esqueleto x 2","pages":[{"conditions":{"actorHp":50,"actorId":1,"actorValid":false,"enemyHp":50,"enemyIndex":0,"enemyValid":false,"switchId":1,"switchValid":false,"turnA":0,"turnB":0,"turnEnding":false,"turnValid":false},"list":[{"code":0,"indent":0,"parameters":[]}],"span":0}],"note":"","params":[],"damage":{"critical":"","elementId":"","formula":"","type":"","variance":""}},
{"id":8,"members":[{"enemyId":3,"x":152,"y":370,"hidden":false},{"enemyId":3,"x":58,"y":295,"hidden":false},{"enemyId":3,"x":180,"y":215,"hidden":false}],"name":"Esqueleto x 3","pages":[{"conditions":{"actorHp":50,"actorId":1,"actorValid":false,"enemyHp":50,"enemyIndex":0,"enemyValid":false,"switchId":1,"switchValid":false,"turnA":0,"turnB":0,"turnEnding":false,"turnValid":false},"list":[{"code":0,"indent":0,"parameters":[]}],"span":0}],"note":"","params":[],"damage":{"critical":"","elementId":"","formula":"","type":"","variance":""}},
{"id":9,"members":[{"enemyId":4,"x":223,"y":223,"hidden":false},{"enemyId":4,"x":139,"y":342,"hidden":false}],"name":"Murciélago x 2","pages":[{"conditions":{"actorHp":50,"actorId":1,"actorValid":false,"enemyHp":50,"enemyIndex":0,"enemyValid":false,"switchId":1,"switchValid":false,"turnA":0,"turnB":0,"turnEnding":false,"turnValid":false},"list":[{"code":0,"indent":0,"parameters":[]}],"span":0}],"note":"","params":[],"damage":{"critical":"","elementId":"","formula":"","type":"","variance":""}},
{"id":10,"members":[{"enemyId":4,"x":208,"y":177,"hidden":false},{"enemyId":4,"x":62,"y":279,"hidden":false},{"enemyId":4,"x":241,"y":345,"hidden":false}],"name":"Murciélago x 3","pages":[{"conditions":{"actorHp":50,"actorId":1,"actorValid":false,"enemyHp":50,"enemyIndex":0,"enemyValid":false,"switchId":1,"switchValid":false,"turnA":0,"turnB":0,"turnEnding":false,"turnValid":false},"list":[{"code":0,"indent":0,"parameters":[]}],"span":0}],"note":"","params":[],"damage":{"critical":"","elementId":"","formula":"","type":"","variance":""}},
{"id":11,"members":[{"enemyId":4,"x":252,"y":177,"hidden":false},{"enemyId":4,"x":50,"y":313,"hidden":false},{"enemyId":4,"x":108,"y":215,"hidden":false},{"enemyId":4,"x":200,"y":369,"hidden":false}],"name":"Murciélago x 4","pages":[{"conditions":{"actorHp":50,"actorId":1,"actorValid":false,"enemyHp":50,"enemyIndex":0,"enemyValid":false,"switchId":1,"switchValid":false,"turnA":0,"turnB":0,"turnEnding":false,"turnValid":false},"list":[{"code":0,"indent":0,"parameters":[]}],"span":0}],"note":"","params":[],"damage":{"critical":"","elementId":"","formula":"","type":"","variance":""}},
{"id":12,"members":[{"enemyId":4,"x":222,"y":186,"hidden":false},{"enemyId":4,"x":207,"y":266,"hidden":false},{"enemyId":4,"x":73,"y":219,"hidden":false},{"enemyId":4,"x":56,"y":317,"hidden":false},{"enemyId":4,"x":188,"y":370,"hidden":false}],"name":"Murciélago x 5","pages":[{"conditions":{"actorHp":50,"actorId":1,"actorValid":false,"enemyHp":50,"enemyIndex":0,"enemyValid":false,"switchId":1,"switchValid":false,"turnA":0,"turnB":0,"turnEnding":false,"turnValid":false},"list":[{"code":0,"indent":0,"parameters":[]}],"span":0}],"note":"","params":[],"damage":{"critical":"","elementId":"","formula":"","type":"","variance":""}},
{"id":13,"members":[{"enemyId":5,"x":97,"y":299,"hidden":false}],"name":"Serpiente","pages":[{"conditions":{"actorHp":50,"actorId":1,"actorValid":false,"enemyHp":50,"enemyIndex":0,"enemyValid":false,"switchId":1,"switchValid":false,"turnA":0,"turnB":0,"turnEnding":false,"turnValid":false},"list":[{"code":0,"indent":0,"parameters":[]}],"span":0}],"note":"","params":[],"damage":{"critical":"","elementId":"","formula":"","type":"","variance":""}},
{"id":14,"members":[{"enemyId":5,"x":157,"y":222,"hidden":false},{"enemyId":5,"x":87,"y":299,"hidden":false}],"name":"Serpiente x 2","pages":[{"conditions":{"actorHp":50,"actorId":1,"actorValid":false,"enemyHp":50,"enemyIndex":0,"enemyValid":false,"switchId":1,"switchValid":false,"turnA":0,"turnB":0,"turnEnding":false,"turnValid":false},"list":[{"code":0,"indent":0,"parameters":[]}],"span":0}],"note":"","params":[],"damage":{"critical":"","elementId":"","formula":"","type":"","variance":""}},
{"id":15,"members":[{"enemyId":5,"x":216,"y":194,"hidden":false},{"enemyId":5,"x":160,"y":274,"hidden":false},{"enemyId":5,"x":67,"y":330,"hidden":false}],"name":"Serpiente x 3","pages":[{"conditions":{"actorHp":50,"actorId":1,"actorValid":false,"enemyHp":50,"enemyIndex":0,"enemyValid":false,"switchId":1,"switchValid":false,"turnA":0,"turnB":0,"turnEnding":false,"turnValid":false},"list":[{"code":0,"indent":0,"parameters":[]}],"span":0}],"note":"","params":[],"damage":{"critical":"","elementId":"","formula":"","type":"","variance":""}},
{"id":16,"members":[{"enemyId":7,"x":86,"y":281,"hidden":false}],"name":"Ogro","pages":[{"conditions":{"actorHp":50,"actorId":1,"actorValid":false,"enemyHp":50,"enemyIndex":0,"enemyValid":false,"switchId":1,"switchValid":false,"turnA":0,"turnB":0,"turnEnding":false,"turnValid":false},"list":[{"code":0,"indent":0,"parameters":[]}],"span":0}],"note":"","params":[],"damage":{"critical":"","elementId":"","formula":"","type":"","variance":""}},
{"id":17,"members":[{"enemyId":7,"x":177,"y":230,"hidden":false},{"enemyId":7,"x":95,"y":334,"hidden":false}],"name":"Ogro x 2","pages":[{"conditions":{"actorHp":50,"actorId":1,"actorValid":false,"enemyHp":50,"enemyIndex":0,"enemyValid":false,"switchId":1,"switchValid":false,"turnA":0,"turnB":0,"turnEnding":false,"turnValid":false},"list":[{"code":0,"indent":0,"parameters":[]}],"span":0}],"note":"","params":[],"damage":{"critical":"","elementId":"","formula":"","type":"","variance":""}},
{"id":18,"members":[{"enemyId":7,"x":186,"y":299,"hidden":false},{"enemyId":7,"x":118,"y":221,"hidden":false},{"enemyId":7,"x":74,"y":363,"hidden":false}],"name":"Ogro x 3","pages":[{"conditions":{"actorHp":50,"actorId":1,"actorValid":false,"enemyHp":50,"enemyIndex":0,"enemyValid":false,"switchId":1,"switchValid":false,"turnA":0,"turnB":0,"turnEnding":false,"turnValid":false},"list":[{"code":0,"indent":0,"parameters":[]}],"span":0}],"note":"","params":[],"damage":{"critical":"","elementId":"","formula":"","type":"","variance":""}},
{"id":19,"members":[{"enemyId":8,"x":152,"y":243,"hidden":false},{"enemyId":8,"x":83,"y":324,"hidden":false}],"name":"Topo Hombre x 2","pages":[{"conditions":{"actorHp":50,"actorId":1,"actorValid":false,"enemyHp":50,"enemyIndex":0,"enemyValid":false,"switchId":1,"switchValid":false,"turnA":0,"turnB":0,"turnEnding":false,"turnValid":false},"list":[{"code":0,"indent":0,"parameters":[]}],"span":0}],"note":"","params":[],"damage":{"critical":"","elementId":"","formula":"","type":"","variance":""}},
{"id":20,"members":[{"enemyId":8,"x":191,"y":304,"hidden":false},{"enemyId":8,"x":110,"y":243,"hidden":false},{"enemyId":8,"x":70,"y":347,"hidden":false}],"name":"Topo Hombre x 3","pages":[{"conditions":{"actorHp":50,"actorId":1,"actorValid":false,"enemyHp":50,"enemyIndex":0,"enemyValid":false,"switchId":1,"switchValid":false,"turnA":0,"turnB":0,"turnEnding":false,"turnValid":false},"list":[{"code":0,"indent":0,"parameters":[]}],"span":0}],"note":"","params":[],"damage":{"critical":"","elementId":"","formula":"","type":"","variance":""}},
{"id":21,"members":[{"enemyId":9,"x":82,"y":270,"hidden":false}],"name":"Hombre Topo","pages":[{"conditions":{"actorHp":50,"actorId":1,"actorValid":false,"enemyHp":50,"enemyIndex":0,"enemyValid":false,"switchId":1,"switchValid":false,"turnA":0,"turnB":0,"turnEnding":false,"turnValid":false},"list":[{"code":0,"indent":0,"parameters":[]}],"span":0}],"note":"","params":[],"damage":{"critical":"","elementId":"","formula":"","type":"","variance":""}},
{"id":22,"members":[{"enemyId":9,"x":155,"y":240,"hidden":false},{"enemyId":9,"x":68,"y":328,"hidden":false}],"name":"Hombre Topo x 2","pages":[{"conditions":{"actorHp":50,"actorId":1,"actorValid":false,"enemyHp":50,"enemyIndex":0,"enemyValid":false,"switchId":1,"switchValid":false,"turnA":0,"turnB":0,"turnEnding":false,"turnValid":false},"list":[{"code":0,"indent":0,"parameters":[]}],"span":0}],"note":"","params":[],"damage":{"critical":"","elementId":"","formula":"","type":"","variance":""}},
{"id":23,"members":[{"enemyId":10,"x":159,"y":239,"hidden":false},{"enemyId":10,"x":77,"y":316,"hidden":false}],"name":"Calamalo x 2","pages":[{"conditions":{"actorHp":50,"actorId":1,"actorValid":false,"enemyHp":50,"enemyIndex":0,"enemyValid":false,"switchId":1,"switchValid":false,"turnA":0,"turnB":0,"turnEnding":false,"turnValid":false},"list":[{"code":0,"indent":0,"parameters":[]}],"span":0}],"note":"","params":[],"damage":{"critical":"","elementId":"","formula":"","type":"","variance":""}},
{"id":24,"members":[{"enemyId":10,"x":195,"y":210,"hidden":false},{"enemyId":10,"x":228,"y":331,"hidden":false},{"enemyId":10,"x":76,"y":276,"hidden":false}],"name":"Calamalo x 3","pages":[{"conditions":{"actorHp":50,"actorId":1,"actorValid":false,"enemyHp":50,"enemyIndex":0,"enemyValid":false,"switchId":1,"switchValid":false,"turnA":0,"turnB":0,"turnEnding":false,"turnValid":false},"list":[{"code":0,"indent":0,"parameters":[]}],"span":0}],"note":"","params":[],"damage":{"critical":"","elementId":"","formula":"","type":"","variance":""}},
{"id":25,"members":[{"enemyId":6,"x":93,"y":277,"hidden":false}],"name":"Minotauro","pages":[{"conditions":{"actorHp":50,"actorId":1,"actorValid":false,"enemyHp":50,"enemyIndex":0,"enemyValid":false,"switchId":1,"switchValid":false,"turnA":0,"turnB":0,"turnEnding":false,"turnValid":true},"list":[{"code":121,"indent":0,"parameters":[13,13,0]},{"code":357,"indent":0,"parameters":["VisuMZ_1_MessageCore","MessageWindowProperties","Message: Properties",{"Rows:num":"4","Width:num":"960","Center:eval":"true","WordWrap:str":"No Change"}]},{"code":657,"indent":0,"parameters":["Rows = 4"]},{"code":657,"indent":0,"parameters":["Width = 960"]},{"code":657,"indent":0,"parameters":["Center Window X? = true"]},{"code":657,"indent":0,"parameters":["Word Wrap = No Change"]},{"code":101,"indent":0,"parameters":["",0,2,2,""]},{"code":401,"indent":0,"parameters":["\\i[1025] Brian"]},{"code":401,"indent":0,"parameters":["Cuidado, este no es ningún monstruo como los que nos hemos encontrado"]},{"code":401,"indent":0,"parameters":["hasta ahora. Fijaros en el tamaño de esos músculos y el martillo."]},{"code":101,"indent":0,"parameters":["",0,2,2,""]},{"code":401,"indent":0,"parameters":["\\i[1027] Daisy"]},{"code":401,"indent":0,"parameters":["¡P\\.-p\\.-pero si es el doble de grande que nosotros! Seguro que es"]},{"code":401,"indent":0,"parameters":["capaz de partirnos en dos sin pestañear. ¡No podemos huir sin el niño!"]},{"code":101,"indent":0,"parameters":["",0,2,2,""]},{"code":401,"indent":0,"parameters":["\\i[1026] Carol"]},{"code":401,"indent":0,"parameters":["El doble de grande pero el doble de tonto. Este toro gigante lo único"]},{"code":401,"indent":0,"parameters":["que sabe es menear el martillo. Seguro que no sabe usar egni de tierra."]},{"code":101,"indent":0,"parameters":["",0,2,2,""]},{"code":401,"indent":0,"parameters":["\\i[1025] Brian"]},{"code":401,"indent":0,"parameters":["¡Eso es! Curaros cuando sea conveniente y no toméis decisiones tontas."]},{"code":401,"indent":0,"parameters":["Daisy, cúranos cuando veas que alguno de nosotros estamos bajos de salud."]},{"code":101,"indent":0,"parameters":["",0,2,2,""]},{"code":401,"indent":0,"parameters":["\\i[1027] Daisy"]},{"code":401,"indent":0,"parameters":["¡Entendido! Haré lo que pueda."]},{"code":101,"indent":0,"parameters":["",0,2,2,""]},{"code":401,"indent":0,"parameters":["\\i[1025] Brian"]},{"code":401,"indent":0,"parameters":["¡Me sirve! Venga todos, ¡adelante!"]},{"code":121,"indent":0,"parameters":[13,13,1]},{"code":0,"indent":0,"parameters":[]}],"span":0}],"note":"","params":[],"damage":{"critical":"","elementId":"","formula":"","type":"","variance":""}},
{"id":26,"members":[{"enemyId":11,"x":72,"y":261,"hidden":false}],"name":"Baby Shark ","pages":[{"conditions":{"actorHp":50,"actorId":1,"actorValid":false,"enemyHp":50,"enemyIndex":0,"enemyValid":false,"switchId":1,"switchValid":false,"turnA":0,"turnB":0,"turnEnding":false,"turnValid":false},"list":[{"code":0,"indent":0,"parameters":[]}],"span":0}],"note":"","params":[],"damage":{"critical":"","elementId":"","formula":"","type":"","variance":""}},
{"id":27,"members":[{"enemyId":11,"x":148,"y":242,"hidden":false},{"enemyId":11,"x":70,"y":326,"hidden":false}],"name":"Baby Shark x 2","pages":[{"conditions":{"actorHp":50,"actorId":1,"actorValid":false,"enemyHp":50,"enemyIndex":0,"enemyValid":false,"switchId":1,"switchValid":false,"turnA":0,"turnB":0,"turnEnding":false,"turnValid":false},"list":[{"code":0,"indent":0,"parameters":[]}],"span":0}],"note":"","params":[],"damage":{"critical":"","elementId":"","formula":"","type":"","variance":""}},
{"id":28,"members":[{"enemyId":11,"x":179,"y":200,"hidden":false},{"enemyId":11,"x":124,"y":278,"hidden":false},{"enemyId":11,"x":71,"y":351,"hidden":false}],"name":"Baby Shark x 3","pages":[{"conditions":{"actorHp":50,"actorId":1,"actorValid":false,"enemyHp":50,"enemyIndex":0,"enemyValid":false,"switchId":1,"switchValid":false,"turnA":0,"turnB":0,"turnEnding":false,"turnValid":false},"list":[{"code":0,"indent":0,"parameters":[]}],"span":0}],"note":"","params":[],"damage":{"critical":"","elementId":"","formula":"","type":"","variance":""}},
{"id":29,"members":[{"enemyId":7,"x":176,"y":227,"hidden":false},{"enemyId":7,"x":82,"y":306,"hidden":false}],"name":"Ogro Tutorial","pages":[{"conditions":{"actorHp":50,"actorId":1,"actorValid":false,"enemyHp":50,"enemyIndex":0,"enemyValid":false,"switchId":1,"switchValid":false,"turnA":0,"turnB":0,"turnEnding":false,"turnValid":true},"list":[{"code":121,"indent":0,"parameters":[13,13,0]},{"code":357,"indent":0,"parameters":["VisuMZ_1_MessageCore","MessageWindowProperties","Message: Properties",{"Rows:num":"4","Width:num":"960","Center:eval":"true","WordWrap:str":"No Change"}]},{"code":657,"indent":0,"parameters":["Rows = 4"]},{"code":657,"indent":0,"parameters":["Width = 960"]},{"code":657,"indent":0,"parameters":["Center Window X? = true"]},{"code":657,"indent":0,"parameters":["Word Wrap = No Change"]},{"code":101,"indent":0,"parameters":["",0,2,2,""]},{"code":401,"indent":0,"parameters":["\\i[1025] Brian"]},{"code":401,"indent":0,"parameters":["Te veo cansado Alex, ¿necesitas que te explique lo básico?"]},{"code":102,"indent":0,"parameters":[["Sí","No"],1,0,1,0]},{"code":402,"indent":0,"parameters":[0,"Sí"]},{"code":101,"indent":1,"parameters":["",0,2,2,""]},{"code":401,"indent":1,"parameters":["\\i[1025] Brian"]},{"code":401,"indent":1,"parameters":["Sin problema. ¿Daisy, me ayudas con la explicación?"]},{"code":101,"indent":1,"parameters":["",0,2,2,""]},{"code":401,"indent":1,"parameters":["\\i[1027] Daisy"]},{"code":401,"indent":1,"parameters":["¡Claro! Los combates son por turnos y la prioridad se fija"]},{"code":401,"indent":1,"parameters":["en función de la velocidad de los personajes y enemigos."]},{"code":101,"indent":1,"parameters":["",0,2,2,""]},{"code":401,"indent":1,"parameters":["\\i[1027] Daisy"]},{"code":401,"indent":1,"parameters":["¿Ves? En la derecha puedes ver el orden de los turnos. El que"]},{"code":401,"indent":1,"parameters":["está más arriba es justo el siguiente en realizar una acción."]},{"code":101,"indent":1,"parameters":["",0,2,2,""]},{"code":401,"indent":1,"parameters":["\\i[1027] Daisy"]},{"code":401,"indent":1,"parameters":["Abajo tienes el estado de cada uno de nosotros. Cuánta vida"]},{"code":401,"indent":1,"parameters":["tenemos, cómo vamos de puntos mágicos y los puntos técnicos."]},{"code":101,"indent":1,"parameters":["",0,2,2,""]},{"code":401,"indent":1,"parameters":["\\i[1027] Daisy"]},{"code":401,"indent":1,"parameters":["Los estados alterados aparecen encima de nuestra cabeza."]},{"code":401,"indent":1,"parameters":["El número indica cuántos turnos estará activo."]},{"code":101,"indent":1,"parameters":["",0,2,2,""]},{"code":401,"indent":1,"parameters":["\\i[1025] Brian"]},{"code":401,"indent":1,"parameters":["Cuando sea nuestro turno, puedes seleccionar qué acción haremos:"]},{"code":401,"indent":1,"parameters":["Golpear, habilidades, defendernos, objetos y por supuesto huir."]},{"code":101,"indent":1,"parameters":["",0,2,2,""]},{"code":401,"indent":1,"parameters":["\\i[1027] Daisy"]},{"code":401,"indent":1,"parameters":["Cada uno de nosotros tenemos un rol y una utilidad en el grupo."]},{"code":401,"indent":1,"parameters":["Alex, tú eres versátil y haces todo más o menos bien."]},{"code":101,"indent":1,"parameters":["",0,2,2,""]},{"code":401,"indent":1,"parameters":["\\i[1025] Brian"]},{"code":401,"indent":1,"parameters":["Yo me encargo de golpear fuerte con técnicas físicas y tengo"]},{"code":401,"indent":1,"parameters":["buena defensa por lo que siempre soy el más duro de pelar."]},{"code":101,"indent":1,"parameters":["",0,2,2,""]},{"code":401,"indent":1,"parameters":["\\i[1026] Carol"]},{"code":401,"indent":1,"parameters":["¡Oye! No os olvidéis de mí. Mi ataque físico es muy flojo, como"]},{"code":401,"indent":1,"parameters":["el de Daisy, pero lo compenso con hechizos mágicos muy potentes."]},{"code":101,"indent":1,"parameters":["",0,2,2,""]},{"code":401,"indent":1,"parameters":["\\i[1027] Daisy"]},{"code":401,"indent":1,"parameters":["Y yo me encargo de curar y tener al grupo siempre a punto."]},{"code":401,"indent":1,"parameters":["Eso sí, mi defensa es un poco mejor y aguanto algunos golpes."]},{"code":101,"indent":1,"parameters":["",0,2,2,""]},{"code":401,"indent":1,"parameters":["\\i[1027] Daisy"]},{"code":401,"indent":1,"parameters":["Si ves que el combate es muy fácil. Puedes pulsar el botón X"]},{"code":401,"indent":1,"parameters":["y pasar a modo automático para que tomemos nuestras decisiones."]},{"code":101,"indent":1,"parameters":["",0,2,2,""]},{"code":401,"indent":1,"parameters":["\\i[1025] Brian"]},{"code":401,"indent":1,"parameters":["Por supuesto este combate es muy sencillo por lo que no"]},{"code":401,"indent":1,"parameters":["vamos a usar atajos para algo tan fácil\\..\\..\\.. ¡Venga, vamos!"]},{"code":0,"indent":1,"parameters":[]},{"code":402,"indent":0,"parameters":[1,"No"]},{"code":101,"indent":1,"parameters":["",0,2,2,""]},{"code":401,"indent":1,"parameters":["\\i[1025] Brian"]},{"code":401,"indent":1,"parameters":["¡Perfecto! Venga, vamos a acabar con estos ogros para llegar"]},{"code":401,"indent":1,"parameters":["a Lehen y poder descansar. Son dos contra cuatro. Fácil."]},{"code":0,"indent":1,"parameters":[]},{"code":404,"indent":0,"parameters":[]},{"code":121,"indent":0,"parameters":[13,13,1]},{"code":0,"indent":0,"parameters":[]}],"span":0}],"note":"","params":[],"damage":{"critical":"","elementId":"","formula":"","type":"","variance":""}},
{"id":30,"members":[{"enemyId":12,"x":155,"y":314,"hidden":false},{"enemyId":12,"x":243,"y":230,"hidden":false}],"name":"Abejorro x 2","pages":[{"conditions":{"actorHp":50,"actorId":1,"actorValid":false,"enemyHp":50,"enemyIndex":0,"enemyValid":false,"switchId":1,"switchValid":false,"turnA":0,"turnB":0,"turnEnding":false,"turnValid":false},"list":[{"code":0,"indent":0,"parameters":[]}],"span":0}],"note":"","params":[],"damage":{"critical":"","elementId":"","formula":"","type":"","variance":""}},
{"id":31,"members":[{"enemyId":12,"x":155,"y":314,"hidden":false},{"enemyId":12,"x":243,"y":230,"hidden":false},{"enemyId":12,"x":108,"y":391,"hidden":false}],"name":"Abejorro x 3","pages":[{"conditions":{"actorHp":50,"actorId":1,"actorValid":false,"enemyHp":50,"enemyIndex":0,"enemyValid":false,"switchId":1,"switchValid":false,"turnA":0,"turnB":0,"turnEnding":false,"turnValid":false},"list":[{"code":0,"indent":0,"parameters":[]}],"span":0}],"note":"","params":[],"damage":{"critical":"","elementId":"","formula":"","type":"","variance":""}},
{"id":32,"members":[{"enemyId":12,"x":189,"y":300,"hidden":false}],"name":"Abejorro","pages":[{"conditions":{"actorHp":50,"actorId":1,"actorValid":false,"enemyHp":50,"enemyIndex":0,"enemyValid":false,"switchId":1,"switchValid":false,"turnA":0,"turnB":0,"turnEnding":false,"turnValid":false},"list":[{"code":0,"indent":0,"parameters":[]}],"span":0}],"note":"","params":[],"damage":{"critical":"","elementId":"","formula":"","type":"","variance":""}},
{"id":33,"members":[{"enemyId":13,"x":241,"y":237,"hidden":false}],"name":"Gallipiente","pages":[{"conditions":{"actorHp":50,"actorId":1,"actorValid":false,"enemyHp":50,"enemyIndex":0,"enemyValid":false,"switchId":1,"switchValid":false,"turnA":0,"turnB":0,"turnEnding":false,"turnValid":false},"list":[{"code":0,"indent":0,"parameters":[]}],"span":0}],"note":"","params":[],"damage":{"critical":"","elementId":"","formula":"","type":"","variance":""}},
{"id":34,"members":[{"enemyId":13,"x":241,"y":237,"hidden":false},{"enemyId":13,"x":171,"y":311,"hidden":false}],"name":"Gallipiente x 2","pages":[{"conditions":{"actorHp":50,"actorId":1,"actorValid":false,"enemyHp":50,"enemyIndex":0,"enemyValid":false,"switchId":1,"switchValid":false,"turnA":0,"turnB":0,"turnEnding":false,"turnValid":false},"list":[{"code":0,"indent":0,"parameters":[]}],"span":0}],"note":"","params":[],"damage":{"critical":"","elementId":"","formula":"","type":"","variance":""}},
{"id":35,"members":[{"enemyId":14,"x":283,"y":248,"hidden":false}],"name":"Cochiniño","pages":[{"conditions":{"actorHp":50,"actorId":1,"actorValid":false,"enemyHp":50,"enemyIndex":0,"enemyValid":false,"switchId":1,"switchValid":false,"turnA":0,"turnB":0,"turnEnding":false,"turnValid":false},"list":[{"code":0,"indent":0,"parameters":[]}],"span":0}],"note":"","params":[],"damage":{"critical":"","elementId":"","formula":"","type":"","variance":""}},
{"id":36,"members":[{"enemyId":14,"x":283,"y":248,"hidden":false},{"enemyId":14,"x":154,"y":311,"hidden":false}],"name":"Cochiniño x 2","pages":[{"conditions":{"actorHp":50,"actorId":1,"actorValid":false,"enemyHp":50,"enemyIndex":0,"enemyValid":false,"switchId":1,"switchValid":false,"turnA":0,"turnB":0,"turnEnding":false,"turnValid":false},"list":[{"code":0,"indent":0,"parameters":[]}],"span":0}],"note":"","params":[],"damage":{"critical":"","elementId":"","formula":"","type":"","variance":""}},
{"id":37,"members":[{"enemyId":14,"x":283,"y":248,"hidden":false},{"enemyId":14,"x":154,"y":311,"hidden":false},{"enemyId":14,"x":262,"y":367,"hidden":false}],"name":"Cochiniño x 3","pages":[{"conditions":{"actorHp":50,"actorId":1,"actorValid":false,"enemyHp":50,"enemyIndex":0,"enemyValid":false,"switchId":1,"switchValid":false,"turnA":0,"turnB":0,"turnEnding":false,"turnValid":false},"list":[{"code":0,"indent":0,"parameters":[]}],"span":0}],"note":"","params":[],"damage":{"critical":"","elementId":"","formula":"","type":"","variance":""}},
{"id":38,"members":[{"enemyId":15,"x":154,"y":328,"hidden":false}],"name":"Treant","pages":[{"conditions":{"actorHp":50,"actorId":1,"actorValid":false,"enemyHp":50,"enemyIndex":0,"enemyValid":false,"switchId":1,"switchValid":false,"turnA":0,"turnB":0,"turnEnding":false,"turnValid":true},"list":[{"code":121,"indent":0,"parameters":[13,13,0]},{"code":357,"indent":0,"parameters":["VisuMZ_1_MessageCore","MessageWindowProperties","Message: Properties",{"Rows:num":"4","Width:num":"960","Center:eval":"true","WordWrap:str":"No Change"}]},{"code":657,"indent":0,"parameters":["Rows = 4"]},{"code":657,"indent":0,"parameters":["Width = 960"]},{"code":657,"indent":0,"parameters":["Center Window X? = true"]},{"code":657,"indent":0,"parameters":["Word Wrap = No Change"]},{"code":101,"indent":0,"parameters":["",0,2,2,""]},{"code":401,"indent":0,"parameters":["\\i[1025] Brian"]},{"code":401,"indent":0,"parameters":["Vale Alex, tenemos ante nosotros una especie de árbol gigante."]},{"code":401,"indent":0,"parameters":["Hagamos un análisis rápido, ¿a qué son débiles las plantas?"]},{"code":111,"indent":0,"parameters":[0,7,0]},{"code":101,"indent":1,"parameters":["",0,2,2,""]},{"code":401,"indent":1,"parameters":["\\i[1056] Alex"]},{"code":401,"indent":1,"parameters":["\\..\\..\\.."]},{"code":0,"indent":1,"parameters":[]},{"code":411,"indent":0,"parameters":[]},{"code":101,"indent":1,"parameters":["",0,2,2,""]},{"code":401,"indent":1,"parameters":["\\i[1024] Alex"]},{"code":401,"indent":1,"parameters":["\\..\\..\\.."]},{"code":0,"indent":1,"parameters":[]},{"code":412,"indent":0,"parameters":[]},{"code":101,"indent":0,"parameters":["",0,2,2,""]},{"code":401,"indent":0,"parameters":["\\i[1025] Brian"]},{"code":401,"indent":0,"parameters":["Efectivamente, a las motosierras pero como ninguno tenemos,"]},{"code":401,"indent":0,"parameters":["es hora de pensar en un plan B. Piensa, ¿qué puede funcionar?"]},{"code":111,"indent":0,"parameters":[0,7,0]},{"code":101,"indent":1,"parameters":["",0,2,2,""]},{"code":401,"indent":1,"parameters":["\\i[1056] Alex"]},{"code":401,"indent":1,"parameters":["\\..\\..\\.."]},{"code":0,"indent":1,"parameters":[]},{"code":411,"indent":0,"parameters":[]},{"code":101,"indent":1,"parameters":["",0,2,2,""]},{"code":401,"indent":1,"parameters":["\\i[1024] Alex"]},{"code":401,"indent":1,"parameters":["\\..\\..\\.."]},{"code":0,"indent":1,"parameters":[]},{"code":412,"indent":0,"parameters":[]},{"code":101,"indent":0,"parameters":["",0,2,2,""]},{"code":401,"indent":0,"parameters":["\\i[1025] Brian"]},{"code":401,"indent":0,"parameters":["Eso es, ¡al fuego! ¿Crees que serás capaz de usar algo de egni?"]},{"code":401,"indent":0,"parameters":["Creo que hemos recogido algún pergamino rojo por el camino."]},{"code":111,"indent":0,"parameters":[0,7,0]},{"code":122,"indent":1,"parameters":[38,38,0,3,3,33,0]},{"code":0,"indent":1,"parameters":[]},{"code":411,"indent":0,"parameters":[]},{"code":122,"indent":1,"parameters":[38,38,0,3,3,1,0]},{"code":0,"indent":1,"parameters":[]},{"code":412,"indent":0,"parameters":[]},{"code":111,"indent":0,"parameters":[1,38,0,4,1]},{"code":111,"indent":1,"parameters":[0,7,0]},{"code":101,"indent":2,"parameters":["",0,2,2,""]},{"code":401,"indent":2,"parameters":["\\i[1056] Alex"]},{"code":401,"indent":2,"parameters":["\\..\\..\\.."]},{"code":0,"indent":2,"parameters":[]},{"code":411,"indent":1,"parameters":[]},{"code":101,"indent":2,"parameters":["",0,2,2,""]},{"code":401,"indent":2,"parameters":["\\i[1024] Alex"]},{"code":401,"indent":2,"parameters":["\\..\\..\\.."]},{"code":0,"indent":2,"parameters":[]},{"code":412,"indent":1,"parameters":[]},{"code":101,"indent":1,"parameters":["",0,2,2,""]},{"code":401,"indent":1,"parameters":["\\i[1025] Brian"]},{"code":401,"indent":1,"parameters":["¿Cómo? ¿Que ya dominas un hechizo de fuego básico?"]},{"code":401,"indent":1,"parameters":["Buah, esto va a ser pan comido entonces. ¡Vamos!"]},{"code":0,"indent":1,"parameters":[]},{"code":411,"indent":0,"parameters":[]},{"code":0,"indent":1,"parameters":[]},{"code":412,"indent":0,"parameters":[]},{"code":121,"indent":0,"parameters":[13,13,1]},{"code":0,"indent":0,"parameters":[]}],"span":0}],"note":"","params":[],"damage":{"critical":"","elementId":"","formula":"","type":"","variance":""}},
{"id":39,"members":[],"name":"","pages":[{"conditions":{"actorHp":50,"actorId":1,"actorValid":false,"enemyHp":50,"enemyIndex":0,"enemyValid":false,"switchId":1,"switchValid":false,"turnA":0,"turnB":0,"turnEnding":false,"turnValid":false},"list":[{"code":0,"indent":0,"parameters":[]}],"span":0}],"note":"","params":[],"damage":{"critical":"","elementId":"","formula":"","type":"","variance":""}},
{"id":40,"members":[],"name":"","pages":[{"conditions":{"actorHp":50,"actorId":1,"actorValid":false,"enemyHp":50,"enemyIndex":0,"enemyValid":false,"switchId":1,"switchValid":false,"turnA":0,"turnB":0,"turnEnding":false,"turnValid":false},"list":[{"code":0,"indent":0,"parameters":[]}],"span":0}],"note":"","params":[],"damage":{"critical":"","elementId":"","formula":"","type":"","variance":""}},
{"id":41,"members":[],"name":"","pages":[{"conditions":{"actorHp":50,"actorId":1,"actorValid":false,"enemyHp":50,"enemyIndex":0,"enemyValid":false,"switchId":1,"switchValid":false,"turnA":0,"turnB":0,"turnEnding":false,"turnValid":false},"list":[{"code":0,"indent":0,"parameters":[]}],"span":0}],"note":"","params":[],"damage":{"critical":"","elementId":"","formula":"","type":"","variance":""}},
{"id":42,"members":[],"name":"","pages":[{"conditions":{"actorHp":50,"actorId":1,"actorValid":false,"enemyHp":50,"enemyIndex":0,"enemyValid":false,"switchId":1,"switchValid":false,"turnA":0,"turnB":0,"turnEnding":false,"turnValid":false},"list":[{"code":0,"indent":0,"parameters":[]}],"span":0}],"note":"","params":[],"damage":{"critical":"","elementId":"","formula":"","type":"","variance":""}},
{"id":43,"members":[],"name":"","pages":[{"conditions":{"actorHp":50,"actorId":1,"actorValid":false,"enemyHp":50,"enemyIndex":0,"enemyValid":false,"switchId":1,"switchValid":false,"turnA":0,"turnB":0,"turnEnding":false,"turnValid":false},"list":[{"code":0,"indent":0,"parameters":[]}],"span":0}],"note":"","params":[],"damage":{"critical":"","elementId":"","formula":"","type":"","variance":""}},
{"id":44,"members":[],"name":"","pages":[{"conditions":{"actorHp":50,"actorId":1,"actorValid":false,"enemyHp":50,"enemyIndex":0,"enemyValid":false,"switchId":1,"switchValid":false,"turnA":0,"turnB":0,"turnEnding":false,"turnValid":false},"list":[{"code":0,"indent":0,"parameters":[]}],"span":0}],"note":"","params":[],"damage":{"critical":"","elementId":"","formula":"","type":"","variance":""}},
{"id":45,"members":[],"name":"","pages":[{"conditions":{"actorHp":50,"actorId":1,"actorValid":false,"enemyHp":50,"enemyIndex":0,"enemyValid":false,"switchId":1,"switchValid":false,"turnA":0,"turnB":0,"turnEnding":false,"turnValid":false},"list":[{"code":0,"indent":0,"parameters":[]}],"span":0}],"note":"","params":[],"damage":{"critical":"","elementId":"","formula":"","type":"","variance":""}},
{"id":46,"members":[],"name":"","pages":[{"conditions":{"actorHp":50,"actorId":1,"actorValid":false,"enemyHp":50,"enemyIndex":0,"enemyValid":false,"switchId":1,"switchValid":false,"turnA":0,"turnB":0,"turnEnding":false,"turnValid":false},"list":[{"code":0,"indent":0,"parameters":[]}],"span":0}],"note":"","params":[],"damage":{"critical":"","elementId":"","formula":"","type":"","variance":""}},
{"id":47,"members":[],"name":"","pages":[{"conditions":{"actorHp":50,"actorId":1,"actorValid":false,"enemyHp":50,"enemyIndex":0,"enemyValid":false,"switchId":1,"switchValid":false,"turnA":0,"turnB":0,"turnEnding":false,"turnValid":false},"list":[{"code":0,"indent":0,"parameters":[]}],"span":0}],"note":"","params":[],"damage":{"critical":"","elementId":"","formula":"","type":"","variance":""}},
{"id":48,"members":[],"name":"","pages":[{"conditions":{"actorHp":50,"actorId":1,"actorValid":false,"enemyHp":50,"enemyIndex":0,"enemyValid":false,"switchId":1,"switchValid":false,"turnA":0,"turnB":0,"turnEnding":false,"turnValid":false},"list":[{"code":0,"indent":0,"parameters":[]}],"span":0}],"note":"","params":[],"damage":{"critical":"","elementId":"","formula":"","type":"","variance":""}},
{"id":49,"members":[],"name":"","pages":[{"conditions":{"actorHp":50,"actorId":1,"actorValid":false,"enemyHp":50,"enemyIndex":0,"enemyValid":false,"switchId":1,"switchValid":false,"turnA":0,"turnB":0,"turnEnding":false,"turnValid":false},"list":[{"code":0,"indent":0,"parameters":[]}],"span":0}],"note":"","params":[],"damage":{"critical":"","elementId":"","formula":"","type":"","variance":""}},
{"id":50,"members":[],"name":"","pages":[{"conditions":{"actorHp":50,"actorId":1,"actorValid":false,"enemyHp":50,"enemyIndex":0,"enemyValid":false,"switchId":1,"switchValid":false,"turnA":0,"turnB":0,"turnEnding":false,"turnValid":false},"list":[{"code":0,"indent":0,"parameters":[]}],"span":0}],"note":"","params":[],"damage":{"critical":"","elementId":"","formula":"","type":"","variance":""}}
]