[
null,
{"id":1,"members":[{"enemyId":7,"x":261,"y":218,"hidden":false},{"enemyId":7,"x":143,"y":300,"hidden":false}],"name":"Ogro Tutorial","pages":[{"conditions":{"actorHp":50,"actorId":1,"actorValid":false,"enemyHp":50,"enemyIndex":0,"enemyValid":false,"switchId":1,"switchValid":false,"turnA":0,"turnB":0,"turnEnding":false,"turnValid":true},"list":[{"code":121,"indent":0,"parameters":[13,13,0]},{"code":357,"indent":0,"parameters":["VisuMZ_1_MessageCore","MessageWindowProperties","Message: Properties",{"Rows:num":"4","Width:num":"960","Center:eval":"true","WordWrap:str":"No Change"}]},{"code":657,"indent":0,"parameters":["Rows = 4"]},{"code":657,"indent":0,"parameters":["Width = 960"]},{"code":657,"indent":0,"parameters":["Center Window X? = true"]},{"code":657,"indent":0,"parameters":["Word Wrap = No Change"]},{"code":101,"indent":0,"parameters":["",0,2,2,""]},{"code":401,"indent":0,"parameters":["\\i[1025] Brian"]},{"code":401,"indent":0,"parameters":["Te veo cansado Alex, ¿necesitas que te explique lo básico?"]},{"code":102,"indent":0,"parameters":[["Sí","No"],1,0,1,0]},{"code":402,"indent":0,"parameters":[0,"Sí"]},{"code":101,"indent":1,"parameters":["",0,2,2,""]},{"code":401,"indent":1,"parameters":["\\i[1025] Brian"]},{"code":401,"indent":1,"parameters":["Sin problema. ¿Daisy, me ayudas con la explicación?"]},{"code":101,"indent":1,"parameters":["",0,2,2,""]},{"code":401,"indent":1,"parameters":["\\i[1027] Daisy"]},{"code":401,"indent":1,"parameters":["¡Claro! Los combates son por turnos y la prioridad se fija"]},{"code":401,"indent":1,"parameters":["en función de la velocidad de los personajes y enemigos."]},{"code":101,"indent":1,"parameters":["",0,2,2,""]},{"code":401,"indent":1,"parameters":["\\i[1027] Daisy"]},{"code":401,"indent":1,"parameters":["¿Ves? En la derecha puedes ver el orden de los turnos. El que"]},{"code":401,"indent":1,"parameters":["está más arriba es justo el siguiente en realizar una acción."]},{"code":101,"indent":1,"parameters":["",0,2,2,""]},{"code":401,"indent":1,"parameters":["\\i[1027] Daisy"]},{"code":401,"indent":1,"parameters":["Abajo tienes el estado de cada uno de nosotros. Cuánta vida"]},{"code":401,"indent":1,"parameters":["tenemos, cómo vamos de puntos mágicos y los puntos técnicos."]},{"code":101,"indent":1,"parameters":["",0,2,2,""]},{"code":401,"indent":1,"parameters":["\\i[1027] Daisy"]},{"code":401,"indent":1,"parameters":["Los estados alterados aparecen encima de nuestra cabeza."]},{"code":401,"indent":1,"parameters":["El número indica cuántos turnos estará activo."]},{"code":101,"indent":1,"parameters":["",0,2,2,""]},{"code":401,"indent":1,"parameters":["\\i[1025] Brian"]},{"code":401,"indent":1,"parameters":["Cuando sea nuestro turno, puedes seleccionar qué acción haremos:"]},{"code":401,"indent":1,"parameters":["Golpear, habilidades, defendernos, objetos y por supuesto huir."]},{"code":101,"indent":1,"parameters":["",0,2,2,""]},{"code":401,"indent":1,"parameters":["\\i[1027] Daisy"]},{"code":401,"indent":1,"parameters":["Cada uno de nosotros tenemos un rol y una utilidad en el grupo."]},{"code":401,"indent":1,"parameters":["Alex, tú eres versátil y haces todo más o menos bien."]},{"code":101,"indent":1,"parameters":["",0,2,2,""]},{"code":401,"indent":1,"parameters":["\\i[1025] Brian"]},{"code":401,"indent":1,"parameters":["Yo me encargo de golpear fuerte con técnicas físicas y tengo"]},{"code":401,"indent":1,"parameters":["buena defensa por lo que siempre soy el más duro de pelar."]},{"code":101,"indent":1,"parameters":["",0,2,2,""]},{"code":401,"indent":1,"parameters":["\\i[1026] Carol"]},{"code":401,"indent":1,"parameters":["¡Oye! No os olvidéis de mí. Mi ataque físico es muy flojo, como"]},{"code":401,"indent":1,"parameters":["el de Daisy, pero lo compenso con hechizos mágicos muy potentes."]},{"code":101,"indent":1,"parameters":["",0,2,2,""]},{"code":401,"indent":1,"parameters":["\\i[1027] Daisy"]},{"code":401,"indent":1,"parameters":["Y yo me encargo de curar y tener al grupo siempre a punto."]},{"code":401,"indent":1,"parameters":["Eso sí, mi defensa es un poco mejor y aguanto algunos golpes."]},{"code":101,"indent":1,"parameters":["",0,2,2,""]},{"code":401,"indent":1,"parameters":["\\i[1027] Daisy"]},{"code":401,"indent":1,"parameters":["Si ves que el combate es muy fácil. Puedes pulsar el botón X"]},{"code":401,"indent":1,"parameters":["y pasar a modo automático para que tomemos nuestras decisiones."]},{"code":101,"indent":1,"parameters":["",0,2,2,""]},{"code":401,"indent":1,"parameters":["\\i[1025] Brian"]},{"code":401,"indent":1,"parameters":["Por supuesto este combate es muy sencillo por lo que no"]},{"code":401,"indent":1,"parameters":["vamos a usar atajos para algo tan fácil\\..\\..\\.. ¡Venga, vamos!"]},{"code":0,"indent":1,"parameters":[]},{"code":402,"indent":0,"parameters":[1,"No"]},{"code":101,"indent":1,"parameters":["",0,2,2,""]},{"code":401,"indent":1,"parameters":["\\i[1025] Brian"]},{"code":401,"indent":1,"parameters":["¡Perfecto! Venga, vamos a acabar con este ogro para llegar"]},{"code":401,"indent":1,"parameters":["a Lehen y poder descansar. Son dos contra cuatro. Fácil."]},{"code":0,"indent":1,"parameters":[]},{"code":404,"indent":0,"parameters":[]},{"code":121,"indent":0,"parameters":[13,13,1]},{"code":0,"indent":0,"parameters":[]}],"span":0}],"note":"","params":[],"damage":{"critical":"","elementId":"","formula":"","type":"","variance":""}},
{"id":2,"members":[{"enemyId":2,"x":238,"y":230,"hidden":false},{"enemyId":2,"x":114,"y":349,"hidden":false}],"name":"Limo x 2","pages":[{"conditions":{"actorHp":50,"actorId":1,"actorValid":false,"enemyHp":50,"enemyIndex":0,"enemyValid":false,"switchId":1,"switchValid":false,"turnA":0,"turnB":0,"turnEnding":false,"turnValid":false},"list":[{"code":0,"indent":0,"parameters":[]}],"span":0}],"note":"","params":[],"damage":{"critical":"","elementId":"","formula":"","type":"","variance":""}},
{"id":3,"members":[{"enemyId":2,"x":260,"y":202,"hidden":false},{"enemyId":2,"x":168,"y":297,"hidden":false},{"enemyId":2,"x":64,"y":415,"hidden":false}],"name":"Limo x 3","pages":[{"conditions":{"actorHp":50,"actorId":1,"actorValid":false,"enemyHp":50,"enemyIndex":0,"enemyValid":false,"switchId":1,"switchValid":false,"turnA":0,"turnB":0,"turnEnding":false,"turnValid":false},"list":[{"code":0,"indent":0,"parameters":[]}],"span":0}],"note":"","params":[],"damage":{"critical":"","elementId":"","formula":"","type":"","variance":""}},
{"id":4,"members":[{"enemyId":2,"x":299,"y":195,"hidden":false},{"enemyId":2,"x":228,"y":269,"hidden":false},{"enemyId":2,"x":146,"y":342,"hidden":false},{"enemyId":2,"x":57,"y":423,"hidden":false}],"name":"Limo x 4","pages":[{"conditions":{"actorHp":50,"actorId":1,"actorValid":false,"enemyHp":50,"enemyIndex":0,"enemyValid":false,"switchId":1,"switchValid":false,"turnA":0,"turnB":0,"turnEnding":false,"turnValid":false},"list":[{"code":0,"indent":0,"parameters":[]}],"span":0}],"note":"","params":[],"damage":{"critical":"","elementId":"","formula":"","type":"","variance":""}},
{"id":5,"members":[{"enemyId":2,"x":143,"y":342,"hidden":false}],"name":"Limo","pages":[{"conditions":{"actorHp":50,"actorId":1,"actorValid":false,"enemyHp":50,"enemyIndex":0,"enemyValid":false,"switchId":1,"switchValid":false,"turnA":0,"turnB":0,"turnEnding":false,"turnValid":false},"list":[{"code":0,"indent":0,"parameters":[]}],"span":0}],"note":"","params":[],"damage":{"critical":"","elementId":"","formula":"","type":"","variance":""}},
{"id":6,"members":[{"enemyId":3,"x":154,"y":346,"hidden":false}],"name":"Esqueleto","pages":[{"conditions":{"actorHp":50,"actorId":1,"actorValid":false,"enemyHp":50,"enemyIndex":0,"enemyValid":false,"switchId":1,"switchValid":false,"turnA":0,"turnB":0,"turnEnding":false,"turnValid":false},"list":[{"code":0,"indent":0,"parameters":[]}],"span":0}],"note":"","params":[],"damage":{"critical":"","elementId":"","formula":"","type":"","variance":""}},
{"id":7,"members":[{"enemyId":3,"x":126,"y":367,"hidden":false},{"enemyId":3,"x":210,"y":293,"hidden":false}],"name":"Esqueleto x 2","pages":[{"conditions":{"actorHp":50,"actorId":1,"actorValid":false,"enemyHp":50,"enemyIndex":0,"enemyValid":false,"switchId":1,"switchValid":false,"turnA":0,"turnB":0,"turnEnding":false,"turnValid":false},"list":[{"code":0,"indent":0,"parameters":[]}],"span":0}],"note":"","params":[],"damage":{"critical":"","elementId":"","formula":"","type":"","variance":""}},
{"id":8,"members":[{"enemyId":3,"x":108,"y":381,"hidden":false},{"enemyId":3,"x":178,"y":307,"hidden":false},{"enemyId":3,"x":269,"y":241,"hidden":false}],"name":"Esqueleto x 3","pages":[{"conditions":{"actorHp":50,"actorId":1,"actorValid":false,"enemyHp":50,"enemyIndex":0,"enemyValid":false,"switchId":1,"switchValid":false,"turnA":0,"turnB":0,"turnEnding":false,"turnValid":false},"list":[{"code":0,"indent":0,"parameters":[]}],"span":0}],"note":"","params":[],"damage":{"critical":"","elementId":"","formula":"","type":"","variance":""}},
{"id":9,"members":[{"enemyId":4,"x":206,"y":262,"hidden":false},{"enemyId":4,"x":116,"y":374,"hidden":false}],"name":"Murciélago x 2","pages":[{"conditions":{"actorHp":50,"actorId":1,"actorValid":false,"enemyHp":50,"enemyIndex":0,"enemyValid":false,"switchId":1,"switchValid":false,"turnA":0,"turnB":0,"turnEnding":false,"turnValid":false},"list":[{"code":0,"indent":0,"parameters":[]}],"span":0}],"note":"","params":[],"damage":{"critical":"","elementId":"","formula":"","type":"","variance":""}},
{"id":10,"members":[{"enemyId":4,"x":251,"y":227,"hidden":false},{"enemyId":4,"x":196,"y":297,"hidden":false},{"enemyId":4,"x":92,"y":381,"hidden":false}],"name":"Murciélago x 3","pages":[{"conditions":{"actorHp":50,"actorId":1,"actorValid":false,"enemyHp":50,"enemyIndex":0,"enemyValid":false,"switchId":1,"switchValid":false,"turnA":0,"turnB":0,"turnEnding":false,"turnValid":false},"list":[{"code":0,"indent":0,"parameters":[]}],"span":0}],"note":"","params":[],"damage":{"critical":"","elementId":"","formula":"","type":"","variance":""}},
{"id":11,"members":[{"enemyId":4,"x":263,"y":279,"hidden":false},{"enemyId":4,"x":199,"y":377,"hidden":false},{"enemyId":4,"x":144,"y":297,"hidden":false},{"enemyId":4,"x":85,"y":388,"hidden":false}],"name":"Murciélago x 4","pages":[{"conditions":{"actorHp":50,"actorId":1,"actorValid":false,"enemyHp":50,"enemyIndex":0,"enemyValid":false,"switchId":1,"switchValid":false,"turnA":0,"turnB":0,"turnEnding":false,"turnValid":false},"list":[{"code":0,"indent":0,"parameters":[]}],"span":0}],"note":"","params":[],"damage":{"critical":"","elementId":"","formula":"","type":"","variance":""}},
{"id":12,"members":[{"enemyId":4,"x":263,"y":279,"hidden":false},{"enemyId":4,"x":199,"y":377,"hidden":false},{"enemyId":4,"x":144,"y":297,"hidden":false},{"enemyId":4,"x":85,"y":388,"hidden":false},{"enemyId":4,"x":329,"y":325,"hidden":false}],"name":"Murciélago x 5","pages":[{"conditions":{"actorHp":50,"actorId":1,"actorValid":false,"enemyHp":50,"enemyIndex":0,"enemyValid":false,"switchId":1,"switchValid":false,"turnA":0,"turnB":0,"turnEnding":false,"turnValid":false},"list":[{"code":0,"indent":0,"parameters":[]}],"span":0}],"note":"","params":[],"damage":{"critical":"","elementId":"","formula":"","type":"","variance":""}},
{"id":13,"members":[{"enemyId":5,"x":196,"y":283,"hidden":false}],"name":"Serpiente","pages":[{"conditions":{"actorHp":50,"actorId":1,"actorValid":false,"enemyHp":50,"enemyIndex":0,"enemyValid":false,"switchId":1,"switchValid":false,"turnA":0,"turnB":0,"turnEnding":false,"turnValid":false},"list":[{"code":0,"indent":0,"parameters":[]}],"span":0}],"note":"","params":[],"damage":{"critical":"","elementId":"","formula":"","type":"","variance":""}},
{"id":14,"members":[{"enemyId":5,"x":148,"y":325,"hidden":false},{"enemyId":5,"x":203,"y":269,"hidden":false}],"name":"Serpiente x 2","pages":[{"conditions":{"actorHp":50,"actorId":1,"actorValid":false,"enemyHp":50,"enemyIndex":0,"enemyValid":false,"switchId":1,"switchValid":false,"turnA":0,"turnB":0,"turnEnding":false,"turnValid":false},"list":[{"code":0,"indent":0,"parameters":[]}],"span":0}],"note":"","params":[],"damage":{"critical":"","elementId":"","formula":"","type":"","variance":""}},
{"id":15,"members":[{"enemyId":5,"x":256,"y":339,"hidden":false},{"enemyId":5,"x":189,"y":265,"hidden":false},{"enemyId":5,"x":79,"y":377,"hidden":false}],"name":"Serpiente x 3","pages":[{"conditions":{"actorHp":50,"actorId":1,"actorValid":false,"enemyHp":50,"enemyIndex":0,"enemyValid":false,"switchId":1,"switchValid":false,"turnA":0,"turnB":0,"turnEnding":false,"turnValid":false},"list":[{"code":0,"indent":0,"parameters":[]}],"span":0}],"note":"","params":[],"damage":{"critical":"","elementId":"","formula":"","type":"","variance":""}},
{"id":16,"members":[{"enemyId":7,"x":161,"y":328,"hidden":false}],"name":"Ogro","pages":[{"conditions":{"actorHp":50,"actorId":1,"actorValid":false,"enemyHp":50,"enemyIndex":0,"enemyValid":false,"switchId":1,"switchValid":false,"turnA":0,"turnB":0,"turnEnding":false,"turnValid":false},"list":[{"code":0,"indent":0,"parameters":[]}],"span":0}],"note":"","params":[],"damage":{"critical":"","elementId":"","formula":"","type":"","variance":""}},
{"id":17,"members":[{"enemyId":7,"x":206,"y":269,"hidden":false},{"enemyId":7,"x":106,"y":356,"hidden":false}],"name":"Ogro x 2","pages":[{"conditions":{"actorHp":50,"actorId":1,"actorValid":false,"enemyHp":50,"enemyIndex":0,"enemyValid":false,"switchId":1,"switchValid":false,"turnA":0,"turnB":0,"turnEnding":false,"turnValid":false},"list":[{"code":0,"indent":0,"parameters":[]}],"span":0}],"note":"","params":[],"damage":{"critical":"","elementId":"","formula":"","type":"","variance":""}},
{"id":18,"members":[{"enemyId":7,"x":264,"y":251,"hidden":false},{"enemyId":7,"x":129,"y":321,"hidden":false},{"enemyId":7,"x":268,"y":381,"hidden":false}],"name":"Ogro x 3","pages":[{"conditions":{"actorHp":50,"actorId":1,"actorValid":false,"enemyHp":50,"enemyIndex":0,"enemyValid":false,"switchId":1,"switchValid":false,"turnA":0,"turnB":0,"turnEnding":false,"turnValid":false},"list":[{"code":0,"indent":0,"parameters":[]}],"span":0}],"note":"","params":[],"damage":{"critical":"","elementId":"","formula":"","type":"","variance":""}},
{"id":19,"members":[{"enemyId":8,"x":205,"y":283,"hidden":false},{"enemyId":8,"x":123,"y":353,"hidden":false}],"name":"Topo Hombre x 2","pages":[{"conditions":{"actorHp":50,"actorId":1,"actorValid":false,"enemyHp":50,"enemyIndex":0,"enemyValid":false,"switchId":1,"switchValid":false,"turnA":0,"turnB":0,"turnEnding":false,"turnValid":false},"list":[{"code":0,"indent":0,"parameters":[]}],"span":0}],"note":"","params":[],"damage":{"critical":"","elementId":"","formula":"","type":"","variance":""}},
{"id":20,"members":[{"enemyId":8,"x":137,"y":292,"hidden":false},{"enemyId":8,"x":213,"y":198,"hidden":false},{"enemyId":8,"x":60,"y":393,"hidden":false}],"name":"Topo Hombre x 3","pages":[{"conditions":{"actorHp":50,"actorId":1,"actorValid":false,"enemyHp":50,"enemyIndex":0,"enemyValid":false,"switchId":1,"switchValid":false,"turnA":0,"turnB":0,"turnEnding":false,"turnValid":false},"list":[{"code":0,"indent":0,"parameters":[]}],"span":0}],"note":"","params":[],"damage":{"critical":"","elementId":"","formula":"","type":"","variance":""}},
{"id":21,"members":[{"enemyId":9,"x":206,"y":307,"hidden":false}],"name":"Hombre Topo","pages":[{"conditions":{"actorHp":50,"actorId":1,"actorValid":false,"enemyHp":50,"enemyIndex":0,"enemyValid":false,"switchId":1,"switchValid":false,"turnA":0,"turnB":0,"turnEnding":false,"turnValid":false},"list":[{"code":0,"indent":0,"parameters":[]}],"span":0}],"note":"","params":[],"damage":{"critical":"","elementId":"","formula":"","type":"","variance":""}},
{"id":22,"members":[{"enemyId":9,"x":184,"y":290,"hidden":false},{"enemyId":9,"x":97,"y":374,"hidden":false}],"name":"Hombre Topo x 2","pages":[{"conditions":{"actorHp":50,"actorId":1,"actorValid":false,"enemyHp":50,"enemyIndex":0,"enemyValid":false,"switchId":1,"switchValid":false,"turnA":0,"turnB":0,"turnEnding":false,"turnValid":false},"list":[{"code":0,"indent":0,"parameters":[]}],"span":0}],"note":"","params":[],"damage":{"critical":"","elementId":"","formula":"","type":"","variance":""}},
{"id":23,"members":[],"name":"","pages":[{"conditions":{"actorHp":50,"actorId":1,"actorValid":false,"enemyHp":50,"enemyIndex":0,"enemyValid":false,"switchId":1,"switchValid":false,"turnA":0,"turnB":0,"turnEnding":false,"turnValid":false},"list":[{"code":0,"indent":0,"parameters":[]}],"span":0}],"note":"","params":[],"damage":{"critical":"","elementId":"","formula":"","type":"","variance":""}},
{"id":24,"members":[],"name":"","pages":[{"conditions":{"actorHp":50,"actorId":1,"actorValid":false,"enemyHp":50,"enemyIndex":0,"enemyValid":false,"switchId":1,"switchValid":false,"turnA":0,"turnB":0,"turnEnding":false,"turnValid":false},"list":[{"code":0,"indent":0,"parameters":[]}],"span":0}],"note":"","params":[],"damage":{"critical":"","elementId":"","formula":"","type":"","variance":""}},
{"id":25,"members":[{"enemyId":6,"x":160,"y":299,"hidden":false}],"name":"Minotauro","pages":[{"conditions":{"actorHp":50,"actorId":1,"actorValid":false,"enemyHp":50,"enemyIndex":0,"enemyValid":false,"switchId":1,"switchValid":false,"turnA":0,"turnB":0,"turnEnding":false,"turnValid":true},"list":[{"code":121,"indent":0,"parameters":[13,13,0]},{"code":357,"indent":0,"parameters":["VisuMZ_1_MessageCore","MessageWindowProperties","Message: Properties",{"Rows:num":"4","Width:num":"960","Center:eval":"true","WordWrap:str":"No Change"}]},{"code":657,"indent":0,"parameters":["Rows = 4"]},{"code":657,"indent":0,"parameters":["Width = 960"]},{"code":657,"indent":0,"parameters":["Center Window X? = true"]},{"code":657,"indent":0,"parameters":["Word Wrap = No Change"]},{"code":101,"indent":0,"parameters":["",0,2,2,""]},{"code":401,"indent":0,"parameters":["\\i[1025] Brian"]},{"code":401,"indent":0,"parameters":["Cuidado, este no es ningún monstruo como los que nos hemos encontrado"]},{"code":401,"indent":0,"parameters":["hasta ahora. Fijaros en el tamaño de esos músculos y el martillo."]},{"code":101,"indent":0,"parameters":["",0,2,2,""]},{"code":401,"indent":0,"parameters":["\\i[1027] Daisy"]},{"code":401,"indent":0,"parameters":["¡P\\.-p\\.-pero si es el doble de grande que nosotros! Seguro que es"]},{"code":401,"indent":0,"parameters":["capaz de partirnos en dos sin pestañear. ¡No podemos huir sin el niño!"]},{"code":101,"indent":0,"parameters":["",0,2,2,""]},{"code":401,"indent":0,"parameters":["\\i[1026] Carol"]},{"code":401,"indent":0,"parameters":["El doble de grande pero el doble de tonto. Este toro gigante lo único"]},{"code":401,"indent":0,"parameters":["que sabe es menear el martillo. Seguro que no sabe usar egni de tierra."]},{"code":101,"indent":0,"parameters":["",0,2,2,""]},{"code":401,"indent":0,"parameters":["\\i[1025] Brian"]},{"code":401,"indent":0,"parameters":["¡Eso es! Curaros cuando sea conveniente y no toméis decisiones tontas."]},{"code":401,"indent":0,"parameters":["Daisy, ¿sabes usar egni de estados? ¿Quizás algo ceguera o parálisis?"]},{"code":101,"indent":0,"parameters":["",0,2,2,""]},{"code":401,"indent":0,"parameters":["\\i[1027] Daisy"]},{"code":401,"indent":0,"parameters":["Eh\\..\\..\\.. Sí, sí. Creo que puedo intentar cegarlo para que no atine"]},{"code":401,"indent":0,"parameters":["con el martillo. No será del todo efectivo pero creo que nos servirá."]},{"code":101,"indent":0,"parameters":["",0,2,2,""]},{"code":401,"indent":0,"parameters":["\\i[1025] Brian"]},{"code":401,"indent":0,"parameters":["¡Me sirve! Venga todos, ¡adelante!"]},{"code":121,"indent":0,"parameters":[13,13,1]},{"code":0,"indent":0,"parameters":[]}],"span":0}],"note":"","params":[],"damage":{"critical":"","elementId":"","formula":"","type":"","variance":""}},
{"id":26,"members":[],"name":"","pages":[{"conditions":{"actorHp":50,"actorId":1,"actorValid":false,"enemyHp":50,"enemyIndex":0,"enemyValid":false,"switchId":1,"switchValid":false,"turnA":0,"turnB":0,"turnEnding":false,"turnValid":false},"list":[{"code":0,"indent":0,"parameters":[]}],"span":0}],"note":"","params":[],"damage":{"critical":"","elementId":"","formula":"","type":"","variance":""}},
{"id":27,"members":[],"name":"","pages":[{"conditions":{"actorHp":50,"actorId":1,"actorValid":false,"enemyHp":50,"enemyIndex":0,"enemyValid":false,"switchId":1,"switchValid":false,"turnA":0,"turnB":0,"turnEnding":false,"turnValid":false},"list":[{"code":0,"indent":0,"parameters":[]}],"span":0}],"note":"","params":[],"damage":{"critical":"","elementId":"","formula":"","type":"","variance":""}},
{"id":28,"members":[],"name":"","pages":[{"conditions":{"actorHp":50,"actorId":1,"actorValid":false,"enemyHp":50,"enemyIndex":0,"enemyValid":false,"switchId":1,"switchValid":false,"turnA":0,"turnB":0,"turnEnding":false,"turnValid":false},"list":[{"code":0,"indent":0,"parameters":[]}],"span":0}],"note":"","params":[],"damage":{"critical":"","elementId":"","formula":"","type":"","variance":""}},
{"id":29,"members":[],"name":"","pages":[{"conditions":{"actorHp":50,"actorId":1,"actorValid":false,"enemyHp":50,"enemyIndex":0,"enemyValid":false,"switchId":1,"switchValid":false,"turnA":0,"turnB":0,"turnEnding":false,"turnValid":false},"list":[{"code":0,"indent":0,"parameters":[]}],"span":0}],"note":"","params":[],"damage":{"critical":"","elementId":"","formula":"","type":"","variance":""}},
{"id":30,"members":[],"name":"","pages":[{"conditions":{"actorHp":50,"actorId":1,"actorValid":false,"enemyHp":50,"enemyIndex":0,"enemyValid":false,"switchId":1,"switchValid":false,"turnA":0,"turnB":0,"turnEnding":false,"turnValid":false},"list":[{"code":0,"indent":0,"parameters":[]}],"span":0}],"note":"","params":[],"damage":{"critical":"","elementId":"","formula":"","type":"","variance":""}},
{"id":31,"members":[],"name":"","pages":[{"conditions":{"actorHp":50,"actorId":1,"actorValid":false,"enemyHp":50,"enemyIndex":0,"enemyValid":false,"switchId":1,"switchValid":false,"turnA":0,"turnB":0,"turnEnding":false,"turnValid":false},"list":[{"code":0,"indent":0,"parameters":[]}],"span":0}],"note":"","params":[],"damage":{"critical":"","elementId":"","formula":"","type":"","variance":""}},
{"id":32,"members":[],"name":"","pages":[{"conditions":{"actorHp":50,"actorId":1,"actorValid":false,"enemyHp":50,"enemyIndex":0,"enemyValid":false,"switchId":1,"switchValid":false,"turnA":0,"turnB":0,"turnEnding":false,"turnValid":false},"list":[{"code":0,"indent":0,"parameters":[]}],"span":0}],"note":"","params":[],"damage":{"critical":"","elementId":"","formula":"","type":"","variance":""}},
{"id":33,"members":[],"name":"","pages":[{"conditions":{"actorHp":50,"actorId":1,"actorValid":false,"enemyHp":50,"enemyIndex":0,"enemyValid":false,"switchId":1,"switchValid":false,"turnA":0,"turnB":0,"turnEnding":false,"turnValid":false},"list":[{"code":0,"indent":0,"parameters":[]}],"span":0}],"note":"","params":[],"damage":{"critical":"","elementId":"","formula":"","type":"","variance":""}},
{"id":34,"members":[],"name":"","pages":[{"conditions":{"actorHp":50,"actorId":1,"actorValid":false,"enemyHp":50,"enemyIndex":0,"enemyValid":false,"switchId":1,"switchValid":false,"turnA":0,"turnB":0,"turnEnding":false,"turnValid":false},"list":[{"code":0,"indent":0,"parameters":[]}],"span":0}],"note":"","params":[],"damage":{"critical":"","elementId":"","formula":"","type":"","variance":""}},
{"id":35,"members":[],"name":"","pages":[{"conditions":{"actorHp":50,"actorId":1,"actorValid":false,"enemyHp":50,"enemyIndex":0,"enemyValid":false,"switchId":1,"switchValid":false,"turnA":0,"turnB":0,"turnEnding":false,"turnValid":false},"list":[{"code":0,"indent":0,"parameters":[]}],"span":0}],"note":"","params":[],"damage":{"critical":"","elementId":"","formula":"","type":"","variance":""}},
{"id":36,"members":[],"name":"","pages":[{"conditions":{"actorHp":50,"actorId":1,"actorValid":false,"enemyHp":50,"enemyIndex":0,"enemyValid":false,"switchId":1,"switchValid":false,"turnA":0,"turnB":0,"turnEnding":false,"turnValid":false},"list":[{"code":0,"indent":0,"parameters":[]}],"span":0}],"note":"","params":[],"damage":{"critical":"","elementId":"","formula":"","type":"","variance":""}},
{"id":37,"members":[],"name":"","pages":[{"conditions":{"actorHp":50,"actorId":1,"actorValid":false,"enemyHp":50,"enemyIndex":0,"enemyValid":false,"switchId":1,"switchValid":false,"turnA":0,"turnB":0,"turnEnding":false,"turnValid":false},"list":[{"code":0,"indent":0,"parameters":[]}],"span":0}],"note":"","params":[],"damage":{"critical":"","elementId":"","formula":"","type":"","variance":""}},
{"id":38,"members":[],"name":"","pages":[{"conditions":{"actorHp":50,"actorId":1,"actorValid":false,"enemyHp":50,"enemyIndex":0,"enemyValid":false,"switchId":1,"switchValid":false,"turnA":0,"turnB":0,"turnEnding":false,"turnValid":false},"list":[{"code":0,"indent":0,"parameters":[]}],"span":0}],"note":"","params":[],"damage":{"critical":"","elementId":"","formula":"","type":"","variance":""}},
{"id":39,"members":[],"name":"","pages":[{"conditions":{"actorHp":50,"actorId":1,"actorValid":false,"enemyHp":50,"enemyIndex":0,"enemyValid":false,"switchId":1,"switchValid":false,"turnA":0,"turnB":0,"turnEnding":false,"turnValid":false},"list":[{"code":0,"indent":0,"parameters":[]}],"span":0}],"note":"","params":[],"damage":{"critical":"","elementId":"","formula":"","type":"","variance":""}},
{"id":40,"members":[],"name":"","pages":[{"conditions":{"actorHp":50,"actorId":1,"actorValid":false,"enemyHp":50,"enemyIndex":0,"enemyValid":false,"switchId":1,"switchValid":false,"turnA":0,"turnB":0,"turnEnding":false,"turnValid":false},"list":[{"code":0,"indent":0,"parameters":[]}],"span":0}],"note":"","params":[],"damage":{"critical":"","elementId":"","formula":"","type":"","variance":""}},
{"id":41,"members":[],"name":"","pages":[{"conditions":{"actorHp":50,"actorId":1,"actorValid":false,"enemyHp":50,"enemyIndex":0,"enemyValid":false,"switchId":1,"switchValid":false,"turnA":0,"turnB":0,"turnEnding":false,"turnValid":false},"list":[{"code":0,"indent":0,"parameters":[]}],"span":0}],"note":"","params":[],"damage":{"critical":"","elementId":"","formula":"","type":"","variance":""}},
{"id":42,"members":[],"name":"","pages":[{"conditions":{"actorHp":50,"actorId":1,"actorValid":false,"enemyHp":50,"enemyIndex":0,"enemyValid":false,"switchId":1,"switchValid":false,"turnA":0,"turnB":0,"turnEnding":false,"turnValid":false},"list":[{"code":0,"indent":0,"parameters":[]}],"span":0}],"note":"","params":[],"damage":{"critical":"","elementId":"","formula":"","type":"","variance":""}},
{"id":43,"members":[],"name":"","pages":[{"conditions":{"actorHp":50,"actorId":1,"actorValid":false,"enemyHp":50,"enemyIndex":0,"enemyValid":false,"switchId":1,"switchValid":false,"turnA":0,"turnB":0,"turnEnding":false,"turnValid":false},"list":[{"code":0,"indent":0,"parameters":[]}],"span":0}],"note":"","params":[],"damage":{"critical":"","elementId":"","formula":"","type":"","variance":""}},
{"id":44,"members":[],"name":"","pages":[{"conditions":{"actorHp":50,"actorId":1,"actorValid":false,"enemyHp":50,"enemyIndex":0,"enemyValid":false,"switchId":1,"switchValid":false,"turnA":0,"turnB":0,"turnEnding":false,"turnValid":false},"list":[{"code":0,"indent":0,"parameters":[]}],"span":0}],"note":"","params":[],"damage":{"critical":"","elementId":"","formula":"","type":"","variance":""}},
{"id":45,"members":[],"name":"","pages":[{"conditions":{"actorHp":50,"actorId":1,"actorValid":false,"enemyHp":50,"enemyIndex":0,"enemyValid":false,"switchId":1,"switchValid":false,"turnA":0,"turnB":0,"turnEnding":false,"turnValid":false},"list":[{"code":0,"indent":0,"parameters":[]}],"span":0}],"note":"","params":[],"damage":{"critical":"","elementId":"","formula":"","type":"","variance":""}},
{"id":46,"members":[],"name":"","pages":[{"conditions":{"actorHp":50,"actorId":1,"actorValid":false,"enemyHp":50,"enemyIndex":0,"enemyValid":false,"switchId":1,"switchValid":false,"turnA":0,"turnB":0,"turnEnding":false,"turnValid":false},"list":[{"code":0,"indent":0,"parameters":[]}],"span":0}],"note":"","params":[],"damage":{"critical":"","elementId":"","formula":"","type":"","variance":""}},
{"id":47,"members":[],"name":"","pages":[{"conditions":{"actorHp":50,"actorId":1,"actorValid":false,"enemyHp":50,"enemyIndex":0,"enemyValid":false,"switchId":1,"switchValid":false,"turnA":0,"turnB":0,"turnEnding":false,"turnValid":false},"list":[{"code":0,"indent":0,"parameters":[]}],"span":0}],"note":"","params":[],"damage":{"critical":"","elementId":"","formula":"","type":"","variance":""}},
{"id":48,"members":[],"name":"","pages":[{"conditions":{"actorHp":50,"actorId":1,"actorValid":false,"enemyHp":50,"enemyIndex":0,"enemyValid":false,"switchId":1,"switchValid":false,"turnA":0,"turnB":0,"turnEnding":false,"turnValid":false},"list":[{"code":0,"indent":0,"parameters":[]}],"span":0}],"note":"","params":[],"damage":{"critical":"","elementId":"","formula":"","type":"","variance":""}},
{"id":49,"members":[],"name":"","pages":[{"conditions":{"actorHp":50,"actorId":1,"actorValid":false,"enemyHp":50,"enemyIndex":0,"enemyValid":false,"switchId":1,"switchValid":false,"turnA":0,"turnB":0,"turnEnding":false,"turnValid":false},"list":[{"code":0,"indent":0,"parameters":[]}],"span":0}],"note":"","params":[],"damage":{"critical":"","elementId":"","formula":"","type":"","variance":""}},
{"id":50,"members":[],"name":"","pages":[{"conditions":{"actorHp":50,"actorId":1,"actorValid":false,"enemyHp":50,"enemyIndex":0,"enemyValid":false,"switchId":1,"switchValid":false,"turnA":0,"turnB":0,"turnEnding":false,"turnValid":false},"list":[{"code":0,"indent":0,"parameters":[]}],"span":0}],"note":"","params":[],"damage":{"critical":"","elementId":"","formula":"","type":"","variance":""}}
]