[
null,
{"id":1,"atypeId":1,"description":"","etypeId":4,"traits":[{"code":22,"dataId":1,"value":0}],"iconIndex":135,"name":"-- Ropas --","note":"","price":100,"params":[0,0,0,1,0,0,0,0],"damage":{"critical":"","elementId":"","formula":"","type":"","variance":""}},
{"id":2,"atypeId":1,"description":"Una ropa básica para el día a día.","etypeId":4,"traits":[{"code":22,"dataId":1,"value":0}],"iconIndex":609,"name":"Ropa sencilla","note":"","price":10,"params":[0,0,0,4,0,0,0,0],"damage":{"critical":"","elementId":"","formula":"","type":"","variance":""}},
{"id":3,"atypeId":1,"description":"Prenda comoda para viajar por el campo.","etypeId":4,"traits":[{"code":22,"dataId":1,"value":0}],"iconIndex":617,"name":"Ropa de viaje","note":"","price":35,"params":[0,0,0,7,0,0,0,2],"damage":{"critical":"","elementId":"","formula":"","type":"","variance":""}},
{"id":4,"atypeId":1,"description":"Una capa de cuero que protege de todo.","etypeId":4,"traits":[{"code":22,"dataId":1,"value":0}],"iconIndex":688,"name":"Capa de cuero","note":"","price":89,"params":[0,0,0,10,0,0,3,0],"damage":{"critical":"","elementId":"","formula":"","type":"","variance":""}},
{"id":5,"atypeId":1,"description":"Una chaqueta de cuero con púas metálicas.","etypeId":4,"traits":[{"code":22,"dataId":1,"value":0}],"iconIndex":622,"name":"Chaqueta de púas","note":"","price":135,"params":[0,0,0,15,0,5,0,0],"damage":{"critical":"","elementId":"","formula":"","type":"","variance":""}},
{"id":6,"atypeId":0,"description":"","etypeId":2,"traits":[{"code":22,"dataId":1,"value":0}],"iconIndex":0,"name":"","note":"","price":0,"params":[0,0,0,0,0,0,0,0],"damage":{"critical":"","elementId":"","formula":"","type":"","variance":""}},
{"id":7,"atypeId":0,"description":"","etypeId":2,"traits":[{"code":22,"dataId":1,"value":0}],"iconIndex":0,"name":"","note":"","price":0,"params":[0,0,0,0,0,0,0,0],"damage":{"critical":"","elementId":"","formula":"","type":"","variance":""}},
{"id":8,"atypeId":3,"description":"[Equipam. ligero] Armadura de tela resistente.","etypeId":4,"traits":[{"code":22,"dataId":1,"value":0}],"iconIndex":136,"name":"Armadura de tela","note":"","price":260,"params":[0,0,0,4,0,0,0,0],"damage":{"critical":"","elementId":"","formula":"","type":"","variance":""}},
{"id":9,"atypeId":3,"description":"[Equipam. ligero] Armadura hecha con capas de piel.","etypeId":4,"traits":[{"code":22,"dataId":1,"value":0}],"iconIndex":136,"name":"Armadura de cuero","note":"","price":550,"params":[0,0,0,8,0,0,0,0],"damage":{"critical":"","elementId":"","formula":"","type":"","variance":""}},
{"id":10,"atypeId":3,"description":"[Equipam. ligero] Un peto hecho con bronce.","etypeId":4,"traits":[{"code":22,"dataId":1,"value":0}],"iconIndex":136,"name":"Peto de bronce","note":"","price":840,"params":[0,0,0,13,0,0,0,0],"damage":{"critical":"","elementId":"","formula":"","type":"","variance":""}},
{"id":11,"atypeId":3,"description":"[Equipam. ligero] Un peto hecho con acero puro.","etypeId":4,"traits":[{"code":22,"dataId":1,"value":0}],"iconIndex":136,"name":"Peto de hierro","note":"","price":1280,"params":[0,0,0,20,0,0,0,0],"damage":{"critical":"","elementId":"","formula":"","type":"","variance":""}},
{"id":12,"atypeId":3,"description":"[Equipam. ligero] Un peto hecho con mithril.","etypeId":4,"traits":[{"code":22,"dataId":1,"value":0}],"iconIndex":136,"name":"Peto de mithril","note":"","price":2800,"params":[0,0,0,27,0,0,0,0],"damage":{"critical":"","elementId":"","formula":"","type":"","variance":""}},
{"id":13,"atypeId":3,"description":"[Equipam. ligero] Un peto hecho con escamas de dragón.","etypeId":4,"traits":[{"code":22,"dataId":1,"value":0}],"iconIndex":136,"name":"Peto de dragón","note":"","price":4680,"params":[0,0,0,35,0,0,0,0],"damage":{"critical":"","elementId":"","formula":"","type":"","variance":""}},
{"id":14,"atypeId":0,"description":"","etypeId":2,"traits":[{"code":22,"dataId":1,"value":0}],"iconIndex":0,"name":"","note":"","price":0,"params":[0,0,0,0,0,0,0,0],"damage":{"critical":"","elementId":"","formula":"","type":"","variance":""}},
{"id":15,"atypeId":4,"description":"[Equipam. pesado] Armadura hecha con bronce.","etypeId":4,"traits":[{"code":22,"dataId":1,"value":0}],"iconIndex":137,"name":"Armadura de bronce","note":"","price":680,"params":[0,0,0,15,0,0,0,0],"damage":{"critical":"","elementId":"","formula":"","type":"","variance":""}},
{"id":16,"atypeId":4,"description":"[Equipam. pesado] Armadura hecha con acero puro.","etypeId":4,"traits":[{"code":22,"dataId":1,"value":0}],"iconIndex":137,"name":"Armadura de hierro","note":"","price":1480,"params":[0,0,0,24,0,0,0,0],"damage":{"critical":"","elementId":"","formula":"","type":"","variance":""}},
{"id":17,"atypeId":4,"description":"[Equipam. pesado] Armadura hecha con mithril.","etypeId":4,"traits":[{"code":22,"dataId":1,"value":0}],"iconIndex":137,"name":"Armadura de mithril","note":"","price":3250,"params":[0,0,0,37,0,0,0,0],"damage":{"critical":"","elementId":"","formula":"","type":"","variance":""}},
{"id":18,"atypeId":4,"description":"[Equipam. pesado] Armadura hecha con escamas de dragón.","etypeId":4,"traits":[{"code":22,"dataId":1,"value":0}],"iconIndex":137,"name":"Armadura de dragón","note":"","price":5260,"params":[0,0,0,50,0,0,0,0],"damage":{"critical":"","elementId":"","formula":"","type":"","variance":""}},
{"id":19,"atypeId":0,"description":"","etypeId":2,"traits":[{"code":22,"dataId":1,"value":0}],"iconIndex":0,"name":"","note":"","price":0,"params":[0,0,0,0,0,0,0,0],"damage":{"critical":"","elementId":"","formula":"","type":"","variance":""}},
{"id":20,"atypeId":2,"description":"[Equipam. mágico] Una túnica básica y muy frecuente.","etypeId":4,"traits":[{"code":22,"dataId":1,"value":0}],"iconIndex":139,"name":"Túnica de algodón","note":"","price":150,"params":[0,0,0,4,2,3,0,0],"damage":{"critical":"","elementId":"","formula":"","type":"","variance":""}},
{"id":21,"atypeId":2,"description":"[Equipam. mágico] Una capa de gran calidad hecha con\r\nseda.","etypeId":4,"traits":[{"code":22,"dataId":1,"value":0}],"iconIndex":139,"name":"Capa de seda","note":"","price":560,"params":[0,0,0,9,4,6,0,0],"damage":{"critical":"","elementId":"","formula":"","type":"","variance":""}},
{"id":22,"atypeId":2,"description":"[Equipam. mágico] Una túnica grabada con letras\r\nrúnicas.","etypeId":4,"traits":[{"code":22,"dataId":1,"value":0}],"iconIndex":139,"name":"Túnica táctica","note":"","price":1220,"params":[0,0,0,15,7,11,0,0],"damage":{"critical":"","elementId":"","formula":"","type":"","variance":""}},
{"id":23,"atypeId":2,"description":"[Equipam. mágico] Una túnica imbuida de poderes\r\nmágicos.","etypeId":4,"traits":[{"code":22,"dataId":1,"value":0}],"iconIndex":139,"name":"Túnica de sabio","note":"","price":2980,"params":[0,0,0,21,15,18,0,0],"damage":{"critical":"","elementId":"","formula":"","type":"","variance":""}},
{"id":24,"atypeId":2,"description":"[Equipam. mágico] Una capa que alberga el poder de\r\nlos espíritus.","etypeId":4,"traits":[{"code":22,"dataId":1,"value":0}],"iconIndex":139,"name":"Capa elemental","note":"","price":5760,"params":[0,0,0,28,20,32,0,0],"damage":{"critical":"","elementId":"","formula":"","type":"","variance":""}},
{"id":25,"atypeId":0,"description":"","etypeId":2,"traits":[{"code":22,"dataId":1,"value":0}],"iconIndex":0,"name":"","note":"","price":0,"params":[0,0,0,0,0,0,0,0],"damage":{"critical":"","elementId":"","formula":"","type":"","variance":""}},
{"id":26,"atypeId":1,"description":"","etypeId":4,"traits":[{"code":22,"dataId":1,"value":0}],"iconIndex":135,"name":"-- Armaduras --","note":"","price":100,"params":[0,0,0,0,0,0,0,0],"damage":{"critical":"","elementId":"","formula":"","type":"","variance":""}},
{"id":27,"atypeId":4,"description":"Una armadura de hierro básica y pesada.","etypeId":4,"traits":[{"code":22,"dataId":1,"value":0}],"iconIndex":632,"name":"Armadura de hierro","note":"","price":20,"params":[0,0,0,6,0,3,0,0],"damage":{"critical":"","elementId":"","formula":"","type":"","variance":""}},
{"id":28,"atypeId":4,"description":"Armadura estándar del ejército de Rhyfel.","etypeId":4,"traits":[{"code":22,"dataId":1,"value":0}],"iconIndex":635,"name":"Armadura Rhyfel I","note":"","price":43,"params":[0,0,0,10,0,5,0,0],"damage":{"critical":"","elementId":"","formula":"","type":"","variance":""}},
{"id":29,"atypeId":4,"description":"La armadura favorita de los soldados de Rhuntime.","etypeId":4,"traits":[{"code":22,"dataId":1,"value":0}],"iconIndex":636,"name":"Armadura Rhuntime","note":"","price":120,"params":[0,0,0,18,0,2,0,0],"damage":{"critical":"","elementId":"","formula":"","type":"","variance":""}},
{"id":30,"atypeId":0,"description":"","etypeId":2,"traits":[{"code":22,"dataId":1,"value":0}],"iconIndex":0,"name":"","note":"","price":0,"params":[0,0,0,0,0,0,0,0],"damage":{"critical":"","elementId":"","formula":"","type":"","variance":""}},
{"id":31,"atypeId":0,"description":"","etypeId":2,"traits":[{"code":22,"dataId":1,"value":0}],"iconIndex":0,"name":"","note":"","price":0,"params":[0,0,0,0,0,0,0,0],"damage":{"critical":"","elementId":"","formula":"","type":"","variance":""}},
{"id":32,"atypeId":0,"description":"","etypeId":2,"traits":[{"code":22,"dataId":1,"value":0}],"iconIndex":0,"name":"","note":"","price":0,"params":[0,0,0,0,0,0,0,0],"damage":{"critical":"","elementId":"","formula":"","type":"","variance":""}},
{"id":33,"atypeId":6,"description":"[Escudo grande] Un escudo grande de madera estándar.","etypeId":2,"traits":[{"code":22,"dataId":1,"value":0}],"iconIndex":128,"name":"Escudo de madera","note":"","price":550,"params":[0,0,0,7,0,0,0,0],"damage":{"critical":"","elementId":"","formula":"","type":"","variance":""}},
{"id":34,"atypeId":6,"description":"[Escudo grande] Un escudo grande hecho con placas de\r\nbronce.","etypeId":2,"traits":[{"code":22,"dataId":1,"value":0}],"iconIndex":128,"name":"Escudo de bronce","note":"","price":960,"params":[0,0,0,12,0,0,0,0],"damage":{"critical":"","elementId":"","formula":"","type":"","variance":""}},
{"id":35,"atypeId":6,"description":"[Escudo grande] Un escudo grande hecho con acero puro.","etypeId":2,"traits":[{"code":22,"dataId":1,"value":0}],"iconIndex":128,"name":"Escudo de hierro","note":"","price":1480,"params":[0,0,0,17,0,0,0,0],"damage":{"critical":"","elementId":"","formula":"","type":"","variance":""}},
{"id":36,"atypeId":6,"description":"[Escudo grande] Un escudo grande hecho con mithril.","etypeId":2,"traits":[{"code":22,"dataId":1,"value":0}],"iconIndex":128,"name":"Escudo de mithril","note":"","price":2980,"params":[0,0,0,25,0,0,0,0],"damage":{"critical":"","elementId":"","formula":"","type":"","variance":""}},
{"id":37,"atypeId":6,"description":"[Escudo grande] Un escudo grande hecho con escamas de\r\ndragón.","etypeId":2,"traits":[{"code":22,"dataId":1,"value":0}],"iconIndex":128,"name":"Escudo de dragón","note":"","price":6120,"params":[0,0,0,38,0,0,0,0],"damage":{"critical":"","elementId":"","formula":"","type":"","variance":""}},
{"id":38,"atypeId":0,"description":"","etypeId":2,"traits":[{"code":22,"dataId":1,"value":0}],"iconIndex":0,"name":"","note":"","price":0,"params":[0,0,0,0,0,0,0,0],"damage":{"critical":"","elementId":"","formula":"","type":"","variance":""}},
{"id":39,"atypeId":2,"description":"[Equipam. mágico] Un brazalete encantado con magia\r\nprotectora.","etypeId":2,"traits":[{"code":22,"dataId":1,"value":0}],"iconIndex":144,"name":"Brazalete de madera","note":"","price":300,"params":[0,0,0,2,0,3,0,0],"damage":{"critical":"","elementId":"","formula":"","type":"","variance":""}},
{"id":40,"atypeId":2,"description":"[Equipam. mágico] Un brazalete encantado con magia\r\nprotectora.","etypeId":2,"traits":[{"code":22,"dataId":1,"value":0}],"iconIndex":144,"name":"Brazalete de bronce","note":"","price":650,"params":[0,0,0,5,0,6,0,0],"damage":{"critical":"","elementId":"","formula":"","type":"","variance":""}},
{"id":41,"atypeId":2,"description":"[Equipam. mágico] Un brazalete encantado con magia\r\nprotectora.","etypeId":2,"traits":[{"code":22,"dataId":1,"value":0}],"iconIndex":144,"name":"Brazalete de acero","note":"","price":1280,"params":[0,0,0,10,0,9,0,0],"damage":{"critical":"","elementId":"","formula":"","type":"","variance":""}},
{"id":42,"atypeId":2,"description":"[Equipam. mágico] Un brazalete encantado con magia\r\nprotectora.","etypeId":2,"traits":[{"code":22,"dataId":1,"value":0}],"iconIndex":144,"name":"Brazalete de mithril","note":"","price":2680,"params":[0,0,0,16,0,12,0,0],"damage":{"critical":"","elementId":"","formula":"","type":"","variance":""}},
{"id":43,"atypeId":2,"description":"[Equipam. mágico] Un brazalete encantado con magia\r\nprotectora.","etypeId":2,"traits":[{"code":22,"dataId":1,"value":0}],"iconIndex":144,"name":"Brazalete de dragón","note":"","price":4860,"params":[0,0,0,23,0,15,0,0],"damage":{"critical":"","elementId":"","formula":"","type":"","variance":""}},
{"id":44,"atypeId":0,"description":"","etypeId":2,"traits":[{"code":22,"dataId":1,"value":0}],"iconIndex":0,"name":"","note":"","price":0,"params":[0,0,0,0,0,0,0,0],"damage":{"critical":"","elementId":"","formula":"","type":"","variance":""}},
{"id":45,"atypeId":0,"description":"","etypeId":2,"traits":[{"code":22,"dataId":1,"value":0}],"iconIndex":0,"name":"","note":"","price":0,"params":[0,0,0,0,0,0,0,0],"damage":{"critical":"","elementId":"","formula":"","type":"","variance":""}},
{"id":46,"atypeId":1,"description":"[Equipam. general] Una cinta de tela para protegerse\r\nla frente.","etypeId":3,"traits":[{"code":22,"dataId":1,"value":0}],"iconIndex":150,"name":"Bandana","note":"","price":50,"params":[0,0,0,1,0,0,0,0],"damage":{"critical":"","elementId":"","formula":"","type":"","variance":""}},
{"id":47,"atypeId":1,"description":"[Equipam. general] Una cinta de cuero para protegerse\r\nla frente.","etypeId":3,"traits":[{"code":22,"dataId":1,"value":0}],"iconIndex":150,"name":"Bandana de cuero","note":"","price":120,"params":[0,0,0,4,0,0,0,0],"damage":{"critical":"","elementId":"","formula":"","type":"","variance":""}},
{"id":48,"atypeId":1,"description":"[Equipam. general] Un sombrero hecho con cuero.","etypeId":3,"traits":[{"code":22,"dataId":1,"value":0}],"iconIndex":130,"name":"Sombrero de cuero","note":"","price":480,"params":[0,0,0,8,0,0,0,0],"damage":{"critical":"","elementId":"","formula":"","type":"","variance":""}},
{"id":49,"atypeId":1,"description":"[Equipam. general] Una tela gruesa que se coloca\r\nenvolviendo la cabeza para obtener protección.","etypeId":3,"traits":[{"code":22,"dataId":1,"value":0}],"iconIndex":130,"name":"Turbante","note":"","price":980,"params":[0,0,0,12,0,0,0,0],"damage":{"critical":"","elementId":"","formula":"","type":"","variance":""}},
{"id":50,"atypeId":1,"description":"[Equipam. general] Un sombrero elegante con plumas de\r\npájaro.","etypeId":3,"traits":[{"code":22,"dataId":1,"value":0}],"iconIndex":130,"name":"Sombrero de plumas","note":"","price":1890,"params":[0,0,0,16,0,0,0,0],"damage":{"critical":"","elementId":"","formula":"","type":"","variance":""}},
{"id":51,"atypeId":1,"description":"","etypeId":4,"traits":[{"code":22,"dataId":1,"value":0}],"iconIndex":135,"name":"-- Vestidos --","note":"","price":100,"params":[0,0,0,0,0,0,0,0],"damage":{"critical":"","elementId":"","formula":"","type":"","variance":""}},
{"id":52,"atypeId":3,"description":"La vestimenta básica de los guardianes.","etypeId":4,"traits":[{"code":22,"dataId":1,"value":0}],"iconIndex":659,"name":"Túnica de guardián","note":"","price":15,"params":[0,0,0,8,0,6,0,0],"damage":{"critical":"","elementId":"","formula":"","type":"","variance":""}},
{"id":53,"atypeId":3,"description":"Un vestido que contiene algo de hilo mágico.","etypeId":4,"traits":[{"code":22,"dataId":1,"value":0}],"iconIndex":661,"name":"Vestido de mago","note":"","price":39,"params":[0,0,0,8,0,10,0,0],"damage":{"critical":"","elementId":"","formula":"","type":"","variance":""}},
{"id":54,"atypeId":3,"description":"Un manto grueso hecho de piel de topo hombre.","etypeId":4,"traits":[{"code":22,"dataId":1,"value":0}],"iconIndex":677,"name":"Manto de topo","note":"","price":101,"params":[0,0,0,10,0,12,0,0],"damage":{"critical":"","elementId":"","formula":"","type":"","variance":""}},
{"id":55,"atypeId":0,"description":"","etypeId":2,"traits":[{"code":22,"dataId":1,"value":0}],"iconIndex":0,"name":"","note":"","price":0,"params":[0,0,0,0,0,0,0,0],"damage":{"critical":"","elementId":"","formula":"","type":"","variance":""}},
{"id":56,"atypeId":0,"description":"","etypeId":2,"traits":[{"code":22,"dataId":1,"value":0}],"iconIndex":0,"name":"","note":"","price":0,"params":[0,0,0,0,0,0,0,0],"damage":{"critical":"","elementId":"","formula":"","type":"","variance":""}},
{"id":57,"atypeId":0,"description":"","etypeId":2,"traits":[{"code":22,"dataId":1,"value":0}],"iconIndex":0,"name":"","note":"","price":0,"params":[0,0,0,0,0,0,0,0],"damage":{"critical":"","elementId":"","formula":"","type":"","variance":""}},
{"id":58,"atypeId":0,"description":"","etypeId":2,"traits":[{"code":22,"dataId":1,"value":0}],"iconIndex":0,"name":"","note":"","price":0,"params":[0,0,0,0,0,0,0,0],"damage":{"critical":"","elementId":"","formula":"","type":"","variance":""}},
{"id":59,"atypeId":4,"description":"[Equipam. pesado] Una capucha hecha con fina cota de\r\nmalla.","etypeId":3,"traits":[{"code":22,"dataId":1,"value":0}],"iconIndex":132,"name":"Toca de cota de malla","note":"","price":250,"params":[0,0,0,5,0,0,0,0],"damage":{"critical":"","elementId":"","formula":"","type":"","variance":""}},
{"id":60,"atypeId":4,"description":"[Equipam. pesado] Un casco hecho con gruesas placas\r\nde bronce.","etypeId":3,"traits":[{"code":22,"dataId":1,"value":0}],"iconIndex":132,"name":"Yelmo de bronce","note":"","price":750,"params":[0,0,0,12,0,0,0,0],"damage":{"critical":"","elementId":"","formula":"","type":"","variance":""}},
{"id":61,"atypeId":4,"description":"[Equipam. pesado] Un casco hecho con gruesas placas\r\nde hierro.","etypeId":3,"traits":[{"code":22,"dataId":1,"value":0}],"iconIndex":132,"name":"Yelmo de hierro","note":"","price":1580,"params":[0,0,0,20,0,0,0,0],"damage":{"critical":"","elementId":"","formula":"","type":"","variance":""}},
{"id":62,"atypeId":4,"description":"[Equipam. pesado] Un casco hecho con mithril.","etypeId":3,"traits":[{"code":22,"dataId":1,"value":0}],"iconIndex":132,"name":"Yelmo de mithril","note":"","price":3480,"params":[0,0,0,28,0,0,0,0],"damage":{"critical":"","elementId":"","formula":"","type":"","variance":""}},
{"id":63,"atypeId":4,"description":"[Equipam. pesado] Un casco hecho con escamas de dragón.","etypeId":3,"traits":[{"code":22,"dataId":1,"value":0}],"iconIndex":132,"name":"Yelmo de dragón","note":"","price":6780,"params":[0,0,0,34,0,0,0,0],"damage":{"critical":"","elementId":"","formula":"","type":"","variance":""}},
{"id":64,"atypeId":0,"description":"","etypeId":2,"traits":[{"code":22,"dataId":1,"value":0}],"iconIndex":0,"name":"","note":"","price":0,"params":[0,0,0,0,0,0,0,0],"damage":{"critical":"","elementId":"","formula":"","type":"","variance":""}},
{"id":65,"atypeId":2,"description":"[Equipam. mágico] Un sombrero triangular de piel\r\ncurtida y ala ancha.","etypeId":3,"traits":[{"code":22,"dataId":1,"value":0}],"iconIndex":133,"name":"Sombrero puntiagudo","note":"","price":100,"params":[0,0,0,2,0,5,0,0],"damage":{"critical":"","elementId":"","formula":"","type":"","variance":""}},
{"id":66,"atypeId":2,"description":"[Equipam. mágico] Una corona sencilla encantada con\r\nmagia protectora.","etypeId":3,"traits":[{"code":22,"dataId":1,"value":0}],"iconIndex":133,"name":"Tiara","note":"","price":360,"params":[0,0,0,5,0,10,0,0],"damage":{"critical":"","elementId":"","formula":"","type":"","variance":""}},
{"id":67,"atypeId":2,"description":"[Equipam. mágico] Una corona de plata encantada con\r\nmagia protectora.","etypeId":3,"traits":[{"code":22,"dataId":1,"value":0}],"iconIndex":133,"name":"Tiara de plata","note":"","price":980,"params":[0,0,0,8,0,15,0,0],"damage":{"critical":"","elementId":"","formula":"","type":"","variance":""}},
{"id":68,"atypeId":2,"description":"[Equipam. mágico] Una corona de oro puro encantada con\r\nmagia protectora.","etypeId":3,"traits":[{"code":22,"dataId":1,"value":0}],"iconIndex":133,"name":"Tiara de oro","note":"","price":1980,"params":[0,0,0,16,0,25,0,0],"damage":{"critical":"","elementId":"","formula":"","type":"","variance":""}},
{"id":69,"atypeId":2,"description":"[Equipam. mágico] Una corona de mithril encantada con\r\nmagia protectora.","etypeId":3,"traits":[{"code":22,"dataId":1,"value":0}],"iconIndex":133,"name":"Tiara de mithril","note":"","price":3680,"params":[0,0,0,20,0,30,0,0],"damage":{"critical":"","elementId":"","formula":"","type":"","variance":""}},
{"id":70,"atypeId":2,"description":"[Equipam. mágico] Una corona de sabio encantada con\r\nmagia protectora.","etypeId":3,"traits":[{"code":22,"dataId":1,"value":0}],"iconIndex":133,"name":"Tiara maestra","note":"","price":5860,"params":[0,0,0,25,0,36,0,0],"damage":{"critical":"","elementId":"","formula":"","type":"","variance":""}},
{"id":71,"atypeId":0,"description":"","etypeId":2,"traits":[{"code":22,"dataId":1,"value":0}],"iconIndex":0,"name":"","note":"","price":0,"params":[0,0,0,0,0,0,0,0],"damage":{"critical":"","elementId":"","formula":"","type":"","variance":""}},
{"id":72,"atypeId":1,"description":"","etypeId":4,"traits":[{"code":22,"dataId":1,"value":0}],"iconIndex":135,"name":"-----Accesorios","note":"","price":100,"params":[0,0,0,1,0,0,0,0],"damage":{"critical":"","elementId":"","formula":"","type":"","variance":""}},
{"id":73,"atypeId":1,"description":"[Accesorio] Un amuleto que aumenta la defensa.","etypeId":5,"traits":[{"code":22,"dataId":1,"value":0}],"iconIndex":147,"name":"Piedra guardiana","note":"","price":500,"params":[0,0,0,5,0,5,0,0],"damage":{"critical":"","elementId":"","formula":"","type":"","variance":""}},
{"id":74,"atypeId":1,"description":"[Accesorio] Un anillo que aumenta la defensa.","etypeId":5,"traits":[{"code":22,"dataId":1,"value":0}],"iconIndex":145,"name":"Anillo guardián","note":"","price":1000,"params":[0,0,0,10,0,10,0,0],"damage":{"critical":"","elementId":"","formula":"","type":"","variance":""}},
{"id":75,"atypeId":1,"description":"[Accesorio] Una piedra que aumenta el ataque.","etypeId":5,"traits":[{"code":22,"dataId":1,"value":0}],"iconIndex":147,"name":"Piedra de poder","note":"","price":500,"params":[0,0,5,0,5,0,0,0],"damage":{"critical":"","elementId":"","formula":"","type":"","variance":""}},
{"id":76,"atypeId":1,"description":"","etypeId":4,"traits":[{"code":22,"dataId":1,"value":0}],"iconIndex":135,"name":"-- Cascos --","note":"","price":100,"params":[0,0,0,1,0,0,0,0],"damage":{"critical":"","elementId":"","formula":"","type":"","variance":""}},
{"id":77,"atypeId":1,"description":"Un casco de hierro sencillo pero eficaz.","etypeId":3,"traits":[{"code":22,"dataId":1,"value":0}],"iconIndex":0,"name":"Casco de hierro","note":"","price":21,"params":[0,0,0,5,0,0,0,0],"damage":{"critical":"","elementId":"","formula":"","type":"","variance":""}},
{"id":78,"atypeId":1,"description":"Un casco de bronce resistente pero pesado.","etypeId":3,"traits":[{"code":22,"dataId":1,"value":0}],"iconIndex":0,"name":"Casco de bronce","note":"","price":43,"params":[0,0,0,7,0,0,0,0],"damage":{"critical":"","elementId":"","formula":"","type":"","variance":""}},
{"id":79,"atypeId":1,"description":"El casco estándar que usan en Rhyfel.","etypeId":3,"traits":[{"code":22,"dataId":1,"value":0}],"iconIndex":0,"name":"Casco de Rhyfel","note":"","price":51,"params":[0,0,0,10,0,0,0,0],"damage":{"critical":"","elementId":"","formula":"","type":"","variance":""}},
{"id":80,"atypeId":1,"description":"Casco de la guardia de Rhuntime, muy cerrado.","etypeId":3,"traits":[{"code":22,"dataId":1,"value":0}],"iconIndex":0,"name":"Casco de Rhuntime","note":"","price":77,"params":[0,0,0,13,0,0,0,0],"damage":{"critical":"","elementId":"","formula":"","type":"","variance":""}},
{"id":81,"atypeId":0,"description":"","etypeId":2,"traits":[{"code":22,"dataId":1,"value":0}],"iconIndex":0,"name":"","note":"","price":0,"params":[0,0,0,0,0,0,0,0],"damage":{"critical":"","elementId":"","formula":"","type":"","variance":""}},
{"id":82,"atypeId":1,"description":"[Accesorio] Un anillo que aumenta el ataque mágico.","etypeId":5,"traits":[{"code":22,"dataId":1,"value":0}],"iconIndex":145,"name":"Anillo mágico","note":"","price":1000,"params":[0,0,0,0,10,10,0,0],"damage":{"critical":"","elementId":"","formula":"","type":"","variance":""}},
{"id":83,"atypeId":1,"description":"[Accesorio] Un amuleto que aumenta la puntería de los\r\nataques.","etypeId":5,"traits":[{"code":22,"dataId":1,"value":0},{"code":22,"dataId":0,"value":1.5}],"iconIndex":147,"name":"Piedra certera","note":"","price":500,"params":[0,0,0,0,0,0,0,0],"damage":{"critical":"","elementId":"","formula":"","type":"","variance":""}},
{"id":84,"atypeId":1,"description":"[Accesorio] Un anillo que aumenta la puntería de los\r\nataques.","etypeId":5,"traits":[{"code":22,"dataId":1,"value":0},{"code":22,"dataId":0,"value":2}],"iconIndex":145,"name":"Anillo certero","note":"","price":100,"params":[0,0,0,0,0,0,0,0],"damage":{"critical":"","elementId":"","formula":"","type":"","variance":""}},
{"id":85,"atypeId":1,"description":"[Accesorio] Un anillo que reduce un 20 % el coste de\r\nlos PM.","etypeId":5,"traits":[{"code":22,"dataId":1,"value":0},{"code":23,"dataId":4,"value":0.8}],"iconIndex":147,"name":"Piedra maestra","note":"","price":500,"params":[0,0,0,0,0,0,0,0],"damage":{"critical":"","elementId":"","formula":"","type":"","variance":""}},
{"id":86,"atypeId":1,"description":"[Accesorio] Un anillo que reduce un 50 % el coste de\r\nlos PM.","etypeId":5,"traits":[{"code":22,"dataId":1,"value":0},{"code":23,"dataId":4,"value":0.5}],"iconIndex":145,"name":"Anillo maestro","note":"","price":1000,"params":[0,0,0,0,0,0,0,0],"damage":{"critical":"","elementId":"","formula":"","type":"","variance":""}},
{"id":87,"atypeId":0,"description":"","etypeId":2,"traits":[{"code":22,"dataId":1,"value":0}],"iconIndex":0,"name":"","note":"","price":0,"params":[0,0,0,0,0,0,0,0],"damage":{"critical":"","elementId":"","formula":"","type":"","variance":""}},
{"id":88,"atypeId":1,"description":"[Accesorio] Un anillo que ayuda a evitar los estados\r\nde envenenamiento y parálisis.","etypeId":5,"traits":[{"code":22,"dataId":1,"value":0},{"code":13,"dataId":4,"value":0.6},{"code":13,"dataId":12,"value":0.6},{"code":13,"dataId":17,"value":0.6}],"iconIndex":145,"name":"Guardián del veneno","note":"","price":300,"params":[0,0,0,1,0,0,0,0],"damage":{"critical":"","elementId":"","formula":"","type":"","variance":""}},
{"id":89,"atypeId":1,"description":"[Accesorio] Un anillo que evita por completo los\r\nestados de envenenamiento y parálisis.","etypeId":5,"traits":[{"code":22,"dataId":1,"value":0},{"code":14,"dataId":4,"value":1},{"code":14,"dataId":12,"value":1},{"code":14,"dataId":17,"value":1}],"iconIndex":145,"name":"Superguardián del veneno","note":"","price":3000,"params":[0,0,0,5,0,0,0,0],"damage":{"critical":"","elementId":"","formula":"","type":"","variance":""}},
{"id":90,"atypeId":0,"description":"","etypeId":2,"traits":[{"code":22,"dataId":1,"value":0}],"iconIndex":0,"name":"","note":"","price":0,"params":[0,0,0,0,0,0,0,0],"damage":{"critical":"","elementId":"","formula":"","type":"","variance":""}},
{"id":91,"atypeId":1,"description":"[Accesorio] Un anillo que ayuda a evitar los estados\r\nde sueño, silencio, confusión, fascinación y locura.","etypeId":5,"traits":[{"code":22,"dataId":1,"value":0},{"code":13,"dataId":6,"value":0.6},{"code":13,"dataId":7,"value":0.6},{"code":13,"dataId":9,"value":0.6},{"code":13,"dataId":10,"value":0.6},{"code":13,"dataId":8,"value":0.6}],"iconIndex":145,"name":"Guardián mental","note":"","price":500,"params":[0,0,0,1,0,0,0,0],"damage":{"critical":"","elementId":"","formula":"","type":"","variance":""}},
{"id":92,"atypeId":1,"description":"[Accesorio] Un anillo que evita por completo los\r\nestados de sueño, silencio, confusión, fascinación y locura.","etypeId":5,"traits":[{"code":22,"dataId":1,"value":0},{"code":14,"dataId":6,"value":1},{"code":14,"dataId":8,"value":1},{"code":14,"dataId":7,"value":1},{"code":14,"dataId":9,"value":1},{"code":14,"dataId":10,"value":1}],"iconIndex":145,"name":"Superguardián mental","note":"","price":5000,"params":[0,0,0,1,0,0,0,0],"damage":{"critical":"","elementId":"","formula":"","type":"","variance":""}},
{"id":93,"atypeId":0,"description":"","etypeId":2,"traits":[{"code":22,"dataId":1,"value":0}],"iconIndex":0,"name":"","note":"","price":0,"params":[0,0,0,0,0,0,0,0],"damage":{"critical":"","elementId":"","formula":"","type":"","variance":""}},
{"id":94,"atypeId":1,"description":"[Accesorio] Aumenta la posibilidad de lanzar un\r\nataque inicial.","etypeId":5,"traits":[{"code":22,"dataId":1,"value":0},{"code":64,"dataId":3,"value":1}],"iconIndex":147,"name":"Radar enemigo","note":"","price":1000,"params":[0,0,0,0,0,0,0,0],"damage":{"critical":"","elementId":"","formula":"","type":"","variance":""}},
{"id":95,"atypeId":1,"description":"[Accesorio] Evita los ataques sorpresa.","etypeId":5,"traits":[{"code":22,"dataId":1,"value":0},{"code":64,"dataId":2,"value":1}],"iconIndex":205,"name":"Señal de alarma","note":"","price":1000,"params":[0,0,0,0,0,0,0,0],"damage":{"critical":"","elementId":"","formula":"","type":"","variance":""}},
{"id":96,"atypeId":1,"description":"[Accesorio] Permite llevarse los PT a la siguiente\r\nbatalla.","etypeId":5,"traits":[{"code":22,"dataId":1,"value":0},{"code":62,"dataId":3,"value":1}],"iconIndex":144,"name":"Almacenador","note":"","price":1000,"params":[0,0,0,0,0,0,0,0],"damage":{"critical":"","elementId":"","formula":"","type":"","variance":""}},
{"id":97,"atypeId":1,"description":"[Accesorio] Aumenta la tasa de carga de PT.","etypeId":5,"traits":[{"code":22,"dataId":1,"value":0},{"code":23,"dataId":5,"value":2}],"iconIndex":145,"name":"Anillo de coraje","note":"","price":1000,"params":[0,0,0,0,0,0,0,0],"damage":{"critical":"","elementId":"","formula":"","type":"","variance":""}},
{"id":98,"atypeId":1,"description":"[Accesorio] Reduce la tasa de coste de PM.","etypeId":5,"traits":[{"code":22,"dataId":1,"value":0},{"code":23,"dataId":4,"value":0.5}],"iconIndex":144,"name":"Custodio de PM","note":"","price":1000,"params":[0,0,0,0,0,0,0,0],"damage":{"critical":"","elementId":"","formula":"","type":"","variance":""}},
{"id":99,"atypeId":1,"description":"[Accesorio] Reduce a la mitad el daño infligido por\r\nfuego, agua, viento y tierra.","etypeId":5,"traits":[{"code":22,"dataId":1,"value":0},{"code":11,"dataId":2,"value":0.5},{"code":11,"dataId":5,"value":0.5},{"code":11,"dataId":6,"value":0.5},{"code":11,"dataId":7,"value":0.5}],"iconIndex":145,"name":"Guardián elemental","note":"","price":1000,"params":[0,0,0,0,0,0,0,0],"damage":{"critical":"","elementId":"","formula":"","type":"","variance":""}},
{"id":100,"atypeId":1,"description":"[Accesorio] Agudiza la vista y aumenta la puntería.","etypeId":5,"traits":[{"code":22,"dataId":1,"value":0},{"code":22,"dataId":0,"value":0.5}],"iconIndex":151,"name":"Anteojos","note":"","price":500,"params":[0,0,0,0,0,0,0,0],"damage":{"critical":"","elementId":"","formula":"","type":"","variance":""}},
{"id":101,"atypeId":1,"description":"","etypeId":4,"traits":[{"code":22,"dataId":1,"value":0}],"iconIndex":135,"name":"-- Sombreros --","note":"","price":100,"params":[0,0,0,1,0,0,0,0],"damage":{"critical":"","elementId":"","formula":"","type":"","variance":""}},
{"id":102,"atypeId":3,"description":"Un sombrero de tela perfecto para viajar.","etypeId":3,"traits":[{"code":22,"dataId":1,"value":0}],"iconIndex":0,"name":"Sombrero de viaje","note":"","price":0,"params":[0,0,0,0,0,5,0,0],"damage":{"critical":"","elementId":"","formula":"","type":"","variance":""}},
{"id":103,"atypeId":3,"description":"Boina de algodón que llevan los guardianes.","etypeId":3,"traits":[{"code":22,"dataId":1,"value":0}],"iconIndex":0,"name":"Boina de guardián","note":"","price":0,"params":[0,0,0,3,0,4,0,0],"damage":{"critical":"","elementId":"","formula":"","type":"","variance":""}},
{"id":104,"atypeId":3,"description":"Un sombrero usado por los magos y hechiceros.","etypeId":3,"traits":[{"code":22,"dataId":1,"value":0}],"iconIndex":0,"name":"Sombrero de mago","note":"","price":0,"params":[0,0,0,3,0,7,0,0],"damage":{"critical":"","elementId":"","formula":"","type":"","variance":""}},
{"id":105,"atypeId":0,"description":"","etypeId":2,"traits":[{"code":22,"dataId":1,"value":0}],"iconIndex":0,"name":"","note":"","price":0,"params":[0,0,0,0,0,0,0,0],"damage":{"critical":"","elementId":"","formula":"","type":"","variance":""}},
{"id":106,"atypeId":0,"description":"","etypeId":2,"traits":[{"code":22,"dataId":1,"value":0}],"iconIndex":0,"name":"","note":"","price":0,"params":[0,0,0,0,0,0,0,0],"damage":{"critical":"","elementId":"","formula":"","type":"","variance":""}},
{"id":107,"atypeId":0,"description":"","etypeId":2,"traits":[{"code":22,"dataId":1,"value":0}],"iconIndex":0,"name":"","note":"","price":0,"params":[0,0,0,0,0,0,0,0],"damage":{"critical":"","elementId":"","formula":"","type":"","variance":""}},
{"id":108,"atypeId":0,"description":"","etypeId":2,"traits":[{"code":22,"dataId":1,"value":0}],"iconIndex":0,"name":"","note":"","price":0,"params":[0,0,0,0,0,0,0,0],"damage":{"critical":"","elementId":"","formula":"","type":"","variance":""}},
{"id":109,"atypeId":0,"description":"","etypeId":2,"traits":[{"code":22,"dataId":1,"value":0}],"iconIndex":0,"name":"","note":"","price":0,"params":[0,0,0,0,0,0,0,0],"damage":{"critical":"","elementId":"","formula":"","type":"","variance":""}},
{"id":110,"atypeId":0,"description":"","etypeId":2,"traits":[{"code":22,"dataId":1,"value":0}],"iconIndex":0,"name":"","note":"","price":0,"params":[0,0,0,0,0,0,0,0],"damage":{"critical":"","elementId":"","formula":"","type":"","variance":""}},
{"id":111,"atypeId":0,"description":"","etypeId":2,"traits":[{"code":22,"dataId":1,"value":0}],"iconIndex":0,"name":"","note":"","price":0,"params":[0,0,0,0,0,0,0,0],"damage":{"critical":"","elementId":"","formula":"","type":"","variance":""}},
{"id":112,"atypeId":0,"description":"","etypeId":2,"traits":[{"code":22,"dataId":1,"value":0}],"iconIndex":0,"name":"","note":"","price":0,"params":[0,0,0,0,0,0,0,0],"damage":{"critical":"","elementId":"","formula":"","type":"","variance":""}},
{"id":113,"atypeId":0,"description":"","etypeId":2,"traits":[{"code":22,"dataId":1,"value":0}],"iconIndex":0,"name":"","note":"","price":0,"params":[0,0,0,0,0,0,0,0],"damage":{"critical":"","elementId":"","formula":"","type":"","variance":""}},
{"id":114,"atypeId":0,"description":"","etypeId":2,"traits":[{"code":22,"dataId":1,"value":0}],"iconIndex":0,"name":"","note":"","price":0,"params":[0,0,0,0,0,0,0,0],"damage":{"critical":"","elementId":"","formula":"","type":"","variance":""}},
{"id":115,"atypeId":0,"description":"","etypeId":2,"traits":[{"code":22,"dataId":1,"value":0}],"iconIndex":0,"name":"","note":"","price":0,"params":[0,0,0,0,0,0,0,0],"damage":{"critical":"","elementId":"","formula":"","type":"","variance":""}},
{"id":116,"atypeId":0,"description":"","etypeId":2,"traits":[{"code":22,"dataId":1,"value":0}],"iconIndex":0,"name":"","note":"","price":0,"params":[0,0,0,0,0,0,0,0],"damage":{"critical":"","elementId":"","formula":"","type":"","variance":""}},
{"id":117,"atypeId":0,"description":"","etypeId":2,"traits":[{"code":22,"dataId":1,"value":0}],"iconIndex":0,"name":"","note":"","price":0,"params":[0,0,0,0,0,0,0,0],"damage":{"critical":"","elementId":"","formula":"","type":"","variance":""}},
{"id":118,"atypeId":0,"description":"","etypeId":2,"traits":[{"code":22,"dataId":1,"value":0}],"iconIndex":0,"name":"","note":"","price":0,"params":[0,0,0,0,0,0,0,0],"damage":{"critical":"","elementId":"","formula":"","type":"","variance":""}},
{"id":119,"atypeId":0,"description":"","etypeId":2,"traits":[{"code":22,"dataId":1,"value":0}],"iconIndex":0,"name":"","note":"","price":0,"params":[0,0,0,0,0,0,0,0],"damage":{"critical":"","elementId":"","formula":"","type":"","variance":""}},
{"id":120,"atypeId":0,"description":"","etypeId":2,"traits":[{"code":22,"dataId":1,"value":0}],"iconIndex":0,"name":"","note":"","price":0,"params":[0,0,0,0,0,0,0,0],"damage":{"critical":"","elementId":"","formula":"","type":"","variance":""}},
{"id":121,"atypeId":0,"description":"","etypeId":2,"traits":[{"code":22,"dataId":1,"value":0}],"iconIndex":0,"name":"","note":"","price":0,"params":[0,0,0,0,0,0,0,0],"damage":{"critical":"","elementId":"","formula":"","type":"","variance":""}},
{"id":122,"atypeId":0,"description":"","etypeId":2,"traits":[{"code":22,"dataId":1,"value":0}],"iconIndex":0,"name":"","note":"","price":0,"params":[0,0,0,0,0,0,0,0],"damage":{"critical":"","elementId":"","formula":"","type":"","variance":""}},
{"id":123,"atypeId":0,"description":"","etypeId":2,"traits":[{"code":22,"dataId":1,"value":0}],"iconIndex":0,"name":"","note":"","price":0,"params":[0,0,0,0,0,0,0,0],"damage":{"critical":"","elementId":"","formula":"","type":"","variance":""}},
{"id":124,"atypeId":0,"description":"","etypeId":2,"traits":[{"code":22,"dataId":1,"value":0}],"iconIndex":0,"name":"","note":"","price":0,"params":[0,0,0,0,0,0,0,0],"damage":{"critical":"","elementId":"","formula":"","type":"","variance":""}},
{"id":125,"atypeId":1,"description":"","etypeId":4,"traits":[{"code":22,"dataId":1,"value":0}],"iconIndex":135,"name":"-- Cintas --","note":"","price":100,"params":[0,0,0,1,0,0,0,0],"damage":{"critical":"","elementId":"","formula":"","type":"","variance":""}},
{"id":126,"atypeId":3,"description":"Una cinta del pelo sencilla para recogerse el pelo.","etypeId":3,"traits":[{"code":22,"dataId":1,"value":0}],"iconIndex":0,"name":"Cinta de pelo","note":"","price":5,"params":[0,0,0,1,0,0,0,0],"damage":{"critical":"","elementId":"","formula":"","type":"","variance":""}},
{"id":127,"atypeId":3,"description":"Un pañuelo de algodón decorativo.","etypeId":3,"traits":[{"code":22,"dataId":1,"value":0}],"iconIndex":0,"name":"Pañuelo de algodón","note":"","price":15,"params":[0,0,0,1,0,1,3,0],"damage":{"critical":"","elementId":"","formula":"","type":"","variance":""}},
{"id":128,"atypeId":3,"description":"Una bandana de tela que da mucha confianza.","etypeId":3,"traits":[{"code":22,"dataId":1,"value":0}],"iconIndex":0,"name":"Bandana de héroe","note":"","price":29,"params":[0,0,1,1,0,0,1,0],"damage":{"critical":"","elementId":"","formula":"","type":"","variance":""}},
{"id":129,"atypeId":0,"description":"","etypeId":2,"traits":[{"code":22,"dataId":1,"value":0}],"iconIndex":0,"name":"","note":"","price":0,"params":[0,0,0,0,0,0,0,0],"damage":{"critical":"","elementId":"","formula":"","type":"","variance":""}},
{"id":130,"atypeId":0,"description":"","etypeId":2,"traits":[{"code":22,"dataId":1,"value":0}],"iconIndex":0,"name":"","note":"","price":0,"params":[0,0,0,0,0,0,0,0],"damage":{"critical":"","elementId":"","formula":"","type":"","variance":""}},
{"id":131,"atypeId":0,"description":"","etypeId":2,"traits":[{"code":22,"dataId":1,"value":0}],"iconIndex":0,"name":"","note":"","price":0,"params":[0,0,0,0,0,0,0,0],"damage":{"critical":"","elementId":"","formula":"","type":"","variance":""}},
{"id":132,"atypeId":0,"description":"","etypeId":2,"traits":[{"code":22,"dataId":1,"value":0}],"iconIndex":0,"name":"","note":"","price":0,"params":[0,0,0,0,0,0,0,0],"damage":{"critical":"","elementId":"","formula":"","type":"","variance":""}},
{"id":133,"atypeId":0,"description":"","etypeId":2,"traits":[{"code":22,"dataId":1,"value":0}],"iconIndex":0,"name":"","note":"","price":0,"params":[0,0,0,0,0,0,0,0],"damage":{"critical":"","elementId":"","formula":"","type":"","variance":""}},
{"id":134,"atypeId":0,"description":"","etypeId":2,"traits":[{"code":22,"dataId":1,"value":0}],"iconIndex":0,"name":"","note":"","price":0,"params":[0,0,0,0,0,0,0,0],"damage":{"critical":"","elementId":"","formula":"","type":"","variance":""}},
{"id":135,"atypeId":0,"description":"","etypeId":2,"traits":[{"code":22,"dataId":1,"value":0}],"iconIndex":0,"name":"","note":"","price":0,"params":[0,0,0,0,0,0,0,0],"damage":{"critical":"","elementId":"","formula":"","type":"","variance":""}},
{"id":136,"atypeId":0,"description":"","etypeId":2,"traits":[{"code":22,"dataId":1,"value":0}],"iconIndex":0,"name":"","note":"","price":0,"params":[0,0,0,0,0,0,0,0],"damage":{"critical":"","elementId":"","formula":"","type":"","variance":""}},
{"id":137,"atypeId":0,"description":"","etypeId":2,"traits":[{"code":22,"dataId":1,"value":0}],"iconIndex":0,"name":"","note":"","price":0,"params":[0,0,0,0,0,0,0,0],"damage":{"critical":"","elementId":"","formula":"","type":"","variance":""}},
{"id":138,"atypeId":0,"description":"","etypeId":2,"traits":[{"code":22,"dataId":1,"value":0}],"iconIndex":0,"name":"","note":"","price":0,"params":[0,0,0,0,0,0,0,0],"damage":{"critical":"","elementId":"","formula":"","type":"","variance":""}},
{"id":139,"atypeId":0,"description":"","etypeId":2,"traits":[{"code":22,"dataId":1,"value":0}],"iconIndex":0,"name":"","note":"","price":0,"params":[0,0,0,0,0,0,0,0],"damage":{"critical":"","elementId":"","formula":"","type":"","variance":""}},
{"id":140,"atypeId":0,"description":"","etypeId":2,"traits":[{"code":22,"dataId":1,"value":0}],"iconIndex":0,"name":"","note":"","price":0,"params":[0,0,0,0,0,0,0,0],"damage":{"critical":"","elementId":"","formula":"","type":"","variance":""}},
{"id":141,"atypeId":0,"description":"","etypeId":2,"traits":[{"code":22,"dataId":1,"value":0}],"iconIndex":0,"name":"","note":"","price":0,"params":[0,0,0,0,0,0,0,0],"damage":{"critical":"","elementId":"","formula":"","type":"","variance":""}},
{"id":142,"atypeId":0,"description":"","etypeId":2,"traits":[{"code":22,"dataId":1,"value":0}],"iconIndex":0,"name":"","note":"","price":0,"params":[0,0,0,0,0,0,0,0],"damage":{"critical":"","elementId":"","formula":"","type":"","variance":""}},
{"id":143,"atypeId":0,"description":"","etypeId":2,"traits":[{"code":22,"dataId":1,"value":0}],"iconIndex":0,"name":"","note":"","price":0,"params":[0,0,0,0,0,0,0,0],"damage":{"critical":"","elementId":"","formula":"","type":"","variance":""}},
{"id":144,"atypeId":0,"description":"","etypeId":2,"traits":[{"code":22,"dataId":1,"value":0}],"iconIndex":0,"name":"","note":"","price":0,"params":[0,0,0,0,0,0,0,0],"damage":{"critical":"","elementId":"","formula":"","type":"","variance":""}},
{"id":145,"atypeId":0,"description":"","etypeId":2,"traits":[{"code":22,"dataId":1,"value":0}],"iconIndex":0,"name":"","note":"","price":0,"params":[0,0,0,0,0,0,0,0],"damage":{"critical":"","elementId":"","formula":"","type":"","variance":""}},
{"id":146,"atypeId":0,"description":"","etypeId":2,"traits":[{"code":22,"dataId":1,"value":0}],"iconIndex":0,"name":"","note":"","price":0,"params":[0,0,0,0,0,0,0,0],"damage":{"critical":"","elementId":"","formula":"","type":"","variance":""}},
{"id":147,"atypeId":0,"description":"","etypeId":2,"traits":[{"code":22,"dataId":1,"value":0}],"iconIndex":0,"name":"","note":"","price":0,"params":[0,0,0,0,0,0,0,0],"damage":{"critical":"","elementId":"","formula":"","type":"","variance":""}},
{"id":148,"atypeId":0,"description":"","etypeId":2,"traits":[{"code":22,"dataId":1,"value":0}],"iconIndex":0,"name":"","note":"","price":0,"params":[0,0,0,0,0,0,0,0],"damage":{"critical":"","elementId":"","formula":"","type":"","variance":""}},
{"id":149,"atypeId":0,"description":"","etypeId":2,"traits":[{"code":22,"dataId":1,"value":0}],"iconIndex":0,"name":"","note":"","price":0,"params":[0,0,0,0,0,0,0,0],"damage":{"critical":"","elementId":"","formula":"","type":"","variance":""}},
{"id":150,"atypeId":1,"description":"","etypeId":4,"traits":[{"code":22,"dataId":1,"value":0}],"iconIndex":135,"name":"-- Escudos --","note":"","price":100,"params":[0,0,0,1,0,0,0,0],"damage":{"critical":"","elementId":"","formula":"","type":"","variance":""}},
{"id":151,"atypeId":1,"description":"Un escudo de entrenamiento, poco útil para el combate real.","etypeId":2,"traits":[{"code":22,"dataId":1,"value":0}],"iconIndex":576,"name":"Escudo de madera","note":"","price":10,"params":[0,0,0,3,0,0,0,0],"damage":{"critical":"","elementId":"","formula":"","type":"","variance":""}},
{"id":152,"atypeId":1,"description":"Un escudo pequeño pero versátil. Permite movilidad.","etypeId":2,"traits":[{"code":22,"dataId":1,"value":0}],"iconIndex":589,"name":"Rondo metálico","note":"","price":21,"params":[0,0,0,5,0,0,0,0],"damage":{"critical":"","elementId":"","formula":"","type":"","variance":""}},
{"id":153,"atypeId":1,"description":"Una codera con un escudo para proteger el brazo.","etypeId":2,"traits":[{"code":22,"dataId":1,"value":0}],"iconIndex":586,"name":"Codera reforzada","note":"","price":32,"params":[0,0,0,7,0,0,0,0],"damage":{"critical":"","elementId":"","formula":"","type":"","variance":""}},
{"id":154,"atypeId":0,"description":"","etypeId":2,"traits":[{"code":22,"dataId":1,"value":0}],"iconIndex":0,"name":"","note":"","price":0,"params":[0,0,0,0,0,0,0,0],"damage":{"critical":"","elementId":"","formula":"","type":"","variance":""}},
{"id":155,"atypeId":0,"description":"","etypeId":2,"traits":[{"code":22,"dataId":1,"value":0}],"iconIndex":0,"name":"","note":"","price":0,"params":[0,0,0,0,0,0,0,0],"damage":{"critical":"","elementId":"","formula":"","type":"","variance":""}},
{"id":156,"atypeId":0,"description":"","etypeId":2,"traits":[{"code":22,"dataId":1,"value":0}],"iconIndex":0,"name":"","note":"","price":0,"params":[0,0,0,0,0,0,0,0],"damage":{"critical":"","elementId":"","formula":"","type":"","variance":""}},
{"id":157,"atypeId":0,"description":"","etypeId":2,"traits":[{"code":22,"dataId":1,"value":0}],"iconIndex":0,"name":"","note":"","price":0,"params":[0,0,0,0,0,0,0,0],"damage":{"critical":"","elementId":"","formula":"","type":"","variance":""}},
{"id":158,"atypeId":0,"description":"","etypeId":2,"traits":[{"code":22,"dataId":1,"value":0}],"iconIndex":0,"name":"","note":"","price":0,"params":[0,0,0,0,0,0,0,0],"damage":{"critical":"","elementId":"","formula":"","type":"","variance":""}},
{"id":159,"atypeId":0,"description":"","etypeId":2,"traits":[{"code":22,"dataId":1,"value":0}],"iconIndex":0,"name":"","note":"","price":0,"params":[0,0,0,0,0,0,0,0],"damage":{"critical":"","elementId":"","formula":"","type":"","variance":""}},
{"id":160,"atypeId":0,"description":"","etypeId":2,"traits":[{"code":22,"dataId":1,"value":0}],"iconIndex":0,"name":"","note":"","price":0,"params":[0,0,0,0,0,0,0,0],"damage":{"critical":"","elementId":"","formula":"","type":"","variance":""}},
{"id":161,"atypeId":0,"description":"","etypeId":2,"traits":[{"code":22,"dataId":1,"value":0}],"iconIndex":0,"name":"","note":"","price":0,"params":[0,0,0,0,0,0,0,0],"damage":{"critical":"","elementId":"","formula":"","type":"","variance":""}},
{"id":162,"atypeId":0,"description":"","etypeId":2,"traits":[{"code":22,"dataId":1,"value":0}],"iconIndex":0,"name":"","note":"","price":0,"params":[0,0,0,0,0,0,0,0],"damage":{"critical":"","elementId":"","formula":"","type":"","variance":""}},
{"id":163,"atypeId":0,"description":"","etypeId":2,"traits":[{"code":22,"dataId":1,"value":0}],"iconIndex":0,"name":"","note":"","price":0,"params":[0,0,0,0,0,0,0,0],"damage":{"critical":"","elementId":"","formula":"","type":"","variance":""}},
{"id":164,"atypeId":0,"description":"","etypeId":2,"traits":[{"code":22,"dataId":1,"value":0}],"iconIndex":0,"name":"","note":"","price":0,"params":[0,0,0,0,0,0,0,0],"damage":{"critical":"","elementId":"","formula":"","type":"","variance":""}},
{"id":165,"atypeId":0,"description":"","etypeId":2,"traits":[{"code":22,"dataId":1,"value":0}],"iconIndex":0,"name":"","note":"","price":0,"params":[0,0,0,0,0,0,0,0],"damage":{"critical":"","elementId":"","formula":"","type":"","variance":""}},
{"id":166,"atypeId":0,"description":"","etypeId":2,"traits":[{"code":22,"dataId":1,"value":0}],"iconIndex":0,"name":"","note":"","price":0,"params":[0,0,0,0,0,0,0,0],"damage":{"critical":"","elementId":"","formula":"","type":"","variance":""}},
{"id":167,"atypeId":0,"description":"","etypeId":2,"traits":[{"code":22,"dataId":1,"value":0}],"iconIndex":0,"name":"","note":"","price":0,"params":[0,0,0,0,0,0,0,0],"damage":{"critical":"","elementId":"","formula":"","type":"","variance":""}},
{"id":168,"atypeId":0,"description":"","etypeId":2,"traits":[{"code":22,"dataId":1,"value":0}],"iconIndex":0,"name":"","note":"","price":0,"params":[0,0,0,0,0,0,0,0],"damage":{"critical":"","elementId":"","formula":"","type":"","variance":""}},
{"id":169,"atypeId":0,"description":"","etypeId":2,"traits":[{"code":22,"dataId":1,"value":0}],"iconIndex":0,"name":"","note":"","price":0,"params":[0,0,0,0,0,0,0,0],"damage":{"critical":"","elementId":"","formula":"","type":"","variance":""}},
{"id":170,"atypeId":0,"description":"","etypeId":2,"traits":[{"code":22,"dataId":1,"value":0}],"iconIndex":0,"name":"","note":"","price":0,"params":[0,0,0,0,0,0,0,0],"damage":{"critical":"","elementId":"","formula":"","type":"","variance":""}},
{"id":171,"atypeId":0,"description":"","etypeId":2,"traits":[{"code":22,"dataId":1,"value":0}],"iconIndex":0,"name":"","note":"","price":0,"params":[0,0,0,0,0,0,0,0],"damage":{"critical":"","elementId":"","formula":"","type":"","variance":""}},
{"id":172,"atypeId":0,"description":"","etypeId":2,"traits":[{"code":22,"dataId":1,"value":0}],"iconIndex":0,"name":"","note":"","price":0,"params":[0,0,0,0,0,0,0,0],"damage":{"critical":"","elementId":"","formula":"","type":"","variance":""}},
{"id":173,"atypeId":0,"description":"","etypeId":2,"traits":[{"code":22,"dataId":1,"value":0}],"iconIndex":0,"name":"","note":"","price":0,"params":[0,0,0,0,0,0,0,0],"damage":{"critical":"","elementId":"","formula":"","type":"","variance":""}},
{"id":174,"atypeId":0,"description":"","etypeId":2,"traits":[{"code":22,"dataId":1,"value":0}],"iconIndex":0,"name":"","note":"","price":0,"params":[0,0,0,0,0,0,0,0],"damage":{"critical":"","elementId":"","formula":"","type":"","variance":""}},
{"id":175,"atypeId":1,"description":"","etypeId":4,"traits":[{"code":22,"dataId":1,"value":0}],"iconIndex":135,"name":"- Escudos Grandes -","note":"","price":100,"params":[0,0,0,1,0,0,0,0],"damage":{"critical":"","elementId":"","formula":"","type":"","variance":""}},
{"id":176,"atypeId":4,"description":"El escudo estándar de Rhyfel para combatir.","etypeId":2,"traits":[{"code":22,"dataId":1,"value":0}],"iconIndex":606,"name":"Escudo de Rhyfel I","note":"","price":0,"params":[0,0,0,5,0,0,0,0],"damage":{"critical":"","elementId":"","formula":"","type":"","variance":""}},
{"id":177,"atypeId":4,"description":"El escudo de los guardias de Rhuntime. Muy grande.","etypeId":2,"traits":[{"code":22,"dataId":1,"value":0}],"iconIndex":605,"name":"Escudo de Rhuntime","note":"","price":0,"params":[0,0,0,7,0,0,0,0],"damage":{"critical":"","elementId":"","formula":"","type":"","variance":""}},
{"id":178,"atypeId":4,"description":"Una puerta de hierro reconvertida en escudo grande.","etypeId":2,"traits":[{"code":22,"dataId":1,"value":0}],"iconIndex":591,"name":"Puerta de hierro","note":"","price":0,"params":[0,0,0,9,0,0,0,0],"damage":{"critical":"","elementId":"","formula":"","type":"","variance":""}},
{"id":179,"atypeId":0,"description":"","etypeId":2,"traits":[{"code":22,"dataId":1,"value":0}],"iconIndex":0,"name":"","note":"","price":0,"params":[0,0,0,0,0,0,0,0],"damage":{"critical":"","elementId":"","formula":"","type":"","variance":""}},
{"id":180,"atypeId":0,"description":"","etypeId":2,"traits":[{"code":22,"dataId":1,"value":0}],"iconIndex":0,"name":"","note":"","price":0,"params":[0,0,0,0,0,0,0,0],"damage":{"critical":"","elementId":"","formula":"","type":"","variance":""}},
{"id":181,"atypeId":0,"description":"","etypeId":2,"traits":[{"code":22,"dataId":1,"value":0}],"iconIndex":0,"name":"","note":"","price":0,"params":[0,0,0,0,0,0,0,0],"damage":{"critical":"","elementId":"","formula":"","type":"","variance":""}},
{"id":182,"atypeId":0,"description":"","etypeId":2,"traits":[{"code":22,"dataId":1,"value":0}],"iconIndex":0,"name":"","note":"","price":0,"params":[0,0,0,0,0,0,0,0],"damage":{"critical":"","elementId":"","formula":"","type":"","variance":""}},
{"id":183,"atypeId":0,"description":"","etypeId":2,"traits":[{"code":22,"dataId":1,"value":0}],"iconIndex":0,"name":"","note":"","price":0,"params":[0,0,0,0,0,0,0,0],"damage":{"critical":"","elementId":"","formula":"","type":"","variance":""}},
{"id":184,"atypeId":0,"description":"","etypeId":2,"traits":[{"code":22,"dataId":1,"value":0}],"iconIndex":0,"name":"","note":"","price":0,"params":[0,0,0,0,0,0,0,0],"damage":{"critical":"","elementId":"","formula":"","type":"","variance":""}},
{"id":185,"atypeId":0,"description":"","etypeId":2,"traits":[{"code":22,"dataId":1,"value":0}],"iconIndex":0,"name":"","note":"","price":0,"params":[0,0,0,0,0,0,0,0],"damage":{"critical":"","elementId":"","formula":"","type":"","variance":""}},
{"id":186,"atypeId":0,"description":"","etypeId":2,"traits":[{"code":22,"dataId":1,"value":0}],"iconIndex":0,"name":"","note":"","price":0,"params":[0,0,0,0,0,0,0,0],"damage":{"critical":"","elementId":"","formula":"","type":"","variance":""}},
{"id":187,"atypeId":0,"description":"","etypeId":2,"traits":[{"code":22,"dataId":1,"value":0}],"iconIndex":0,"name":"","note":"","price":0,"params":[0,0,0,0,0,0,0,0],"damage":{"critical":"","elementId":"","formula":"","type":"","variance":""}},
{"id":188,"atypeId":0,"description":"","etypeId":2,"traits":[{"code":22,"dataId":1,"value":0}],"iconIndex":0,"name":"","note":"","price":0,"params":[0,0,0,0,0,0,0,0],"damage":{"critical":"","elementId":"","formula":"","type":"","variance":""}},
{"id":189,"atypeId":0,"description":"","etypeId":2,"traits":[{"code":22,"dataId":1,"value":0}],"iconIndex":0,"name":"","note":"","price":0,"params":[0,0,0,0,0,0,0,0],"damage":{"critical":"","elementId":"","formula":"","type":"","variance":""}},
{"id":190,"atypeId":0,"description":"","etypeId":2,"traits":[{"code":22,"dataId":1,"value":0}],"iconIndex":0,"name":"","note":"","price":0,"params":[0,0,0,0,0,0,0,0],"damage":{"critical":"","elementId":"","formula":"","type":"","variance":""}},
{"id":191,"atypeId":0,"description":"","etypeId":2,"traits":[{"code":22,"dataId":1,"value":0}],"iconIndex":0,"name":"","note":"","price":0,"params":[0,0,0,0,0,0,0,0],"damage":{"critical":"","elementId":"","formula":"","type":"","variance":""}},
{"id":192,"atypeId":0,"description":"","etypeId":2,"traits":[{"code":22,"dataId":1,"value":0}],"iconIndex":0,"name":"","note":"","price":0,"params":[0,0,0,0,0,0,0,0],"damage":{"critical":"","elementId":"","formula":"","type":"","variance":""}},
{"id":193,"atypeId":0,"description":"","etypeId":2,"traits":[{"code":22,"dataId":1,"value":0}],"iconIndex":0,"name":"","note":"","price":0,"params":[0,0,0,0,0,0,0,0],"damage":{"critical":"","elementId":"","formula":"","type":"","variance":""}},
{"id":194,"atypeId":0,"description":"","etypeId":2,"traits":[{"code":22,"dataId":1,"value":0}],"iconIndex":0,"name":"","note":"","price":0,"params":[0,0,0,0,0,0,0,0],"damage":{"critical":"","elementId":"","formula":"","type":"","variance":""}},
{"id":195,"atypeId":0,"description":"","etypeId":2,"traits":[{"code":22,"dataId":1,"value":0}],"iconIndex":0,"name":"","note":"","price":0,"params":[0,0,0,0,0,0,0,0],"damage":{"critical":"","elementId":"","formula":"","type":"","variance":""}},
{"id":196,"atypeId":0,"description":"","etypeId":2,"traits":[{"code":22,"dataId":1,"value":0}],"iconIndex":0,"name":"","note":"","price":0,"params":[0,0,0,0,0,0,0,0],"damage":{"critical":"","elementId":"","formula":"","type":"","variance":""}},
{"id":197,"atypeId":0,"description":"","etypeId":2,"traits":[{"code":22,"dataId":1,"value":0}],"iconIndex":0,"name":"","note":"","price":0,"params":[0,0,0,0,0,0,0,0],"damage":{"critical":"","elementId":"","formula":"","type":"","variance":""}},
{"id":198,"atypeId":0,"description":"","etypeId":2,"traits":[{"code":22,"dataId":1,"value":0}],"iconIndex":0,"name":"","note":"","price":0,"params":[0,0,0,0,0,0,0,0],"damage":{"critical":"","elementId":"","formula":"","type":"","variance":""}},
{"id":199,"atypeId":0,"description":"","etypeId":2,"traits":[{"code":22,"dataId":1,"value":0}],"iconIndex":0,"name":"","note":"","price":0,"params":[0,0,0,0,0,0,0,0],"damage":{"critical":"","elementId":"","formula":"","type":"","variance":""}},
{"id":200,"atypeId":0,"description":"","etypeId":2,"traits":[{"code":22,"dataId":1,"value":0}],"iconIndex":0,"name":"","note":"","price":0,"params":[0,0,0,0,0,0,0,0],"damage":{"critical":"","elementId":"","formula":"","type":"","variance":""}}
]