[
null,
{"id":1,"actions":[{"conditionParam1":0,"conditionParam2":0,"conditionType":0,"rating":5,"skillId":1}],"battlerHue":0,"battlerName":"Limo","dropItems":[{"dataId":1,"denominator":1,"kind":0},{"dataId":1,"denominator":1,"kind":0},{"dataId":1,"denominator":1,"kind":0}],"exp":100,"traits":[{"code":22,"dataId":0,"value":0.95},{"code":22,"dataId":1,"value":0.05},{"code":31,"dataId":1,"value":0}],"gold":25,"name":"Dummy","note":"<Sideview Battlers>\nRTP-Makuita\nRTP-Zack\nRTP-Barnes\nRTP-Albert\nRTP-Rinfa\nRTP-Meer\nRTP-Melissa\nRTP-Minean\nRTP-Jack\nRTP-Lana\nRTP-Jeanne\nRTP-Blues\n</Sideview Battlers>\n<Drops>\n<Item Drop 7: 100%>\n</Drops>","params":[100,100,27,5,15,11,22,27],"damage":{"critical":"","elementId":"","formula":"","type":"","variance":""}},
{"id":2,"actions":[{"skillId":1,"rating":5,"conditionType":0,"conditionParam1":0,"conditionParam2":0}],"battlerHue":0,"battlerName":"Limo","dropItems":[{"dataId":1,"denominator":1,"kind":0},{"dataId":1,"denominator":1,"kind":0},{"dataId":1,"denominator":1,"kind":0}],"exp":10,"traits":[{"code":22,"dataId":0,"value":0.95},{"code":22,"dataId":1,"value":0.05},{"code":31,"dataId":1,"value":0}],"gold":5,"name":"Limo","note":"<Sideview Battlers>\r\nMonstruos/Limo\r\n</Sideview Battlers>","params":[200,0,27,5,15,11,22,27],"damage":{"critical":"","elementId":"","formula":"","type":"","variance":""}},
{"id":3,"actions":[{"conditionParam1":0,"conditionParam2":0,"conditionType":0,"rating":5,"skillId":1}],"battlerHue":0,"battlerName":"Esqueleto","dropItems":[{"dataId":1,"denominator":1,"kind":0},{"dataId":1,"denominator":1,"kind":0},{"dataId":1,"denominator":1,"kind":0}],"exp":15,"traits":[{"code":22,"dataId":0,"value":0.95},{"code":22,"dataId":1,"value":0.05},{"code":31,"dataId":1,"value":0}],"gold":10,"name":"Esqueleto","note":"<Sideview Battlers>\r\nMonstruos/Esqueleto\r\n</Sideview Battlers>","params":[175,0,27,15,5,10,25,20],"damage":{"critical":"","elementId":"","formula":"","type":"","variance":""}},
{"id":4,"actions":[{"conditionParam1":0,"conditionParam2":0,"conditionType":0,"rating":5,"skillId":1}],"battlerHue":0,"battlerName":"Murcielago","dropItems":[{"dataId":1,"denominator":1,"kind":0},{"dataId":1,"denominator":1,"kind":0},{"dataId":1,"denominator":1,"kind":0}],"exp":8,"traits":[{"code":22,"dataId":0,"value":0.95},{"code":22,"dataId":1,"value":0.05},{"code":31,"dataId":1,"value":0}],"gold":5,"name":"Murciélago","note":"","params":[125,0,20,15,0,10,30,15],"damage":{"critical":"","elementId":"","formula":"","type":"","variance":""}},
{"id":5,"actions":[{"conditionParam1":0,"conditionParam2":0,"conditionType":0,"rating":5,"skillId":1}],"battlerHue":0,"battlerName":"Serpiente","dropItems":[{"dataId":1,"denominator":1,"kind":0},{"dataId":1,"denominator":1,"kind":0},{"dataId":1,"denominator":1,"kind":0}],"exp":13,"traits":[{"code":22,"dataId":0,"value":0.95},{"code":22,"dataId":1,"value":0.05},{"code":31,"dataId":1,"value":0}],"gold":12,"name":"Serpiente","note":"","params":[125,0,20,10,0,15,15,20],"damage":{"critical":"","elementId":"","formula":"","type":"","variance":""}},
{"id":6,"actions":[{"conditionParam1":0,"conditionParam2":0,"conditionType":0,"rating":5,"skillId":1}],"battlerHue":0,"battlerName":"Minotauro","dropItems":[{"dataId":1,"denominator":1,"kind":0},{"dataId":1,"denominator":1,"kind":0},{"dataId":1,"denominator":1,"kind":0}],"exp":243,"traits":[{"code":22,"dataId":0,"value":0.95},{"code":22,"dataId":1,"value":0.05},{"code":31,"dataId":1,"value":0}],"gold":104,"name":"Minotauro","note":"<Sideview Battlers>\r\nMonstruos/Minotauro\r\n</Sideview Battlers>\r\n<Hide HP Gauge>\r\n","params":[1465,53,60,20,21,20,34,39],"damage":{"critical":"","elementId":"","formula":"","type":"","variance":""}},
{"id":7,"actions":[{"conditionParam1":0,"conditionParam2":0,"conditionType":0,"rating":5,"skillId":1}],"battlerHue":0,"battlerName":"Orco","dropItems":[{"dataId":1,"denominator":1,"kind":0},{"dataId":1,"denominator":1,"kind":0},{"dataId":1,"denominator":1,"kind":0}],"exp":18,"traits":[{"code":22,"dataId":0,"value":0.95},{"code":22,"dataId":1,"value":0.05},{"code":31,"dataId":1,"value":0}],"gold":17,"name":"Ogro","note":"<Sideview Battlers>\r\nMonstruos/Ogro\r\n</Sideview Battlers>","params":[200,0,19,20,0,15,15,15],"damage":{"critical":"","elementId":"","formula":"","type":"","variance":""}},
{"id":8,"actions":[{"conditionParam1":0,"conditionParam2":0,"conditionType":0,"rating":5,"skillId":1}],"battlerHue":0,"battlerName":"TopoHombre","dropItems":[{"dataId":1,"denominator":1,"kind":0},{"dataId":1,"denominator":1,"kind":0},{"dataId":1,"denominator":1,"kind":0}],"exp":22,"traits":[{"code":22,"dataId":0,"value":0.95},{"code":22,"dataId":1,"value":0.05},{"code":31,"dataId":1,"value":0}],"gold":22,"name":"Topo Hombre","note":"","params":[180,0,23,27,0,10,15,10],"damage":{"critical":"","elementId":"","formula":"","type":"","variance":""}},
{"id":9,"actions":[{"conditionParam1":0,"conditionParam2":0,"conditionType":0,"rating":5,"skillId":1}],"battlerHue":0,"battlerName":"HombreTopo","dropItems":[{"dataId":1,"denominator":1,"kind":0},{"dataId":1,"denominator":1,"kind":0},{"dataId":1,"denominator":1,"kind":0}],"exp":25,"traits":[{"code":22,"dataId":0,"value":0.95},{"code":22,"dataId":1,"value":0.05},{"code":31,"dataId":1,"value":0}],"gold":14,"name":"Hombre Topo","note":"","params":[180,0,13,20,23,27,20,20],"damage":{"critical":"","elementId":"","formula":"","type":"","variance":""}},
{"id":10,"actions":[{"conditionParam1":0,"conditionParam2":0,"conditionType":0,"rating":5,"skillId":1}],"battlerHue":0,"battlerName":"","dropItems":[{"dataId":1,"denominator":1,"kind":0},{"dataId":1,"denominator":1,"kind":0},{"dataId":1,"denominator":1,"kind":0}],"exp":0,"traits":[{"code":22,"dataId":0,"value":0.95},{"code":22,"dataId":1,"value":0.05},{"code":31,"dataId":1,"value":0}],"gold":0,"name":"","note":"","params":[100,0,10,10,10,10,10,10],"damage":{"critical":"","elementId":"","formula":"","type":"","variance":""}}
]