[
null,
{"id":1,"expanded":false,"name":"Intro Montaña","order":3,"parentId":2,"scrollX":1131,"scrollY":641.5,"params":[],"damage":{"critical":"","elementId":"","formula":"","type":"","variance":""},"note":""},
{"id":2,"expanded":true,"name":"Intro","order":1,"parentId":0,"scrollX":1131,"scrollY":633.5,"params":[],"damage":{"critical":"","elementId":"","formula":"","type":"","variance":""},"note":""},
{"id":3,"expanded":true,"name":"Bosque","order":4,"parentId":0,"scrollX":2947,"scrollY":641.5,"params":[],"damage":{"critical":"","elementId":"","formula":"","type":"","variance":""},"note":""},
{"id":4,"expanded":true,"name":"Lehen","order":5,"parentId":0,"scrollX":1139,"scrollY":798.5,"params":[],"damage":{"critical":"","elementId":"","formula":"","type":"","variance":""},"note":""},
{"id":5,"expanded":false,"name":"Choza de madera","order":6,"parentId":4,"scrollX":1005.333333,"scrollY":563.1111111,"params":[],"damage":{"critical":"","elementId":"","formula":"","type":"","variance":""},"note":""},
{"id":6,"expanded":true,"name":"Posada","order":7,"parentId":4,"scrollX":727.5,"scrollY":613.5,"params":[],"damage":{"critical":"","elementId":"","formula":"","type":"","variance":""},"note":""},
{"id":7,"expanded":false,"name":"Planta Superior","order":8,"parentId":6,"scrollX":1131,"scrollY":641.5,"params":[],"damage":{"critical":"","elementId":"","formula":"","type":"","variance":""},"note":""},
{"id":8,"expanded":false,"name":"Tienda de objetos","order":9,"parentId":4,"scrollX":754,"scrollY":422.3333333,"params":[],"damage":{"critical":"","elementId":"","formula":"","type":"","variance":""},"note":""},
{"id":9,"expanded":false,"name":"Casa lago","order":10,"parentId":4,"scrollX":704.5,"scrollY":410.5,"params":[],"damage":{"critical":"","elementId":"","formula":"","type":"","variance":""},"note":""},
{"id":10,"expanded":false,"name":"Tasador","order":11,"parentId":4,"scrollX":704.5,"scrollY":514.5,"params":[],"damage":{"critical":"","elementId":"","formula":"","type":"","variance":""},"note":""},
{"id":11,"expanded":false,"name":"Casa bañera","order":12,"parentId":4,"scrollX":704.5,"scrollY":525.5,"params":[],"damage":{"critical":"","elementId":"","formula":"","type":"","variance":""},"note":""},
{"id":12,"expanded":false,"name":"Ayuntamiento","order":13,"parentId":4,"scrollX":727.5,"scrollY":446.5,"params":[],"damage":{"critical":"","elementId":"","formula":"","type":"","variance":""},"note":""},
{"id":13,"expanded":false,"name":"Planta Superior","order":14,"parentId":12,"scrollX":768.5454545,"scrollY":474,"params":[],"damage":{"critical":"","elementId":"","formula":"","type":"","variance":""},"note":""},
{"id":14,"expanded":true,"name":"Entrada Cueva","order":23,"parentId":0,"scrollX":816,"scrollY":624,"params":[],"damage":{"critical":"","elementId":"","formula":"","type":"","variance":""},"note":""},
{"id":15,"expanded":true,"name":"1F","order":24,"parentId":14,"scrollX":1216,"scrollY":2010.5,"params":[],"damage":{"critical":"","elementId":"","formula":"","type":"","variance":""},"note":""},
{"id":16,"expanded":false,"name":"2F","order":25,"parentId":14,"scrollX":3129,"scrollY":3615.5,"params":[],"damage":{"critical":"","elementId":"","formula":"","type":"","variance":""},"note":""},
{"id":17,"expanded":true,"name":"Alcantarilla","order":15,"parentId":4,"scrollX":1131,"scrollY":641.5,"params":[],"damage":{"critical":"","elementId":"","formula":"","type":"","variance":""},"note":""},
{"id":18,"expanded":false,"name":"1F","order":16,"parentId":17,"scrollX":1461,"scrollY":633.5,"params":[],"damage":{"critical":"","elementId":"","formula":"","type":"","variance":""},"note":""},
{"id":19,"expanded":false,"name":"Zona Descanso","order":26,"parentId":16,"scrollX":704.5,"scrollY":397.5,"params":[],"damage":{"critical":"","elementId":"","formula":"","type":"","variance":""},"note":""},
{"id":20,"expanded":true,"name":"Elecciones","order":2,"parentId":2,"scrollX":1131,"scrollY":641.5,"params":[],"damage":{"critical":"","elementId":"","formula":"","type":"","variance":""},"note":""},
{"id":21,"expanded":false,"name":"Casa jardin","order":19,"parentId":4,"scrollX":712.5,"scrollY":554.5,"params":[],"damage":{"critical":"","elementId":"","formula":"","type":"","variance":""},"note":""},
{"id":22,"expanded":true,"name":"2F","order":17,"parentId":17,"scrollX":1131,"scrollY":1452.5,"params":[],"damage":{"critical":"","elementId":"","formula":"","type":"","variance":""},"note":""},
{"id":23,"expanded":true,"name":"2.5F","order":18,"parentId":22,"scrollX":1131,"scrollY":798.5,"params":[],"damage":{"critical":"","elementId":"","formula":"","type":"","variance":""},"note":""},
{"id":24,"expanded":false,"name":"Casa gallinas","order":20,"parentId":4,"scrollX":704.5,"scrollY":430.5,"params":[],"damage":{"critical":"","elementId":"","formula":"","type":"","variance":""},"note":""},
{"id":25,"expanded":true,"name":"Casa verduras","order":21,"parentId":4,"scrollX":1005.333333,"scrollY":570.2222222,"params":[],"damage":{"critical":"","elementId":"","formula":"","type":"","variance":""},"note":""},
{"id":26,"expanded":false,"name":"Sótano","order":22,"parentId":25,"scrollX":1131,"scrollY":633.5,"params":[],"damage":{"critical":"","elementId":"","formula":"","type":"","variance":""},"note":""},
{"id":27,"expanded":true,"name":"Spawn","order":27,"parentId":0,"scrollX":1131,"scrollY":637.5,"params":[],"damage":{"critical":"","elementId":"","formula":"","type":"","variance":""},"note":""},
{"id":28,"expanded":false,"name":"Buffer Spawn","order":28,"parentId":27,"scrollX":2714.4,"scrollY":1539.6,"params":[],"damage":{"critical":"","elementId":"","formula":"","type":"","variance":""},"note":""}
]