[
null,
{"id":1,"members":[{"enemyId":1,"x":105,"y":358,"hidden":false},{"enemyId":1,"x":198,"y":256,"hidden":false}],"name":"Dummies","pages":[{"conditions":{"actorHp":50,"actorId":1,"actorValid":false,"enemyHp":50,"enemyIndex":0,"enemyValid":false,"switchId":6,"switchValid":false,"turnA":1,"turnB":0,"turnEnding":false,"turnValid":false},"list":[{"code":0,"indent":0,"parameters":[]}],"span":1}],"params":[],"damage":{"critical":"","elementId":"","formula":"","type":"","variance":""},"note":""},
{"id":2,"members":[{"enemyId":2,"x":238,"y":230,"hidden":false},{"enemyId":2,"x":114,"y":349,"hidden":false}],"name":"Limo x 2","pages":[{"conditions":{"actorHp":50,"actorId":1,"actorValid":false,"enemyHp":50,"enemyIndex":0,"enemyValid":false,"switchId":1,"switchValid":false,"turnA":0,"turnB":0,"turnEnding":false,"turnValid":false},"list":[{"code":0,"indent":0,"parameters":[]}],"span":0}],"params":[],"damage":{"critical":"","elementId":"","formula":"","type":"","variance":""},"note":""},
{"id":3,"members":[{"enemyId":2,"x":260,"y":202,"hidden":false},{"enemyId":2,"x":168,"y":297,"hidden":false},{"enemyId":2,"x":64,"y":415,"hidden":false}],"name":"Limo x 3","pages":[{"conditions":{"actorHp":50,"actorId":1,"actorValid":false,"enemyHp":50,"enemyIndex":0,"enemyValid":false,"switchId":1,"switchValid":false,"turnA":0,"turnB":0,"turnEnding":false,"turnValid":false},"list":[{"code":0,"indent":0,"parameters":[]}],"span":0}],"params":[],"damage":{"critical":"","elementId":"","formula":"","type":"","variance":""},"note":""},
{"id":4,"members":[{"enemyId":2,"x":299,"y":195,"hidden":false},{"enemyId":2,"x":228,"y":269,"hidden":false},{"enemyId":2,"x":146,"y":342,"hidden":false},{"enemyId":2,"x":57,"y":423,"hidden":false}],"name":"Limo x 4","pages":[{"conditions":{"actorHp":50,"actorId":1,"actorValid":false,"enemyHp":50,"enemyIndex":0,"enemyValid":false,"switchId":1,"switchValid":false,"turnA":0,"turnB":0,"turnEnding":false,"turnValid":false},"list":[{"code":0,"indent":0,"parameters":[]}],"span":0}],"params":[],"damage":{"critical":"","elementId":"","formula":"","type":"","variance":""},"note":""},
{"id":5,"members":[{"enemyId":2,"x":143,"y":342,"hidden":false}],"name":"Limo","pages":[{"conditions":{"actorHp":50,"actorId":1,"actorValid":false,"enemyHp":50,"enemyIndex":0,"enemyValid":false,"switchId":1,"switchValid":false,"turnA":0,"turnB":0,"turnEnding":false,"turnValid":false},"list":[{"code":0,"indent":0,"parameters":[]}],"span":0}],"params":[],"damage":{"critical":"","elementId":"","formula":"","type":"","variance":""},"note":""},
{"id":6,"members":[{"enemyId":3,"x":154,"y":346,"hidden":false}],"name":"Esqueleto","pages":[{"conditions":{"actorHp":50,"actorId":1,"actorValid":false,"enemyHp":50,"enemyIndex":0,"enemyValid":false,"switchId":1,"switchValid":false,"turnA":0,"turnB":0,"turnEnding":false,"turnValid":false},"list":[{"code":0,"indent":0,"parameters":[]}],"span":0}],"params":[],"damage":{"critical":"","elementId":"","formula":"","type":"","variance":""},"note":""},
{"id":7,"members":[{"enemyId":3,"x":126,"y":367,"hidden":false},{"enemyId":3,"x":210,"y":293,"hidden":false}],"name":"Esqueleto x 2","pages":[{"conditions":{"actorHp":50,"actorId":1,"actorValid":false,"enemyHp":50,"enemyIndex":0,"enemyValid":false,"switchId":1,"switchValid":false,"turnA":0,"turnB":0,"turnEnding":false,"turnValid":false},"list":[{"code":0,"indent":0,"parameters":[]}],"span":0}],"params":[],"damage":{"critical":"","elementId":"","formula":"","type":"","variance":""},"note":""},
{"id":8,"members":[{"enemyId":3,"x":108,"y":381,"hidden":false},{"enemyId":3,"x":178,"y":307,"hidden":false},{"enemyId":3,"x":269,"y":241,"hidden":false}],"name":"Esqueleto x 3","pages":[{"conditions":{"actorHp":50,"actorId":1,"actorValid":false,"enemyHp":50,"enemyIndex":0,"enemyValid":false,"switchId":1,"switchValid":false,"turnA":0,"turnB":0,"turnEnding":false,"turnValid":false},"list":[{"code":0,"indent":0,"parameters":[]}],"span":0}],"params":[],"damage":{"critical":"","elementId":"","formula":"","type":"","variance":""},"note":""},
{"id":9,"members":[{"enemyId":4,"x":206,"y":262,"hidden":false},{"enemyId":4,"x":116,"y":374,"hidden":false}],"name":"Murciélago x 2","pages":[{"conditions":{"actorHp":50,"actorId":1,"actorValid":false,"enemyHp":50,"enemyIndex":0,"enemyValid":false,"switchId":1,"switchValid":false,"turnA":0,"turnB":0,"turnEnding":false,"turnValid":false},"list":[{"code":0,"indent":0,"parameters":[]}],"span":0}],"params":[],"damage":{"critical":"","elementId":"","formula":"","type":"","variance":""},"note":""},
{"id":10,"members":[{"enemyId":4,"x":251,"y":227,"hidden":false},{"enemyId":4,"x":196,"y":297,"hidden":false},{"enemyId":4,"x":92,"y":381,"hidden":false}],"name":"Murciélago x 3","pages":[{"conditions":{"actorHp":50,"actorId":1,"actorValid":false,"enemyHp":50,"enemyIndex":0,"enemyValid":false,"switchId":1,"switchValid":false,"turnA":0,"turnB":0,"turnEnding":false,"turnValid":false},"list":[{"code":0,"indent":0,"parameters":[]}],"span":0}],"params":[],"damage":{"critical":"","elementId":"","formula":"","type":"","variance":""},"note":""},
{"id":11,"members":[{"enemyId":4,"x":263,"y":279,"hidden":false},{"enemyId":4,"x":199,"y":377,"hidden":false},{"enemyId":4,"x":144,"y":297,"hidden":false},{"enemyId":4,"x":85,"y":388,"hidden":false}],"name":"Murciélago x 4","pages":[{"conditions":{"actorHp":50,"actorId":1,"actorValid":false,"enemyHp":50,"enemyIndex":0,"enemyValid":false,"switchId":1,"switchValid":false,"turnA":0,"turnB":0,"turnEnding":false,"turnValid":false},"list":[{"code":0,"indent":0,"parameters":[]}],"span":0}],"params":[],"damage":{"critical":"","elementId":"","formula":"","type":"","variance":""},"note":""},
{"id":12,"members":[{"enemyId":4,"x":263,"y":279,"hidden":false},{"enemyId":4,"x":199,"y":377,"hidden":false},{"enemyId":4,"x":144,"y":297,"hidden":false},{"enemyId":4,"x":85,"y":388,"hidden":false},{"enemyId":4,"x":329,"y":325,"hidden":false}],"name":"Murciélago x 5","pages":[{"conditions":{"actorHp":50,"actorId":1,"actorValid":false,"enemyHp":50,"enemyIndex":0,"enemyValid":false,"switchId":1,"switchValid":false,"turnA":0,"turnB":0,"turnEnding":false,"turnValid":false},"list":[{"code":0,"indent":0,"parameters":[]}],"span":0}],"params":[],"damage":{"critical":"","elementId":"","formula":"","type":"","variance":""},"note":""},
{"id":13,"members":[{"enemyId":5,"x":196,"y":283,"hidden":false}],"name":"Serpiente","pages":[{"conditions":{"actorHp":50,"actorId":1,"actorValid":false,"enemyHp":50,"enemyIndex":0,"enemyValid":false,"switchId":1,"switchValid":false,"turnA":0,"turnB":0,"turnEnding":false,"turnValid":false},"list":[{"code":0,"indent":0,"parameters":[]}],"span":0}],"params":[],"damage":{"critical":"","elementId":"","formula":"","type":"","variance":""},"note":""},
{"id":14,"members":[{"enemyId":5,"x":148,"y":325,"hidden":false},{"enemyId":5,"x":203,"y":269,"hidden":false}],"name":"Serpiente x 2","pages":[{"conditions":{"actorHp":50,"actorId":1,"actorValid":false,"enemyHp":50,"enemyIndex":0,"enemyValid":false,"switchId":1,"switchValid":false,"turnA":0,"turnB":0,"turnEnding":false,"turnValid":false},"list":[{"code":0,"indent":0,"parameters":[]}],"span":0}],"params":[],"damage":{"critical":"","elementId":"","formula":"","type":"","variance":""},"note":""},
{"id":15,"members":[{"enemyId":5,"x":256,"y":339,"hidden":false},{"enemyId":5,"x":189,"y":265,"hidden":false},{"enemyId":5,"x":79,"y":377,"hidden":false}],"name":"Serpiente x 3","pages":[{"conditions":{"actorHp":50,"actorId":1,"actorValid":false,"enemyHp":50,"enemyIndex":0,"enemyValid":false,"switchId":1,"switchValid":false,"turnA":0,"turnB":0,"turnEnding":false,"turnValid":false},"list":[{"code":0,"indent":0,"parameters":[]}],"span":0}],"params":[],"damage":{"critical":"","elementId":"","formula":"","type":"","variance":""},"note":""},
{"id":16,"members":[{"enemyId":7,"x":161,"y":328,"hidden":false}],"name":"Ogro","pages":[{"conditions":{"actorHp":50,"actorId":1,"actorValid":false,"enemyHp":50,"enemyIndex":0,"enemyValid":false,"switchId":1,"switchValid":false,"turnA":0,"turnB":0,"turnEnding":false,"turnValid":false},"list":[{"code":0,"indent":0,"parameters":[]}],"span":0}],"params":[],"damage":{"critical":"","elementId":"","formula":"","type":"","variance":""},"note":""},
{"id":17,"members":[{"enemyId":7,"x":206,"y":269,"hidden":false},{"enemyId":7,"x":106,"y":356,"hidden":false}],"name":"Ogro x 2","pages":[{"conditions":{"actorHp":50,"actorId":1,"actorValid":false,"enemyHp":50,"enemyIndex":0,"enemyValid":false,"switchId":1,"switchValid":false,"turnA":0,"turnB":0,"turnEnding":false,"turnValid":false},"list":[{"code":0,"indent":0,"parameters":[]}],"span":0}],"params":[],"damage":{"critical":"","elementId":"","formula":"","type":"","variance":""},"note":""},
{"id":18,"members":[{"enemyId":7,"x":264,"y":251,"hidden":false},{"enemyId":7,"x":129,"y":321,"hidden":false},{"enemyId":7,"x":268,"y":381,"hidden":false}],"name":"Ogro x 3","pages":[{"conditions":{"actorHp":50,"actorId":1,"actorValid":false,"enemyHp":50,"enemyIndex":0,"enemyValid":false,"switchId":1,"switchValid":false,"turnA":0,"turnB":0,"turnEnding":false,"turnValid":false},"list":[{"code":0,"indent":0,"parameters":[]}],"span":0}],"params":[],"damage":{"critical":"","elementId":"","formula":"","type":"","variance":""},"note":""},
{"id":19,"members":[{"enemyId":8,"x":205,"y":283,"hidden":false},{"enemyId":8,"x":123,"y":353,"hidden":false}],"name":"Topo Hombre x 2","pages":[{"conditions":{"actorHp":50,"actorId":1,"actorValid":false,"enemyHp":50,"enemyIndex":0,"enemyValid":false,"switchId":1,"switchValid":false,"turnA":0,"turnB":0,"turnEnding":false,"turnValid":false},"list":[{"code":0,"indent":0,"parameters":[]}],"span":0}],"params":[],"damage":{"critical":"","elementId":"","formula":"","type":"","variance":""},"note":""},
{"id":20,"members":[{"enemyId":8,"x":137,"y":292,"hidden":false},{"enemyId":8,"x":213,"y":198,"hidden":false},{"enemyId":8,"x":60,"y":393,"hidden":false}],"name":"Topo Hombre x 3","pages":[{"conditions":{"actorHp":50,"actorId":1,"actorValid":false,"enemyHp":50,"enemyIndex":0,"enemyValid":false,"switchId":1,"switchValid":false,"turnA":0,"turnB":0,"turnEnding":false,"turnValid":false},"list":[{"code":0,"indent":0,"parameters":[]}],"span":0}],"params":[],"damage":{"critical":"","elementId":"","formula":"","type":"","variance":""},"note":""},
{"id":21,"members":[{"enemyId":9,"x":206,"y":307,"hidden":false}],"name":"Hombre Topo","pages":[{"conditions":{"actorHp":50,"actorId":1,"actorValid":false,"enemyHp":50,"enemyIndex":0,"enemyValid":false,"switchId":1,"switchValid":false,"turnA":0,"turnB":0,"turnEnding":false,"turnValid":false},"list":[{"code":0,"indent":0,"parameters":[]}],"span":0}],"params":[],"damage":{"critical":"","elementId":"","formula":"","type":"","variance":""},"note":""},
{"id":22,"members":[{"enemyId":9,"x":184,"y":290,"hidden":false},{"enemyId":9,"x":97,"y":374,"hidden":false}],"name":"Hombre Topo x 2","pages":[{"conditions":{"actorHp":50,"actorId":1,"actorValid":false,"enemyHp":50,"enemyIndex":0,"enemyValid":false,"switchId":1,"switchValid":false,"turnA":0,"turnB":0,"turnEnding":false,"turnValid":false},"list":[{"code":0,"indent":0,"parameters":[]}],"span":0}],"params":[],"damage":{"critical":"","elementId":"","formula":"","type":"","variance":""},"note":""},
{"id":23,"members":[],"name":"","pages":[{"conditions":{"actorHp":50,"actorId":1,"actorValid":false,"enemyHp":50,"enemyIndex":0,"enemyValid":false,"switchId":1,"switchValid":false,"turnA":0,"turnB":0,"turnEnding":false,"turnValid":false},"list":[{"code":0,"indent":0,"parameters":[]}],"span":0}],"params":[],"damage":{"critical":"","elementId":"","formula":"","type":"","variance":""},"note":""},
{"id":24,"members":[],"name":"","pages":[{"conditions":{"actorHp":50,"actorId":1,"actorValid":false,"enemyHp":50,"enemyIndex":0,"enemyValid":false,"switchId":1,"switchValid":false,"turnA":0,"turnB":0,"turnEnding":false,"turnValid":false},"list":[{"code":0,"indent":0,"parameters":[]}],"span":0}],"params":[],"damage":{"critical":"","elementId":"","formula":"","type":"","variance":""},"note":""},
{"id":25,"members":[{"enemyId":6,"x":160,"y":299,"hidden":false}],"name":"Minotauro","pages":[{"conditions":{"actorHp":50,"actorId":1,"actorValid":false,"enemyHp":50,"enemyIndex":0,"enemyValid":false,"switchId":1,"switchValid":false,"turnA":0,"turnB":0,"turnEnding":false,"turnValid":true},"list":[{"code":121,"indent":0,"parameters":[13,13,0]},{"code":357,"indent":0,"parameters":["VisuMZ_1_MessageCore","MessageWindowProperties","Message: Properties",{"Rows:num":"4","Width:num":"960","Center:eval":"true","WordWrap:str":"No Change"}]},{"code":657,"indent":0,"parameters":["Rows = 4"]},{"code":657,"indent":0,"parameters":["Width = 960"]},{"code":657,"indent":0,"parameters":["Center Window X? = true"]},{"code":657,"indent":0,"parameters":["Word Wrap = No Change"]},{"code":101,"indent":0,"parameters":["",0,2,2,""]},{"code":401,"indent":0,"parameters":["\\i[1025] Brian"]},{"code":401,"indent":0,"parameters":["Cuidado, este no es ningún monstruo como los que nos hemos encontrado"]},{"code":401,"indent":0,"parameters":["hasta ahora. Fijaros en el tamaño de esos músculos y el martillo."]},{"code":101,"indent":0,"parameters":["",0,2,2,""]},{"code":401,"indent":0,"parameters":["\\i[1027] Daisy"]},{"code":401,"indent":0,"parameters":["¡P\\.-p\\.-pero si es el doble de grande que nosotros! Seguro que es"]},{"code":401,"indent":0,"parameters":["capaz de partirnos en dos sin pestañear. ¡No podemos huir sin el niño!"]},{"code":101,"indent":0,"parameters":["",0,2,2,""]},{"code":401,"indent":0,"parameters":["\\i[1026] Carol"]},{"code":401,"indent":0,"parameters":["El doble de grande pero el doble de tonto. Este toro gigante lo único"]},{"code":401,"indent":0,"parameters":["que sabe es menear el martillo. Seguro que no sabe usar egni de tierra."]},{"code":101,"indent":0,"parameters":["",0,2,2,""]},{"code":401,"indent":0,"parameters":["\\i[1025] Brian"]},{"code":401,"indent":0,"parameters":["¡Eso es! Curaros cuando sea conveniente y no toméis decisiones tontas."]},{"code":401,"indent":0,"parameters":["Daisy, ¿sabes usar egni de estados? ¿Quizás algo ceguera o parálisis?"]},{"code":101,"indent":0,"parameters":["",0,2,2,""]},{"code":401,"indent":0,"parameters":["\\i[1027] Daisy"]},{"code":401,"indent":0,"parameters":["Eh\\..\\..\\.. Sí, sí. Creo que puedo intentar cegarlo para que no atine"]},{"code":401,"indent":0,"parameters":["con el martillo. No será del todo efectivo pero creo que nos servirá."]},{"code":101,"indent":0,"parameters":["",0,2,2,""]},{"code":401,"indent":0,"parameters":["\\i[1025] Brian"]},{"code":401,"indent":0,"parameters":["¡Me sirve! Venga todos, ¡adelante!"]},{"code":121,"indent":0,"parameters":[13,13,1]},{"code":0,"indent":0,"parameters":[]}],"span":0}],"params":[],"damage":{"critical":"","elementId":"","formula":"","type":"","variance":""},"note":""},
{"id":26,"members":[],"name":"","pages":[{"conditions":{"actorHp":50,"actorId":1,"actorValid":false,"enemyHp":50,"enemyIndex":0,"enemyValid":false,"switchId":1,"switchValid":false,"turnA":0,"turnB":0,"turnEnding":false,"turnValid":false},"list":[{"code":0,"indent":0,"parameters":[]}],"span":0}],"params":[],"damage":{"critical":"","elementId":"","formula":"","type":"","variance":""},"note":""},
{"id":27,"members":[],"name":"","pages":[{"conditions":{"actorHp":50,"actorId":1,"actorValid":false,"enemyHp":50,"enemyIndex":0,"enemyValid":false,"switchId":1,"switchValid":false,"turnA":0,"turnB":0,"turnEnding":false,"turnValid":false},"list":[{"code":0,"indent":0,"parameters":[]}],"span":0}],"params":[],"damage":{"critical":"","elementId":"","formula":"","type":"","variance":""},"note":""},
{"id":28,"members":[],"name":"","pages":[{"conditions":{"actorHp":50,"actorId":1,"actorValid":false,"enemyHp":50,"enemyIndex":0,"enemyValid":false,"switchId":1,"switchValid":false,"turnA":0,"turnB":0,"turnEnding":false,"turnValid":false},"list":[{"code":0,"indent":0,"parameters":[]}],"span":0}],"params":[],"damage":{"critical":"","elementId":"","formula":"","type":"","variance":""},"note":""},
{"id":29,"members":[],"name":"","pages":[{"conditions":{"actorHp":50,"actorId":1,"actorValid":false,"enemyHp":50,"enemyIndex":0,"enemyValid":false,"switchId":1,"switchValid":false,"turnA":0,"turnB":0,"turnEnding":false,"turnValid":false},"list":[{"code":0,"indent":0,"parameters":[]}],"span":0}],"params":[],"damage":{"critical":"","elementId":"","formula":"","type":"","variance":""},"note":""},
{"id":30,"members":[],"name":"","pages":[{"conditions":{"actorHp":50,"actorId":1,"actorValid":false,"enemyHp":50,"enemyIndex":0,"enemyValid":false,"switchId":1,"switchValid":false,"turnA":0,"turnB":0,"turnEnding":false,"turnValid":false},"list":[{"code":0,"indent":0,"parameters":[]}],"span":0}],"params":[],"damage":{"critical":"","elementId":"","formula":"","type":"","variance":""},"note":""},
{"id":31,"members":[],"name":"","pages":[{"conditions":{"actorHp":50,"actorId":1,"actorValid":false,"enemyHp":50,"enemyIndex":0,"enemyValid":false,"switchId":1,"switchValid":false,"turnA":0,"turnB":0,"turnEnding":false,"turnValid":false},"list":[{"code":0,"indent":0,"parameters":[]}],"span":0}],"params":[],"damage":{"critical":"","elementId":"","formula":"","type":"","variance":""},"note":""},
{"id":32,"members":[],"name":"","pages":[{"conditions":{"actorHp":50,"actorId":1,"actorValid":false,"enemyHp":50,"enemyIndex":0,"enemyValid":false,"switchId":1,"switchValid":false,"turnA":0,"turnB":0,"turnEnding":false,"turnValid":false},"list":[{"code":0,"indent":0,"parameters":[]}],"span":0}],"params":[],"damage":{"critical":"","elementId":"","formula":"","type":"","variance":""},"note":""},
{"id":33,"members":[],"name":"","pages":[{"conditions":{"actorHp":50,"actorId":1,"actorValid":false,"enemyHp":50,"enemyIndex":0,"enemyValid":false,"switchId":1,"switchValid":false,"turnA":0,"turnB":0,"turnEnding":false,"turnValid":false},"list":[{"code":0,"indent":0,"parameters":[]}],"span":0}],"params":[],"damage":{"critical":"","elementId":"","formula":"","type":"","variance":""},"note":""},
{"id":34,"members":[],"name":"","pages":[{"conditions":{"actorHp":50,"actorId":1,"actorValid":false,"enemyHp":50,"enemyIndex":0,"enemyValid":false,"switchId":1,"switchValid":false,"turnA":0,"turnB":0,"turnEnding":false,"turnValid":false},"list":[{"code":0,"indent":0,"parameters":[]}],"span":0}],"params":[],"damage":{"critical":"","elementId":"","formula":"","type":"","variance":""},"note":""},
{"id":35,"members":[],"name":"","pages":[{"conditions":{"actorHp":50,"actorId":1,"actorValid":false,"enemyHp":50,"enemyIndex":0,"enemyValid":false,"switchId":1,"switchValid":false,"turnA":0,"turnB":0,"turnEnding":false,"turnValid":false},"list":[{"code":0,"indent":0,"parameters":[]}],"span":0}],"params":[],"damage":{"critical":"","elementId":"","formula":"","type":"","variance":""},"note":""},
{"id":36,"members":[],"name":"","pages":[{"conditions":{"actorHp":50,"actorId":1,"actorValid":false,"enemyHp":50,"enemyIndex":0,"enemyValid":false,"switchId":1,"switchValid":false,"turnA":0,"turnB":0,"turnEnding":false,"turnValid":false},"list":[{"code":0,"indent":0,"parameters":[]}],"span":0}],"params":[],"damage":{"critical":"","elementId":"","formula":"","type":"","variance":""},"note":""},
{"id":37,"members":[],"name":"","pages":[{"conditions":{"actorHp":50,"actorId":1,"actorValid":false,"enemyHp":50,"enemyIndex":0,"enemyValid":false,"switchId":1,"switchValid":false,"turnA":0,"turnB":0,"turnEnding":false,"turnValid":false},"list":[{"code":0,"indent":0,"parameters":[]}],"span":0}],"params":[],"damage":{"critical":"","elementId":"","formula":"","type":"","variance":""},"note":""},
{"id":38,"members":[],"name":"","pages":[{"conditions":{"actorHp":50,"actorId":1,"actorValid":false,"enemyHp":50,"enemyIndex":0,"enemyValid":false,"switchId":1,"switchValid":false,"turnA":0,"turnB":0,"turnEnding":false,"turnValid":false},"list":[{"code":0,"indent":0,"parameters":[]}],"span":0}],"params":[],"damage":{"critical":"","elementId":"","formula":"","type":"","variance":""},"note":""},
{"id":39,"members":[],"name":"","pages":[{"conditions":{"actorHp":50,"actorId":1,"actorValid":false,"enemyHp":50,"enemyIndex":0,"enemyValid":false,"switchId":1,"switchValid":false,"turnA":0,"turnB":0,"turnEnding":false,"turnValid":false},"list":[{"code":0,"indent":0,"parameters":[]}],"span":0}],"params":[],"damage":{"critical":"","elementId":"","formula":"","type":"","variance":""},"note":""},
{"id":40,"members":[],"name":"","pages":[{"conditions":{"actorHp":50,"actorId":1,"actorValid":false,"enemyHp":50,"enemyIndex":0,"enemyValid":false,"switchId":1,"switchValid":false,"turnA":0,"turnB":0,"turnEnding":false,"turnValid":false},"list":[{"code":0,"indent":0,"parameters":[]}],"span":0}],"params":[],"damage":{"critical":"","elementId":"","formula":"","type":"","variance":""},"note":""},
{"id":41,"members":[],"name":"","pages":[{"conditions":{"actorHp":50,"actorId":1,"actorValid":false,"enemyHp":50,"enemyIndex":0,"enemyValid":false,"switchId":1,"switchValid":false,"turnA":0,"turnB":0,"turnEnding":false,"turnValid":false},"list":[{"code":0,"indent":0,"parameters":[]}],"span":0}],"params":[],"damage":{"critical":"","elementId":"","formula":"","type":"","variance":""},"note":""},
{"id":42,"members":[],"name":"","pages":[{"conditions":{"actorHp":50,"actorId":1,"actorValid":false,"enemyHp":50,"enemyIndex":0,"enemyValid":false,"switchId":1,"switchValid":false,"turnA":0,"turnB":0,"turnEnding":false,"turnValid":false},"list":[{"code":0,"indent":0,"parameters":[]}],"span":0}],"params":[],"damage":{"critical":"","elementId":"","formula":"","type":"","variance":""},"note":""},
{"id":43,"members":[],"name":"","pages":[{"conditions":{"actorHp":50,"actorId":1,"actorValid":false,"enemyHp":50,"enemyIndex":0,"enemyValid":false,"switchId":1,"switchValid":false,"turnA":0,"turnB":0,"turnEnding":false,"turnValid":false},"list":[{"code":0,"indent":0,"parameters":[]}],"span":0}],"params":[],"damage":{"critical":"","elementId":"","formula":"","type":"","variance":""},"note":""},
{"id":44,"members":[],"name":"","pages":[{"conditions":{"actorHp":50,"actorId":1,"actorValid":false,"enemyHp":50,"enemyIndex":0,"enemyValid":false,"switchId":1,"switchValid":false,"turnA":0,"turnB":0,"turnEnding":false,"turnValid":false},"list":[{"code":0,"indent":0,"parameters":[]}],"span":0}],"params":[],"damage":{"critical":"","elementId":"","formula":"","type":"","variance":""},"note":""},
{"id":45,"members":[],"name":"","pages":[{"conditions":{"actorHp":50,"actorId":1,"actorValid":false,"enemyHp":50,"enemyIndex":0,"enemyValid":false,"switchId":1,"switchValid":false,"turnA":0,"turnB":0,"turnEnding":false,"turnValid":false},"list":[{"code":0,"indent":0,"parameters":[]}],"span":0}],"params":[],"damage":{"critical":"","elementId":"","formula":"","type":"","variance":""},"note":""},
{"id":46,"members":[],"name":"","pages":[{"conditions":{"actorHp":50,"actorId":1,"actorValid":false,"enemyHp":50,"enemyIndex":0,"enemyValid":false,"switchId":1,"switchValid":false,"turnA":0,"turnB":0,"turnEnding":false,"turnValid":false},"list":[{"code":0,"indent":0,"parameters":[]}],"span":0}],"params":[],"damage":{"critical":"","elementId":"","formula":"","type":"","variance":""},"note":""},
{"id":47,"members":[],"name":"","pages":[{"conditions":{"actorHp":50,"actorId":1,"actorValid":false,"enemyHp":50,"enemyIndex":0,"enemyValid":false,"switchId":1,"switchValid":false,"turnA":0,"turnB":0,"turnEnding":false,"turnValid":false},"list":[{"code":0,"indent":0,"parameters":[]}],"span":0}],"params":[],"damage":{"critical":"","elementId":"","formula":"","type":"","variance":""},"note":""},
{"id":48,"members":[],"name":"","pages":[{"conditions":{"actorHp":50,"actorId":1,"actorValid":false,"enemyHp":50,"enemyIndex":0,"enemyValid":false,"switchId":1,"switchValid":false,"turnA":0,"turnB":0,"turnEnding":false,"turnValid":false},"list":[{"code":0,"indent":0,"parameters":[]}],"span":0}],"params":[],"damage":{"critical":"","elementId":"","formula":"","type":"","variance":""},"note":""},
{"id":49,"members":[],"name":"","pages":[{"conditions":{"actorHp":50,"actorId":1,"actorValid":false,"enemyHp":50,"enemyIndex":0,"enemyValid":false,"switchId":1,"switchValid":false,"turnA":0,"turnB":0,"turnEnding":false,"turnValid":false},"list":[{"code":0,"indent":0,"parameters":[]}],"span":0}],"params":[],"damage":{"critical":"","elementId":"","formula":"","type":"","variance":""},"note":""},
{"id":50,"members":[],"name":"","pages":[{"conditions":{"actorHp":50,"actorId":1,"actorValid":false,"enemyHp":50,"enemyIndex":0,"enemyValid":false,"switchId":1,"switchValid":false,"turnA":0,"turnB":0,"turnEnding":false,"turnValid":false},"list":[{"code":0,"indent":0,"parameters":[]}],"span":0}],"params":[],"damage":{"critical":"","elementId":"","formula":"","type":"","variance":""},"note":""}
]