{"Battle":1,"Data":[{"HUD":[{"Addons":[],"Animations":[{"ActivateType":{"RunType":2,"Type":0},"Duration":30,"EasingCurve":0,"EndOpacity":1,"Property":7,"Reset":false,"ReturnEasing":1,"StartOpacity":0,"Type":0}],"Conditions":[{"ID":5,"Type":0,"Value":true}],"CustomProperties":{},"ID":67,"Name":"Fondo","Note":"","Opacity":1,"PictureData":{"Picture":"gradiente-hud"},"Rotation":0,"ScaleX":1,"ScaleY":1,"Type":2,"X":480,"Y":360},{"Addons":[],"Animations":[{"ActivateType":{"RunType":2,"Type":0},"Duration":30,"EasingCurve":0,"EndOpacity":1,"Property":7,"Reset":false,"ReturnEasing":1,"StartOpacity":0,"Type":0}],"Conditions":[{"ID":5,"Type":0,"Value":true}],"CustomProperties":{},"ID":69,"Name":"Burbuja","Note":"","Opacity":1,"PictureData":{"Picture":"Bubble"},"Rotation":0,"ScaleX":1,"ScaleY":1,"Type":2,"X":91,"Y":40},{"Addons":[],"Animations":[{"ActivateType":{"RunType":2,"Type":0},"Duration":30,"EasingCurve":0,"EndOpacity":1,"Property":7,"Reset":false,"ReturnEasing":1,"StartOpacity":0,"Type":0}],"Children":[],"Conditions":[{"ID":5,"Type":0,"Value":true}],"CustomProperties":{},"ID":68,"Name":"Mapa","Note":"","Opacity":1,"Rotation":0,"ScaleX":1,"ScaleY":1,"TextData":{"Alignment":1,"Color":"#ffffff","FontFamily":"PixelMplus12-Regular.ttf","FontSize":26,"MaxWidth":100,"OutlineColor":"#000000","OutlineOpacity":100,"OutlineSize":4,"Text":{"Info":1,"Type":1}},"Type":0,"X":92,"Y":38},{"Addons":[],"Animations":[{"ActivateType":{"RunType":2,"Type":0},"Duration":30,"EasingCurve":0,"EndOpacity":1,"Property":7,"Reset":false,"ReturnEasing":1,"StartOpacity":0,"Type":0}],"Children":[{"ActorFaceData":{"ActorID":{"Index":4,"Type":1}},"Addons":[],"Animations":[],"CustomProperties":{},"ID":20,"Name":"Player Face","Note":"","Opacity":1,"Rotation":0,"ScaleX":1,"ScaleY":1,"Type":8,"X":0,"Y":114},{"Addons":[],"Animations":[],"CustomProperties":{},"ID":25,"Name":"Player Name","Note":"","Opacity":1,"Rotation":0,"ScaleX":1,"ScaleY":1,"TextData":{"Alignment":1,"Color":"#ffffff","FontFamily":"","FontSize":24,"MaxWidth":200,"OutlineColor":"#000000","OutlineOpacity":100,"OutlineSize":4,"Text":{"ActorType":false,"Index":4,"Info":0,"Type":4}},"Type":0,"X":-114,"Y":146},{"Addons":[],"Animations":[],"CustomProperties":{},"GaugeData":{"BackgroundColor":"#333333","Color1":"#005500","Color2":"#00ff00","Height":14,"Maximum":{"ActorType":false,"Index":4,"Info":8,"Type":4},"OutlineColor":"#000000","OutlineOpacity":100,"OutlineSize":1,"Smoothness":20,"SyncComponent":"Health Number","Value":{"ActorType":false,"Index":4,"Info":3,"Type":4},"Width":114},"ID":22,"Name":"Health Gauge","Note":"","Opacity":1,"Rotation":0,"Type":4,"X":-52,"Y":183},{"Addons":[],"Animations":[],"Children":[],"CustomProperties":{},"GaugeData":{"BackgroundColor":"#333333","Color1":"#55007f","Color2":"#aa00ff","Height":14,"Maximum":{"ActorType":false,"Index":1,"Info":9,"Type":4},"OutlineColor":"#000000","OutlineOpacity":100,"OutlineSize":1,"Smoothness":20,"SyncComponent":"Health Number","Value":{"ActorType":false,"Index":4,"Info":4,"Type":4},"Width":114},"ID":55,"Name":"Barra MP","Note":"","Opacity":1,"Rotation":0,"Type":4,"X":-51,"Y":208},{"Addons":[],"Animations":[],"Children":[],"CustomProperties":{},"ID":56,"Name":"PV - Copy 1","Note":"","Opacity":1,"Rotation":0,"ScaleX":1,"ScaleY":1,"TextData":{"Alignment":0,"Color":"#ffffff","FontFamily":"","FontSize":20,"MaxWidth":100,"OutlineColor":"#000000","OutlineOpacity":100,"OutlineSize":3,"Text":{"Text":"PM:","Type":0}},"Type":0,"X":-90,"Y":205},{"Addons":[],"Animations":[],"Children":[],"CustomProperties":{},"ID":130,"Name":"Health Number - Copy 2","Note":"","Opacity":1,"Rotation":0,"ScaleX":1,"ScaleY":1,"TextData":{"Alignment":2,"Color":"#ffffff","FontFamily":"","FontSize":20,"MaxWidth":100,"OutlineColor":"#000000","OutlineOpacity":100,"OutlineSize":4,"Text":{"ActorType":false,"Index":4,"Info":3,"Type":4}},"Type":0,"X":1,"Y":181},{"Addons":[],"Animations":[],"Children":[],"CustomProperties":{},"ID":57,"Name":"Health Number - Copy 1","Note":"","Opacity":1,"Rotation":0,"ScaleX":1,"ScaleY":1,"TextData":{"Alignment":2,"Color":"#ffffff","FontFamily":"","FontSize":20,"MaxWidth":100,"OutlineColor":"#000000","OutlineOpacity":100,"OutlineSize":4,"Text":{"ActorType":false,"Index":4,"Info":4,"Type":4}},"Type":0,"X":1,"Y":206},{"Animations":[],"Children":[],"CustomProperties":{},"ID":131,"Name":"Marco HP - Copy 4","Note":"","Opacity":1,"PictureData":{"Picture":"barra"},"Rotation":0,"ScaleX":1,"ScaleY":1,"Type":2,"X":-52,"Y":183},{"Animations":[],"Children":[],"CustomProperties":{},"ID":132,"Name":"Marco HP - Copy 5","Note":"","Opacity":1,"PictureData":{"Picture":"barra"},"Rotation":0,"ScaleX":1,"ScaleY":1,"Type":2,"X":-51,"Y":208},{"Addons":[],"Animations":[],"CustomProperties":{},"ID":24,"Name":"PV","Note":"","Opacity":1,"Rotation":0,"ScaleX":1,"ScaleY":1,"TextData":{"Alignment":0,"Color":"#ffffff","FontFamily":"","FontSize":20,"MaxWidth":100,"OutlineColor":"#000000","OutlineOpacity":100,"OutlineSize":3,"Text":{"Text":"PV:","Type":0}},"Type":0,"X":-91,"Y":180}],"Conditions":[{"ID":5,"Type":0,"Value":true},{"Actor":4,"ActorType":false,"Check":0,"Type":2}],"CustomProperties":{},"Expanded":false,"GroupData":{},"ID":21,"Name":"Héroe 4","Note":"","Opacity":1,"Rotation":0,"Type":6,"X":877,"Y":482},{"Addons":[],"Animations":[{"ActivateType":{"RunType":2,"Type":0},"Duration":30,"EasingCurve":0,"EndOpacity":1,"Property":7,"Reset":false,"ReturnEasing":1,"StartOpacity":0,"Type":0}],"Children":[{"ActorFaceData":{"ActorID":{"Index":3,"Type":1}},"Addons":[],"Animations":[],"CustomProperties":{},"ID":107,"Name":"Héroe 3","Note":"","Opacity":1,"Rotation":0,"ScaleX":1,"ScaleY":1,"Type":8,"X":0,"Y":114},{"Addons":[],"Animations":[],"CustomProperties":{},"ID":108,"Name":"Nombre","Note":"","Opacity":1,"Rotation":0,"ScaleX":1,"ScaleY":1,"TextData":{"Alignment":1,"Color":"#ffffff","FontFamily":"","FontSize":24,"MaxWidth":200,"OutlineColor":"#000000","OutlineOpacity":100,"OutlineSize":4,"Text":{"ActorType":false,"Index":3,"Info":0,"Type":4}},"Type":0,"X":-113,"Y":146},{"Addons":[],"Animations":[],"CustomProperties":{},"GaugeData":{"BackgroundColor":"#333333","Color1":"#005500","Color2":"#00ff00","Height":14,"Maximum":{"ActorType":false,"Index":3,"Info":8,"Type":4},"OutlineColor":"#000000","OutlineOpacity":100,"OutlineSize":1,"Smoothness":20,"SyncComponent":"Health Number","Value":{"ActorType":false,"Index":3,"Info":3,"Type":4},"Width":114},"ID":109,"Name":"Barra HP","Note":"","Opacity":1,"Rotation":0,"Type":4,"X":-52,"Y":183},{"Addons":[],"Animations":[],"CustomProperties":{},"ID":110,"Name":"Número HP","Note":"","Opacity":1,"Rotation":0,"ScaleX":1,"ScaleY":1,"TextData":{"Alignment":2,"Color":"#ffffff","FontFamily":"","FontSize":20,"MaxWidth":100,"OutlineColor":"#000000","OutlineOpacity":100,"OutlineSize":4,"Text":{"ActorType":false,"Index":3,"Info":3,"Type":4}},"Type":0,"X":0,"Y":180},{"Addons":[],"Animations":[],"Children":[],"CustomProperties":{},"GaugeData":{"BackgroundColor":"#333333","Color1":"#55007f","Color2":"#aa00ff","Height":14,"Maximum":{"ActorType":false,"Index":1,"Info":9,"Type":4},"OutlineColor":"#000000","OutlineOpacity":100,"OutlineSize":1,"Smoothness":20,"SyncComponent":"Health Number","Value":{"ActorType":false,"Index":3,"Info":4,"Type":4},"Width":114},"ID":111,"Name":"Barra MP","Note":"","Opacity":1,"Rotation":0,"Type":4,"X":-51,"Y":208},{"Addons":[],"Animations":[],"Children":[],"CustomProperties":{},"ID":112,"Name":"PM","Note":"","Opacity":1,"Rotation":0,"ScaleX":1,"ScaleY":1,"TextData":{"Alignment":0,"Color":"#ffffff","FontFamily":"","FontSize":20,"MaxWidth":100,"OutlineColor":"#000000","OutlineOpacity":100,"OutlineSize":3,"Text":{"Text":"PM:","Type":0}},"Type":0,"X":-90,"Y":205},{"Addons":[],"Animations":[],"Children":[],"CustomProperties":{},"ID":113,"Name":"Número PM","Note":"","Opacity":1,"Rotation":0,"ScaleX":1,"ScaleY":1,"TextData":{"Alignment":2,"Color":"#ffffff","FontFamily":"","FontSize":20,"MaxWidth":100,"OutlineColor":"#000000","OutlineOpacity":100,"OutlineSize":4,"Text":{"ActorType":false,"Index":3,"Info":4,"Type":4}},"Type":0,"X":1,"Y":206},{"Animations":[],"Children":[],"CustomProperties":{},"ID":128,"Name":"Marco HP - Copy 2","Note":"","Opacity":1,"PictureData":{"Picture":"barra"},"Rotation":0,"ScaleX":1,"ScaleY":1,"Type":2,"X":-52,"Y":183},{"Animations":[],"Children":[],"CustomProperties":{},"ID":129,"Name":"Marco HP - Copy 3","Note":"","Opacity":1,"PictureData":{"Picture":"barra"},"Rotation":0,"ScaleX":1,"ScaleY":1,"Type":2,"X":-52,"Y":208},{"Addons":[],"Animations":[],"CustomProperties":{},"ID":114,"Name":"PV","Note":"","Opacity":1,"Rotation":0,"ScaleX":1,"ScaleY":1,"TextData":{"Alignment":0,"Color":"#ffffff","FontFamily":"","FontSize":20,"MaxWidth":100,"OutlineColor":"#000000","OutlineOpacity":100,"OutlineSize":3,"Text":{"Text":"PV:","Type":0}},"Type":0,"X":-91,"Y":180}],"Conditions":[{"ID":5,"Type":0,"Value":true},{"Actor":3,"ActorType":false,"Check":0,"Type":2}],"CustomProperties":{},"Expanded":false,"GroupData":{},"ID":106,"Name":"Héroe 3","Note":"","Opacity":1,"Rotation":0,"Type":6,"X":640,"Y":482},{"Addons":[],"Animations":[{"ActivateType":{"RunType":2,"Type":0},"Duration":30,"EasingCurve":0,"EndOpacity":1,"Property":7,"Reset":false,"ReturnEasing":1,"StartOpacity":0,"Type":0}],"Children":[{"ActorFaceData":{"ActorID":{"Index":2,"Type":1}},"Addons":[],"Animations":[],"CustomProperties":{},"ID":98,"Name":"Face","Note":"","Opacity":1,"Rotation":0,"ScaleX":1,"ScaleY":1,"Type":8,"X":0,"Y":114},{"Addons":[],"Animations":[],"CustomProperties":{},"ID":99,"Name":"Nombre","Note":"","Opacity":1,"Rotation":0,"ScaleX":1,"ScaleY":1,"TextData":{"Alignment":1,"Color":"#ffffff","FontFamily":"","FontSize":24,"MaxWidth":200,"OutlineColor":"#000000","OutlineOpacity":100,"OutlineSize":4,"Text":{"ActorType":false,"Index":2,"Info":0,"Type":4}},"Type":0,"X":-111,"Y":146},{"Addons":[],"Animations":[],"CustomProperties":{},"GaugeData":{"BackgroundColor":"#333333","Color1":"#005500","Color2":"#00ff00","Height":14,"Maximum":{"ActorType":false,"Index":2,"Info":8,"Type":4},"OutlineColor":"#000000","OutlineOpacity":100,"OutlineSize":1,"Smoothness":20,"SyncComponent":"Health Number","Value":{"ActorType":false,"Index":2,"Info":3,"Type":4},"Width":114},"ID":100,"Name":"Barra HP","Note":"","Opacity":1,"Rotation":0,"Type":4,"X":-52,"Y":183},{"Addons":[],"Animations":[],"CustomProperties":{},"ID":101,"Name":"HP","Note":"","Opacity":1,"Rotation":0,"ScaleX":1,"ScaleY":1,"TextData":{"Alignment":2,"Color":"#ffffff","FontFamily":"","FontSize":20,"MaxWidth":100,"OutlineColor":"#000000","OutlineOpacity":100,"OutlineSize":4,"Text":{"ActorType":false,"Index":2,"Info":3,"Type":4}},"Type":0,"X":0,"Y":180},{"Addons":[],"Animations":[],"Children":[],"CustomProperties":{},"GaugeData":{"BackgroundColor":"#333333","Color1":"#55007f","Color2":"#aa00ff","Height":14,"Maximum":{"ActorType":false,"Index":2,"Info":9,"Type":4},"OutlineColor":"#000000","OutlineOpacity":100,"OutlineSize":1,"Smoothness":20,"SyncComponent":"Health Number","Value":{"ActorType":false,"Index":2,"Info":4,"Type":4},"Width":114},"ID":102,"Name":"Barra MP ","Note":"","Opacity":1,"Rotation":0,"Type":4,"X":-52,"Y":208},{"Addons":[],"Animations":[],"Children":[],"CustomProperties":{},"ID":103,"Name":"PM","Note":"","Opacity":1,"Rotation":0,"ScaleX":1,"ScaleY":1,"TextData":{"Alignment":0,"Color":"#ffffff","FontFamily":"","FontSize":20,"MaxWidth":100,"OutlineColor":"#000000","OutlineOpacity":100,"OutlineSize":3,"Text":{"Text":"PM:","Type":0}},"Type":0,"X":-90,"Y":205},{"Addons":[],"Animations":[],"Children":[],"CustomProperties":{},"ID":104,"Name":"MP Número","Note":"","Opacity":1,"Rotation":0,"ScaleX":1,"ScaleY":1,"TextData":{"Alignment":2,"Color":"#ffffff","FontFamily":"","FontSize":20,"MaxWidth":100,"OutlineColor":"#000000","OutlineOpacity":100,"OutlineSize":4,"Text":{"ActorType":false,"Index":2,"Info":4,"Type":4}},"Type":0,"X":1,"Y":206},{"Animations":[],"Children":[],"CustomProperties":{},"ID":126,"Name":"Marco MP - Copy 1","Note":"","Opacity":1,"PictureData":{"Picture":"barra"},"Rotation":0,"ScaleX":1,"ScaleY":1,"Type":2,"X":-52,"Y":208},{"Animations":[],"Children":[],"CustomProperties":{},"ID":127,"Name":"Marco HP - Copy 1","Note":"","Opacity":1,"PictureData":{"Picture":"barra"},"Rotation":0,"ScaleX":1,"ScaleY":1,"Type":2,"X":-52,"Y":183},{"Addons":[],"Animations":[],"CustomProperties":{},"ID":105,"Name":"PV","Note":"","Opacity":1,"Rotation":0,"ScaleX":1,"ScaleY":1,"TextData":{"Alignment":0,"Color":"#ffffff","FontFamily":"","FontSize":20,"MaxWidth":100,"OutlineColor":"#000000","OutlineOpacity":100,"OutlineSize":3,"Text":{"Text":"PV:","Type":0}},"Type":0,"X":-91,"Y":180}],"Conditions":[{"ID":5,"Type":0,"Value":true},{"Actor":2,"ActorType":false,"Check":0,"Type":2}],"CustomProperties":{},"Expanded":false,"GroupData":{},"ID":97,"Name":"Héroe 2","Note":"","Opacity":1,"Rotation":0,"Type":6,"X":405,"Y":482},{"Addons":[],"Animations":[{"ActivateType":{"RunType":2,"Type":0},"Duration":30,"EasingCurve":0,"EndOpacity":1,"Property":7,"Reset":false,"ReturnEasing":1,"StartOpacity":0,"Type":0}],"Children":[{"ActorFaceData":{"ActorID":{"Index":1,"Type":1}},"Addons":[],"Animations":[],"ID":116,"Name":"Player Face - Copy 3","Note":"","Opacity":1,"Rotation":0,"ScaleX":1,"ScaleY":1,"Type":8,"X":0,"Y":114},{"Addons":[],"Animations":[],"CustomProperties":{},"ID":117,"Name":"Player Name - Copy 3","Note":"","Opacity":1,"Rotation":0,"ScaleX":1,"ScaleY":1,"TextData":{"Alignment":1,"Color":"#ffffff","FontFamily":"","FontSize":24,"MaxWidth":200,"OutlineColor":"#000000","OutlineOpacity":100,"OutlineSize":4,"Text":{"ActorType":false,"Index":1,"Info":0,"Type":4}},"Type":0,"X":-117,"Y":146},{"Addons":[],"Animations":[],"CustomProperties":{},"GaugeData":{"BackgroundColor":"#333333","Color1":"#005500","Color2":"#00ff00","Height":14,"Maximum":{"ActorType":false,"Index":1,"Info":8,"Type":4},"OutlineColor":"#000000","OutlineOpacity":100,"OutlineSize":1,"Smoothness":20,"SyncComponent":"Health Number","Value":{"ActorType":false,"Index":1,"Info":3,"Type":4},"Width":114},"ID":118,"Name":"Health Gauge - Copy 3","Note":"","Opacity":1,"Rotation":0,"Type":4,"X":-52,"Y":183},{"Addons":[],"Animations":[],"CustomProperties":{},"ID":119,"Name":"Health Number - Copy 6","Note":"","Opacity":1,"Rotation":0,"ScaleX":1,"ScaleY":1,"TextData":{"Alignment":2,"Color":"#ffffff","FontFamily":"","FontSize":20,"MaxWidth":100,"OutlineColor":"#000000","OutlineOpacity":100,"OutlineSize":4,"Text":{"ActorType":false,"Index":1,"Info":3,"Type":4}},"Type":0,"X":0,"Y":180},{"Addons":[],"Animations":[],"Children":[],"CustomProperties":{},"GaugeData":{"BackgroundColor":"#333333","Color1":"#55007f","Color2":"#aa00ff","Height":14,"Maximum":{"ActorType":false,"Index":1,"Info":9,"Type":4},"OutlineColor":"#000000","OutlineOpacity":100,"OutlineSize":1,"Smoothness":20,"SyncComponent":"Health Number","Value":{"ActorType":false,"Index":1,"Info":3,"Type":4},"Width":114},"ID":120,"Name":"Barra MP - Copy 3","Note":"","Opacity":1,"Rotation":0,"Type":4,"X":-51,"Y":208},{"Addons":[],"Animations":[],"Children":[],"CustomProperties":{},"ID":121,"Name":"PV - Copy 6","Note":"","Opacity":1,"Rotation":0,"ScaleX":1,"ScaleY":1,"TextData":{"Alignment":0,"Color":"#ffffff","FontFamily":"","FontSize":20,"MaxWidth":100,"OutlineColor":"#000000","OutlineOpacity":100,"OutlineSize":3,"Text":{"Text":"PM:","Type":0}},"Type":0,"X":-90,"Y":205},{"Addons":[],"Animations":[],"Children":[],"CustomProperties":{},"ID":122,"Name":"Health Number - Copy 7","Note":"","Opacity":1,"Rotation":0,"ScaleX":1,"ScaleY":1,"TextData":{"Alignment":2,"Color":"#ffffff","FontFamily":"","FontSize":20,"MaxWidth":100,"OutlineColor":"#000000","OutlineOpacity":100,"OutlineSize":4,"Text":{"ActorType":false,"Index":1,"Info":4,"Type":4}},"Type":0,"X":0,"Y":205},{"Addons":[],"Animations":[],"CustomProperties":{},"ID":123,"Name":"PV - Copy 7","Note":"","Opacity":1,"Rotation":0,"ScaleX":1,"ScaleY":1,"TextData":{"Alignment":0,"Color":"#ffffff","FontFamily":"","FontSize":20,"MaxWidth":100,"OutlineColor":"#000000","OutlineOpacity":100,"OutlineSize":3,"Text":{"Text":"PV:","Type":0}},"Type":0,"X":-91,"Y":180},{"Animations":[],"Children":[],"CustomProperties":{},"ID":125,"Name":"Marco MP","Note":"","Opacity":1,"PictureData":{"Picture":"barra"},"Rotation":0,"ScaleX":1,"ScaleY":1,"Type":2,"X":-52,"Y":208},{"Animations":[],"CustomProperties":{},"ID":124,"Name":"Marco HP","Note":"","Opacity":1,"PictureData":{"Picture":"barra"},"Rotation":0,"ScaleX":1,"ScaleY":1,"Type":2,"X":-52,"Y":183}],"Conditions":[{"ID":5,"Type":0,"Value":true},{"Actor":1,"ActorType":false,"Check":0,"Type":2}],"CustomProperties":{},"Expanded":false,"GroupData":{},"ID":115,"Name":"Héroe 1","Note":"","Opacity":1,"Rotation":0,"Type":6,"X":165,"Y":482}]},{"HUD":[{"Addons":[],"Animations":[],"Children":[],"Conditions":[{"ID":13,"Type":0,"Value":false}],"CustomProperties":{},"Expanded":false,"ID":82,"Name":"Ventana","Note":"","Opacity":1,"Rotation":0,"Type":7,"WindowData":{"BackgroundOpacity":75,"Height":200,"Margin":4,"Padding":12,"Width":760,"WindowSkin":"Window"},"X":384,"Y":616},{"Addons":[],"Animations":[],"Children":[{"Animations":[],"Children":[{"Addons":[],"Animations":[{"ActivateType":{"RunType":1,"Type":0},"Duration":20,"EasingCurve":0,"EndOpacity":1,"Property":7,"Reset":true,"ReturnEasing":0,"StartOpacity":0,"Type":2}],"Conditions":[{"Actor":1,"ActorType":false,"Check":6,"ID":33,"Type":2}],"CustomProperties":{},"ID":83,"Name":"Turno Héroe 1","Note":"","Opacity":1,"Rotation":0,"ShapeData":{"Color":"#073416","Height":42,"OutlineColor":"#bee8cd","OutlineOpacity":100,"OutlineSize":3,"Shape":0,"Width":728},"Type":1,"X":-264,"Y":-9},{"Animations":[],"Children":[{"Animations":[],"CustomProperties":{},"ID":2,"Name":"Nombre Héroe","Note":"","Opacity":1,"Rotation":0,"ScaleX":1,"ScaleY":1,"TextData":{"Alignment":0,"Color":"#ffffff","FontFamily":"","FontSize":28,"MaxWidth":200,"OutlineColor":"#000000","OutlineOpacity":100,"OutlineSize":0,"Text":{"ActorType":false,"Index":1,"Info":0,"Type":4}},"Type":0,"X":-333,"Y":182},{"Animations":[],"CustomProperties":{},"ID":3,"IconData":{"IconIndex":{"ID":6,"Type":3},"IconSet":"IconSet","IconSize":32},"Name":"Icono Héroe","Note":"","Opacity":1,"Rotation":0,"ScaleX":1,"ScaleY":1,"Type":9,"X":-452,"Y":180}],"CustomProperties":{},"Expanded":false,"GroupData":{},"ID":7,"Name":"Icono + Nombre","Note":"","Opacity":1,"Rotation":0,"Type":6,"X":-155,"Y":-190},{"Animations":[],"Children":[{"Animations":[],"CustomProperties":{},"GaugeData":{"BackgroundColor":"#333333","Color1":"#55007f","Color2":"#aa00ff","Height":10,"Maximum":{"ActorType":false,"Index":1,"Info":9,"Type":4},"OutlineColor":"#000000","OutlineOpacity":100,"OutlineSize":0,"Smoothness":60,"SyncComponent":"","Value":{"ActorType":false,"Index":1,"Info":4,"Type":4},"Width":124},"ID":13,"Name":"Gradiente MP","Note":"","Opacity":1,"Rotation":0,"Type":4,"X":-247,"Y":190},{"Animations":[],"CustomProperties":{},"ID":14,"Name":"Barra MP","Note":"","Opacity":1,"PictureData":{"Picture":"barra-battle"},"Rotation":0,"ScaleX":1,"ScaleY":1,"Type":2,"X":-246,"Y":190},{"Animations":[],"CustomProperties":{},"ID":15,"Name":"PM","Note":"","Opacity":1,"Rotation":0,"ScaleX":1,"ScaleY":1,"TextData":{"Alignment":1,"Color":"#55aaff","FontFamily":"","FontSize":20,"MaxWidth":200,"OutlineColor":"#000000","OutlineOpacity":100,"OutlineSize":1,"Text":{"Text":"PM","Type":0}},"Type":0,"X":-323,"Y":187},{"Animations":[],"CustomProperties":{},"ID":16,"Name":"MP Actual","Note":"","Opacity":1,"Rotation":0,"ScaleX":1,"ScaleY":1,"TextData":{"Alignment":1,"Color":"#ffffff","FontFamily":"","FontSize":24,"MaxWidth":200,"OutlineColor":"#000000","OutlineOpacity":100,"OutlineSize":2,"Text":{"ActorType":false,"Index":1,"Info":4,"Type":4}},"Type":0,"X":-204,"Y":177}],"CustomProperties":{},"Expanded":false,"GroupData":{},"ID":12,"Name":"PM","Note":"","Opacity":1,"Rotation":0,"Type":6,"X":11,"Y":-190},{"Animations":[],"Children":[{"Animations":[],"CustomProperties":{},"GaugeData":{"BackgroundColor":"#333333","Color1":"#ff00ff","Color2":"#ffaaff","Height":10,"Maximum":{"ActorType":false,"Index":1,"Info":10,"Type":4},"OutlineColor":"#000000","OutlineOpacity":100,"OutlineSize":0,"Smoothness":60,"SyncComponent":"","Value":{"ActorType":false,"Index":1,"Info":5,"Type":4},"Width":124},"ID":18,"Name":"Gradiente PT","Note":"","Opacity":1,"Rotation":0,"Type":4,"X":-247,"Y":190},{"Animations":[],"CustomProperties":{},"ID":19,"Name":"Barra PT","Note":"","Opacity":1,"PictureData":{"Picture":"barra-battle"},"Rotation":0,"ScaleX":1,"ScaleY":1,"Type":2,"X":-246,"Y":190},{"Animations":[],"CustomProperties":{},"ID":20,"Name":"PT","Note":"","Opacity":1,"Rotation":0,"ScaleX":1,"ScaleY":1,"TextData":{"Alignment":1,"Color":"#55aaff","FontFamily":"","FontSize":20,"MaxWidth":200,"OutlineColor":"#000000","OutlineOpacity":100,"OutlineSize":1,"Text":{"Text":"PT","Type":0}},"Type":0,"X":-323,"Y":187},{"Animations":[],"CustomProperties":{},"ID":21,"Name":"PT Actual","Note":"","Opacity":1,"Rotation":0,"ScaleX":1,"ScaleY":1,"TextData":{"Alignment":1,"Color":"#ffffff","FontFamily":"","FontSize":24,"MaxWidth":200,"OutlineColor":"#000000","OutlineOpacity":100,"OutlineSize":2,"Text":{"ActorType":false,"Index":1,"Info":5,"Type":4}},"Type":0,"X":-204,"Y":177}],"CustomProperties":{},"Expanded":false,"GroupData":{},"ID":17,"Name":"TP","Note":"","Opacity":1,"Rotation":0,"Type":6,"X":175,"Y":-190},{"Animations":[],"Children":[{"Animations":[],"CustomProperties":{},"GaugeData":{"BackgroundColor":"#333333","Color1":"#005500","Color2":"#00aa00","Height":10,"Maximum":{"ActorType":false,"Index":1,"Info":8,"Type":4},"OutlineColor":"#000000","OutlineOpacity":100,"OutlineSize":0,"Smoothness":60,"SyncComponent":"","Value":{"ActorType":false,"Index":1,"Info":3,"Type":4},"Width":124},"ID":4,"Name":"Gradiente HP","Note":"","Opacity":1,"Rotation":0,"Type":4,"X":-247,"Y":190},{"Animations":[],"CustomProperties":{},"ID":5,"Name":"Barra HP","Note":"","Opacity":1,"PictureData":{"Picture":"barra-battle"},"Rotation":0,"ScaleX":1,"ScaleY":1,"Type":2,"X":-246,"Y":190},{"Animations":[],"CustomProperties":{},"ID":6,"Name":"HP","Note":"","Opacity":1,"Rotation":0,"ScaleX":1,"ScaleY":1,"TextData":{"Alignment":1,"Color":"#55aaff","FontFamily":"","FontSize":20,"MaxWidth":200,"OutlineColor":"#000000","OutlineOpacity":100,"OutlineSize":1,"Text":{"Text":"PV","Type":0}},"Type":0,"X":-323,"Y":187},{"Animations":[],"CustomProperties":{},"ID":11,"Name":"HP Actual","Note":"","Opacity":1,"Rotation":0,"ScaleX":1,"ScaleY":1,"TextData":{"Alignment":1,"Color":"#ffffff","FontFamily":"","FontSize":24,"MaxWidth":200,"OutlineColor":"#000000","OutlineOpacity":100,"OutlineSize":2,"Text":{"ActorType":false,"Index":1,"Info":3,"Type":4}},"Type":0,"X":-204,"Y":177}],"CustomProperties":{},"Expanded":false,"GroupData":{},"ID":9,"Name":"HP","Note":"","Opacity":1,"Rotation":0,"Type":6,"X":-155,"Y":-190}],"CustomProperties":{},"Expanded":false,"GroupData":{},"ID":1,"Name":"Héroe 1","Note":"","Opacity":1,"Rotation":0,"Type":6,"X":164,"Y":200},{"Addons":[],"Animations":[],"Children":[{"Addons":[],"Animations":[{"ActivateType":{"RunType":1,"Type":0},"Duration":20,"EasingCurve":0,"EndOpacity":1,"Property":7,"Reset":true,"ReturnEasing":0,"StartOpacity":0,"Type":2}],"Children":[],"Conditions":[{"Actor":2,"ActorType":false,"Check":6,"ID":33,"Type":2}],"CustomProperties":{},"ID":84,"Name":"Turno Héroe 2","Note":"","Opacity":1,"Rotation":0,"ShapeData":{"Color":"#073416","Height":42,"OutlineColor":"#bee8cd","OutlineOpacity":100,"OutlineSize":3,"Shape":0,"Width":728},"Type":1,"X":-264,"Y":-9},{"Animations":[],"Children":[{"Animations":[],"CustomProperties":{},"ID":24,"Name":"Nombre Héroe","Note":"","Opacity":1,"Rotation":0,"ScaleX":1,"ScaleY":1,"TextData":{"Alignment":0,"Color":"#ffffff","FontFamily":"","FontSize":28,"MaxWidth":200,"OutlineColor":"#000000","OutlineOpacity":100,"OutlineSize":0,"Text":{"ActorType":false,"Index":2,"Info":0,"Type":4}},"Type":0,"X":-333,"Y":182},{"Animations":[],"CustomProperties":{},"ID":25,"IconData":{"IconIndex":{"ID":7,"Type":3},"IconSet":"IconSet","IconSize":32},"Name":"Icono Héroe","Note":"","Opacity":1,"Rotation":0,"ScaleX":1,"ScaleY":1,"Type":9,"X":-452,"Y":180}],"CustomProperties":{},"Expanded":false,"GroupData":{},"ID":23,"Name":"Icono + Nombre","Note":"","Opacity":1,"Rotation":0,"Type":6,"X":-155,"Y":-190},{"Animations":[],"Children":[{"Animations":[],"CustomProperties":{},"GaugeData":{"BackgroundColor":"#333333","Color1":"#55007f","Color2":"#aa00ff","Height":10,"Maximum":{"ActorType":false,"Index":2,"Info":9,"Type":4},"OutlineColor":"#000000","OutlineOpacity":100,"OutlineSize":0,"Smoothness":60,"SyncComponent":"","Value":{"ActorType":false,"Index":2,"Info":4,"Type":4},"Width":124},"ID":27,"Name":"Gradiente MP","Note":"","Opacity":1,"Rotation":0,"Type":4,"X":-247,"Y":190},{"Animations":[],"CustomProperties":{},"ID":28,"Name":"Barra MP","Note":"","Opacity":1,"PictureData":{"Picture":"barra-battle"},"Rotation":0,"ScaleX":1,"ScaleY":1,"Type":2,"X":-246,"Y":190},{"Animations":[],"CustomProperties":{},"ID":29,"Name":"PM","Note":"","Opacity":1,"Rotation":0,"ScaleX":1,"ScaleY":1,"TextData":{"Alignment":1,"Color":"#55aaff","FontFamily":"","FontSize":20,"MaxWidth":200,"OutlineColor":"#000000","OutlineOpacity":100,"OutlineSize":1,"Text":{"Text":"PM","Type":0}},"Type":0,"X":-323,"Y":187},{"Animations":[],"CustomProperties":{},"ID":30,"Name":"MP Actual","Note":"","Opacity":1,"Rotation":0,"ScaleX":1,"ScaleY":1,"TextData":{"Alignment":1,"Color":"#ffffff","FontFamily":"","FontSize":24,"MaxWidth":200,"OutlineColor":"#000000","OutlineOpacity":100,"OutlineSize":2,"Text":{"ActorType":false,"Index":2,"Info":4,"Type":4}},"Type":0,"X":-204,"Y":177}],"CustomProperties":{},"Expanded":false,"GroupData":{},"ID":26,"Name":"PM","Note":"","Opacity":1,"Rotation":0,"Type":6,"X":11,"Y":-190},{"Animations":[],"Children":[{"Animations":[],"CustomProperties":{},"GaugeData":{"BackgroundColor":"#333333","Color1":"#ff00ff","Color2":"#ffaaff","Height":10,"Maximum":{"ActorType":false,"Index":2,"Info":10,"Type":4},"OutlineColor":"#000000","OutlineOpacity":100,"OutlineSize":0,"Smoothness":60,"SyncComponent":"","Value":{"ActorType":false,"Index":2,"Info":5,"Type":4},"Width":124},"ID":32,"Name":"Gradiente PT","Note":"","Opacity":1,"Rotation":0,"Type":4,"X":-247,"Y":190},{"Animations":[],"CustomProperties":{},"ID":33,"Name":"Barra PT","Note":"","Opacity":1,"PictureData":{"Picture":"barra-battle"},"Rotation":0,"ScaleX":1,"ScaleY":1,"Type":2,"X":-246,"Y":190},{"Animations":[],"CustomProperties":{},"ID":34,"Name":"PT","Note":"","Opacity":1,"Rotation":0,"ScaleX":1,"ScaleY":1,"TextData":{"Alignment":1,"Color":"#55aaff","FontFamily":"","FontSize":20,"MaxWidth":200,"OutlineColor":"#000000","OutlineOpacity":100,"OutlineSize":1,"Text":{"Text":"PT","Type":0}},"Type":0,"X":-323,"Y":187},{"Animations":[],"CustomProperties":{},"ID":35,"Name":"PT Actual","Note":"","Opacity":1,"Rotation":0,"ScaleX":1,"ScaleY":1,"TextData":{"Alignment":1,"Color":"#ffffff","FontFamily":"","FontSize":24,"MaxWidth":200,"OutlineColor":"#000000","OutlineOpacity":100,"OutlineSize":2,"Text":{"ActorType":false,"Index":2,"Info":5,"Type":4}},"Type":0,"X":-204,"Y":177}],"CustomProperties":{},"Expanded":false,"GroupData":{},"ID":31,"Name":"TP","Note":"","Opacity":1,"Rotation":0,"Type":6,"X":175,"Y":-190},{"Animations":[],"Children":[{"Animations":[],"CustomProperties":{},"GaugeData":{"BackgroundColor":"#333333","Color1":"#005500","Color2":"#00aa00","Height":10,"Maximum":{"ActorType":false,"Index":2,"Info":8,"Type":4},"OutlineColor":"#000000","OutlineOpacity":100,"OutlineSize":0,"Smoothness":60,"SyncComponent":"","Value":{"ActorType":false,"Index":2,"Info":3,"Type":4},"Width":124},"ID":37,"Name":"Gradiente HP","Note":"","Opacity":1,"Rotation":0,"Type":4,"X":-247,"Y":190},{"Animations":[],"CustomProperties":{},"ID":38,"Name":"Barra HP","Note":"","Opacity":1,"PictureData":{"Picture":"barra-battle"},"Rotation":0,"ScaleX":1,"ScaleY":1,"Type":2,"X":-246,"Y":190},{"Animations":[],"CustomProperties":{},"ID":39,"Name":"HP","Note":"","Opacity":1,"Rotation":0,"ScaleX":1,"ScaleY":1,"TextData":{"Alignment":1,"Color":"#55aaff","FontFamily":"","FontSize":20,"MaxWidth":200,"OutlineColor":"#000000","OutlineOpacity":100,"OutlineSize":1,"Text":{"Text":"PV","Type":0}},"Type":0,"X":-323,"Y":187},{"Animations":[],"CustomProperties":{},"ID":40,"Name":"HP Actual","Note":"","Opacity":1,"Rotation":0,"ScaleX":1,"ScaleY":1,"TextData":{"Alignment":1,"Color":"#ffffff","FontFamily":"","FontSize":24,"MaxWidth":200,"OutlineColor":"#000000","OutlineOpacity":100,"OutlineSize":2,"Text":{"ActorType":false,"Index":2,"Info":3,"Type":4}},"Type":0,"X":-204,"Y":177}],"CustomProperties":{},"Expanded":false,"GroupData":{},"ID":36,"Name":"HP","Note":"","Opacity":1,"Rotation":0,"Type":6,"X":-155,"Y":-190}],"Conditions":[{"Actor":2,"ActorType":false,"Check":0,"Type":2}],"CustomProperties":{},"Expanded":false,"GroupData":{},"ID":22,"Name":"Héroe 2","Note":"","Opacity":1,"Rotation":0,"Type":6,"X":164,"Y":245},{"Addons":[],"Animations":[],"Children":[{"Addons":[],"Animations":[{"ActivateType":{"RunType":1,"Type":0},"Duration":20,"EasingCurve":0,"EndOpacity":1,"Property":7,"Reset":true,"ReturnEasing":0,"StartOpacity":0,"Type":2}],"Children":[],"Conditions":[{"Actor":3,"ActorType":false,"Check":6,"ID":33,"Type":2}],"CustomProperties":{},"ID":85,"Name":"Turno Héroe 3","Note":"","Opacity":1,"Rotation":0,"ShapeData":{"Color":"#073416","Height":42,"OutlineColor":"#bee8cd","OutlineOpacity":100,"OutlineSize":3,"Shape":0,"Width":728},"Type":1,"X":-264,"Y":-9},{"Animations":[],"Children":[{"Animations":[],"CustomProperties":{},"ID":43,"Name":"Nombre Héroe","Note":"","Opacity":1,"Rotation":0,"ScaleX":1,"ScaleY":1,"TextData":{"Alignment":0,"Color":"#ffffff","FontFamily":"","FontSize":28,"MaxWidth":200,"OutlineColor":"#000000","OutlineOpacity":100,"OutlineSize":0,"Text":{"ActorType":false,"Index":3,"Info":0,"Type":4}},"Type":0,"X":-333,"Y":182},{"Animations":[],"CustomProperties":{},"ID":44,"IconData":{"IconIndex":{"ID":8,"Type":3},"IconSet":"IconSet","IconSize":32},"Name":"Icono Héroe","Note":"","Opacity":1,"Rotation":0,"ScaleX":1,"ScaleY":1,"Type":9,"X":-452,"Y":180}],"CustomProperties":{},"Expanded":false,"GroupData":{},"ID":42,"Name":"Icono + Nombre","Note":"","Opacity":1,"Rotation":0,"Type":6,"X":-155,"Y":-190},{"Animations":[],"Children":[{"Animations":[],"CustomProperties":{},"GaugeData":{"BackgroundColor":"#333333","Color1":"#55007f","Color2":"#aa00ff","Height":10,"Maximum":{"ActorType":false,"Index":3,"Info":9,"Type":4},"OutlineColor":"#000000","OutlineOpacity":100,"OutlineSize":0,"Smoothness":60,"SyncComponent":"","Value":{"ActorType":false,"Index":3,"Info":4,"Type":4},"Width":124},"ID":46,"Name":"Gradiente MP","Note":"","Opacity":1,"Rotation":0,"Type":4,"X":-247,"Y":190},{"Animations":[],"CustomProperties":{},"ID":47,"Name":"Barra MP","Note":"","Opacity":1,"PictureData":{"Picture":"barra-battle"},"Rotation":0,"ScaleX":1,"ScaleY":1,"Type":2,"X":-246,"Y":190},{"Animations":[],"CustomProperties":{},"ID":48,"Name":"PM","Note":"","Opacity":1,"Rotation":0,"ScaleX":1,"ScaleY":1,"TextData":{"Alignment":1,"Color":"#55aaff","FontFamily":"","FontSize":20,"MaxWidth":200,"OutlineColor":"#000000","OutlineOpacity":100,"OutlineSize":1,"Text":{"Text":"PM","Type":0}},"Type":0,"X":-323,"Y":187},{"Animations":[],"CustomProperties":{},"ID":49,"Name":"MP Actual","Note":"","Opacity":1,"Rotation":0,"ScaleX":1,"ScaleY":1,"TextData":{"Alignment":1,"Color":"#ffffff","FontFamily":"","FontSize":24,"MaxWidth":200,"OutlineColor":"#000000","OutlineOpacity":100,"OutlineSize":2,"Text":{"ActorType":false,"Index":3,"Info":4,"Type":4}},"Type":0,"X":-204,"Y":177}],"CustomProperties":{},"Expanded":false,"GroupData":{},"ID":45,"Name":"PM - Copy 3","Note":"","Opacity":1,"Rotation":0,"Type":6,"X":11,"Y":-190},{"Animations":[],"Children":[{"Animations":[],"CustomProperties":{},"GaugeData":{"BackgroundColor":"#333333","Color1":"#ff00ff","Color2":"#ffaaff","Height":10,"Maximum":{"ActorType":false,"Index":3,"Info":10,"Type":4},"OutlineColor":"#000000","OutlineOpacity":100,"OutlineSize":0,"Smoothness":60,"SyncComponent":"","Value":{"ActorType":false,"Index":3,"Info":5,"Type":4},"Width":124},"ID":51,"Name":"Gradiente PT","Note":"","Opacity":1,"Rotation":0,"Type":4,"X":-247,"Y":190},{"Animations":[],"CustomProperties":{},"ID":52,"Name":"Barra PT","Note":"","Opacity":1,"PictureData":{"Picture":"barra-battle"},"Rotation":0,"ScaleX":1,"ScaleY":1,"Type":2,"X":-246,"Y":190},{"Animations":[],"CustomProperties":{},"ID":53,"Name":"PT","Note":"","Opacity":1,"Rotation":0,"ScaleX":1,"ScaleY":1,"TextData":{"Alignment":1,"Color":"#55aaff","FontFamily":"","FontSize":20,"MaxWidth":200,"OutlineColor":"#000000","OutlineOpacity":100,"OutlineSize":1,"Text":{"Text":"PT","Type":0}},"Type":0,"X":-323,"Y":187},{"Animations":[],"CustomProperties":{},"ID":54,"Name":"PT Actual","Note":"","Opacity":1,"Rotation":0,"ScaleX":1,"ScaleY":1,"TextData":{"Alignment":1,"Color":"#ffffff","FontFamily":"","FontSize":24,"MaxWidth":200,"OutlineColor":"#000000","OutlineOpacity":100,"OutlineSize":2,"Text":{"ActorType":false,"Index":3,"Info":5,"Type":4}},"Type":0,"X":-204,"Y":177}],"CustomProperties":{},"Expanded":false,"GroupData":{},"ID":50,"Name":"TP - Copy 2","Note":"","Opacity":1,"Rotation":0,"Type":6,"X":175,"Y":-190},{"Animations":[],"Children":[{"Animations":[],"CustomProperties":{},"GaugeData":{"BackgroundColor":"#333333","Color1":"#005500","Color2":"#00aa00","Height":10,"Maximum":{"ActorType":false,"Index":3,"Info":8,"Type":4},"OutlineColor":"#000000","OutlineOpacity":100,"OutlineSize":0,"Smoothness":60,"SyncComponent":"","Value":{"ActorType":false,"Index":3,"Info":3,"Type":4},"Width":124},"ID":56,"Name":"Gradiente HP","Note":"","Opacity":1,"Rotation":0,"Type":4,"X":-247,"Y":190},{"Animations":[],"CustomProperties":{},"ID":57,"Name":"Barra HP","Note":"","Opacity":1,"PictureData":{"Picture":"barra-battle"},"Rotation":0,"ScaleX":1,"ScaleY":1,"Type":2,"X":-246,"Y":190},{"Animations":[],"CustomProperties":{},"ID":58,"Name":"HP","Note":"","Opacity":1,"Rotation":0,"ScaleX":1,"ScaleY":1,"TextData":{"Alignment":1,"Color":"#55aaff","FontFamily":"","FontSize":20,"MaxWidth":200,"OutlineColor":"#000000","OutlineOpacity":100,"OutlineSize":1,"Text":{"Text":"PV","Type":0}},"Type":0,"X":-323,"Y":187},{"Animations":[],"CustomProperties":{},"ID":59,"Name":"HP Actual","Note":"","Opacity":1,"Rotation":0,"ScaleX":1,"ScaleY":1,"TextData":{"Alignment":1,"Color":"#ffffff","FontFamily":"","FontSize":24,"MaxWidth":200,"OutlineColor":"#000000","OutlineOpacity":100,"OutlineSize":2,"Text":{"ActorType":false,"Index":3,"Info":3,"Type":4}},"Type":0,"X":-204,"Y":177}],"CustomProperties":{},"Expanded":false,"GroupData":{},"ID":55,"Name":"HP - Copy 3","Note":"","Opacity":1,"Rotation":0,"Type":6,"X":-155,"Y":-190}],"Conditions":[{"Actor":3,"ActorType":false,"Check":0,"Type":2}],"CustomProperties":{},"Expanded":false,"GroupData":{},"ID":41,"Name":"Héroe 3","Note":"","Opacity":1,"Rotation":0,"Type":6,"X":164,"Y":290},{"Addons":[],"Animations":[],"Children":[{"Addons":[],"Animations":[{"ActivateType":{"RunType":1,"Type":0},"Duration":20,"EasingCurve":0,"EndOpacity":1,"Property":7,"Reset":true,"ReturnEasing":0,"StartOpacity":0,"Type":2}],"Children":[],"Conditions":[{"Actor":4,"ActorType":false,"Check":6,"ID":33,"Type":2}],"CustomProperties":{},"ID":86,"Name":"Turno Héroe 4","Note":"","Opacity":1,"Rotation":0,"ShapeData":{"Color":"#073416","Height":42,"OutlineColor":"#bee8cd","OutlineOpacity":100,"OutlineSize":3,"Shape":0,"Width":728},"Type":1,"X":-264,"Y":-9},{"Animations":[],"Children":[{"Animations":[],"CustomProperties":{},"ID":62,"Name":"Nombre Héroe","Note":"","Opacity":1,"Rotation":0,"ScaleX":1,"ScaleY":1,"TextData":{"Alignment":0,"Color":"#ffffff","FontFamily":"","FontSize":28,"MaxWidth":200,"OutlineColor":"#000000","OutlineOpacity":100,"OutlineSize":0,"Text":{"ActorType":false,"Index":4,"Info":0,"Type":4}},"Type":0,"X":-333,"Y":182},{"Animations":[],"CustomProperties":{},"ID":63,"IconData":{"IconIndex":{"ID":9,"Type":3},"IconSet":"IconSet","IconSize":32},"Name":"Icono Héroe","Note":"","Opacity":1,"Rotation":0,"ScaleX":1,"ScaleY":1,"Type":9,"X":-452,"Y":180}],"CustomProperties":{},"Expanded":false,"GroupData":{},"ID":61,"Name":"Icono + Nombre - Copy 3","Note":"","Opacity":1,"Rotation":0,"Type":6,"X":-155,"Y":-190},{"Animations":[],"Children":[{"Animations":[],"CustomProperties":{},"GaugeData":{"BackgroundColor":"#333333","Color1":"#55007f","Color2":"#aa00ff","Height":10,"Maximum":{"ActorType":false,"Index":4,"Info":9,"Type":4},"OutlineColor":"#000000","OutlineOpacity":100,"OutlineSize":0,"Smoothness":60,"SyncComponent":"","Value":{"ActorType":false,"Index":4,"Info":4,"Type":4},"Width":124},"ID":65,"Name":"Gradiente MP","Note":"","Opacity":1,"Rotation":0,"Type":4,"X":-247,"Y":190},{"Animations":[],"CustomProperties":{},"ID":66,"Name":"Barra MP","Note":"","Opacity":1,"PictureData":{"Picture":"barra-battle"},"Rotation":0,"ScaleX":1,"ScaleY":1,"Type":2,"X":-246,"Y":190},{"Animations":[],"CustomProperties":{},"ID":67,"Name":"PM","Note":"","Opacity":1,"Rotation":0,"ScaleX":1,"ScaleY":1,"TextData":{"Alignment":1,"Color":"#55aaff","FontFamily":"","FontSize":20,"MaxWidth":200,"OutlineColor":"#000000","OutlineOpacity":100,"OutlineSize":1,"Text":{"Text":"PM","Type":0}},"Type":0,"X":-323,"Y":187},{"Animations":[],"CustomProperties":{},"ID":68,"Name":"MP Actual","Note":"","Opacity":1,"Rotation":0,"ScaleX":1,"ScaleY":1,"TextData":{"Alignment":1,"Color":"#ffffff","FontFamily":"","FontSize":24,"MaxWidth":200,"OutlineColor":"#000000","OutlineOpacity":100,"OutlineSize":2,"Text":{"ActorType":false,"Index":4,"Info":4,"Type":4}},"Type":0,"X":-204,"Y":177}],"CustomProperties":{},"Expanded":false,"GroupData":{},"ID":64,"Name":"PM - Copy 5","Note":"","Opacity":1,"Rotation":0,"Type":6,"X":11,"Y":-190},{"Animations":[],"Children":[{"Animations":[],"CustomProperties":{},"GaugeData":{"BackgroundColor":"#333333","Color1":"#ff00ff","Color2":"#ffaaff","Height":10,"Maximum":{"ActorType":false,"Index":4,"Info":10,"Type":4},"OutlineColor":"#000000","OutlineOpacity":100,"OutlineSize":0,"Smoothness":60,"SyncComponent":"","Value":{"ActorType":false,"Index":4,"Info":5,"Type":4},"Width":124},"ID":70,"Name":"Gradiente PT","Note":"","Opacity":1,"Rotation":0,"Type":4,"X":-247,"Y":190},{"Animations":[],"CustomProperties":{},"ID":71,"Name":"Barra PT","Note":"","Opacity":1,"PictureData":{"Picture":"barra-battle"},"Rotation":0,"ScaleX":1,"ScaleY":1,"Type":2,"X":-246,"Y":190},{"Animations":[],"CustomProperties":{},"ID":72,"Name":"PT","Note":"","Opacity":1,"Rotation":0,"ScaleX":1,"ScaleY":1,"TextData":{"Alignment":1,"Color":"#55aaff","FontFamily":"","FontSize":20,"MaxWidth":200,"OutlineColor":"#000000","OutlineOpacity":100,"OutlineSize":1,"Text":{"Text":"PT","Type":0}},"Type":0,"X":-323,"Y":187},{"Animations":[],"CustomProperties":{},"ID":73,"Name":"PT Actual","Note":"","Opacity":1,"Rotation":0,"ScaleX":1,"ScaleY":1,"TextData":{"Alignment":1,"Color":"#ffffff","FontFamily":"","FontSize":24,"MaxWidth":200,"OutlineColor":"#000000","OutlineOpacity":100,"OutlineSize":2,"Text":{"ActorType":false,"Index":4,"Info":5,"Type":4}},"Type":0,"X":-204,"Y":177}],"CustomProperties":{},"Expanded":false,"GroupData":{},"ID":69,"Name":"TP - Copy 3","Note":"","Opacity":1,"Rotation":0,"Type":6,"X":175,"Y":-190},{"Animations":[],"Children":[{"Animations":[],"CustomProperties":{},"GaugeData":{"BackgroundColor":"#333333","Color1":"#005500","Color2":"#00aa00","Height":10,"Maximum":{"ActorType":false,"Index":4,"Info":8,"Type":4},"OutlineColor":"#000000","OutlineOpacity":100,"OutlineSize":0,"Smoothness":60,"SyncComponent":"","Value":{"ActorType":false,"Index":4,"Info":3,"Type":4},"Width":124},"ID":75,"Name":"Gradiente HP","Note":"","Opacity":1,"Rotation":0,"Type":4,"X":-247,"Y":190},{"Animations":[],"CustomProperties":{},"ID":76,"Name":"Barra HP","Note":"","Opacity":1,"PictureData":{"Picture":"barra-battle"},"Rotation":0,"ScaleX":1,"ScaleY":1,"Type":2,"X":-246,"Y":190},{"Animations":[],"CustomProperties":{},"ID":77,"Name":"HP","Note":"","Opacity":1,"Rotation":0,"ScaleX":1,"ScaleY":1,"TextData":{"Alignment":1,"Color":"#55aaff","FontFamily":"","FontSize":20,"MaxWidth":200,"OutlineColor":"#000000","OutlineOpacity":100,"OutlineSize":1,"Text":{"Text":"PV","Type":0}},"Type":0,"X":-323,"Y":187},{"Animations":[],"CustomProperties":{},"ID":78,"Name":"HP Actual","Note":"","Opacity":1,"Rotation":0,"ScaleX":1,"ScaleY":1,"TextData":{"Alignment":1,"Color":"#ffffff","FontFamily":"","FontSize":24,"MaxWidth":200,"OutlineColor":"#000000","OutlineOpacity":100,"OutlineSize":2,"Text":{"ActorType":false,"Index":4,"Info":3,"Type":4}},"Type":0,"X":-204,"Y":177}],"CustomProperties":{},"Expanded":false,"GroupData":{},"ID":74,"Name":"HP - Copy 5","Note":"","Opacity":1,"Rotation":0,"Type":6,"X":-155,"Y":-190}],"Conditions":[{"Actor":4,"ActorType":false,"Check":0,"Type":2}],"CustomProperties":{},"Expanded":false,"GroupData":{},"ID":60,"Name":"Héroe 4","Note":"","Opacity":1,"Rotation":0,"Type":6,"X":164,"Y":335}],"Conditions":[{"ID":13,"Type":0,"Value":false}],"CustomProperties":{},"Expanded":false,"GroupData":{},"ID":79,"Name":"Héroes","Note":"","Opacity":1,"Rotation":0,"Type":6,"X":485,"Y":356}]}],"IsPro":true,"Map":0}