[
null,
{"id":1,"battlerName":"RTP-Alex","characterIndex":0,"characterName":"A-Alex-0","classId":1,"equips":[2,151,126,3,0],"faceIndex":0,"faceName":"faces-rtp","traits":[],"initialLevel":1,"maxLevel":99,"name":"Alex","nickname":"","note":"<CTB Turn Order Icon: 1024>\n<Passive State: 32>\n<セリフセット: プリシア用>\n","profile":"","params":[],"damage":{"critical":"","elementId":"","formula":"","type":"","variance":""}},
{"id":2,"battlerName":"RTP-Brian","characterIndex":0,"characterName":"","classId":2,"equips":[18,176,79,28,0],"faceIndex":1,"faceName":"faces-rtp","traits":[],"initialLevel":1,"maxLevel":99,"name":"Brian","nickname":"","note":"<CTB Turn Order Icon: 1025>\n<Passive State: 32>\n<セリフセット: プリシア用>\n","profile":"","params":[],"damage":{"critical":"","elementId":"","formula":"","type":"","variance":""}},
{"id":3,"battlerName":"RTP-Carol","characterIndex":0,"characterName":"","classId":3,"equips":[82,0,104,53,0],"faceIndex":2,"faceName":"faces-rtp","traits":[],"initialLevel":1,"maxLevel":99,"name":"Carol","nickname":"","note":"<CTB Turn Order Icon: 1026>\n<Passive State: 32>\n<セリフセット: プリシア用>\n","profile":"","params":[],"damage":{"critical":"","elementId":"","formula":"","type":"","variance":""}},
{"id":4,"battlerName":"RTP-Daisy","characterIndex":0,"characterName":"","classId":4,"equips":[66,0,103,52,0],"faceIndex":3,"faceName":"faces-rtp","traits":[],"initialLevel":1,"maxLevel":99,"name":"Daisy","nickname":"","note":"<CTB Turn Order Icon: 1027>\n<Passive State: 32>\n<セリフセット: プリシア用>\n","profile":"","params":[],"damage":{"critical":"","elementId":"","formula":"","type":"","variance":""}},
{"id":5,"battlerName":"RTP-Enryu","characterIndex":0,"characterName":"","classId":5,"equips":[7,0,0,20,0],"faceIndex":4,"faceName":"faces-rtp","traits":[],"initialLevel":1,"maxLevel":99,"name":"Enryu","nickname":"","note":"<CTB Turn Order Icon: 1028>\n<Passive State: 32>","profile":"","params":[],"damage":{"critical":"","elementId":"","formula":"","type":"","variance":""}},
{"id":6,"battlerName":"RTP-Falcon","characterIndex":2,"characterName":"","classId":2,"equips":[7,0,65,21,0],"faceIndex":5,"faceName":"faces-rtp","traits":[],"initialLevel":1,"maxLevel":99,"name":"Falcon","nickname":"","note":"<CTB Turn Order Icon: 1029>\n<Passive State: 32>","profile":"","params":[],"damage":{"critical":"","elementId":"","formula":"","type":"","variance":""}},
{"id":7,"battlerName":"RTP-Gomez","characterIndex":4,"characterName":"","classId":2,"equips":[7,0,65,21,0],"faceIndex":6,"faceName":"faces-rtp","traits":[],"initialLevel":1,"maxLevel":99,"name":"Gómez","nickname":"","note":"<CTB Turn Order Icon: 1030>\n<Passive State: 32>","profile":"","params":[],"damage":{"critical":"","elementId":"","formula":"","type":"","variance":""}},
{"id":8,"battlerName":"RTP-Helen","characterIndex":7,"characterName":"","classId":3,"equips":[7,0,0,20,0],"faceIndex":7,"faceName":"faces-rtp","traits":[],"initialLevel":1,"maxLevel":99,"name":"Helen","nickname":"","note":"<CTB Turn Order Icon: 1031>\n<Passive State: 32>","profile":"","params":[],"damage":{"critical":"","elementId":"","formula":"","type":"","variance":""}},
{"id":9,"battlerName":"RTP-Zack","characterIndex":0,"characterName":"","classId":1,"equips":[0,0,0,0,0],"faceIndex":8,"faceName":"faces-rtp","traits":[],"initialLevel":1,"maxLevel":99,"name":"Zack","nickname":"","note":"<CTB Turn Order Icon: 1032>\n<Passive State: 32>","profile":"","params":[],"damage":{"critical":"","elementId":"","formula":"","type":"","variance":""}},
{"id":10,"battlerName":"RTP-Albert","characterIndex":1,"characterName":"","classId":1,"equips":[0,0,0,0,0],"faceIndex":9,"faceName":"faces-rtp","traits":[],"initialLevel":1,"maxLevel":99,"name":"Albert","nickname":"","note":"<CTB Turn Order Icon: 1033>\n<Passive State: 32>","profile":"","params":[],"damage":{"critical":"","elementId":"","formula":"","type":"","variance":""}},
{"id":11,"battlerName":"RTP-Barnes","characterIndex":2,"characterName":"","classId":1,"equips":[0,0,0,0,0],"faceIndex":10,"faceName":"faces-rtp","traits":[],"initialLevel":1,"maxLevel":99,"name":"Barnes","nickname":"","note":"<CTB Turn Order Icon: 1034>\n<Passive State: 32>","profile":"","params":[],"damage":{"critical":"","elementId":"","formula":"","type":"","variance":""}},
{"id":12,"battlerName":"RTP-Dark","characterIndex":3,"characterName":"","classId":1,"equips":[0,0,0,0,0],"faceIndex":11,"faceName":"faces-rtp","traits":[],"initialLevel":1,"maxLevel":99,"name":"D.Ark","nickname":"","note":"<CTB Turn Order Icon: 1035>\n<Passive State: 32>","profile":"","params":[],"damage":{"critical":"","elementId":"","formula":"","type":"","variance":""}},
{"id":13,"battlerName":"RTP-Arthur","characterIndex":0,"characterName":"","classId":1,"equips":[0,0,0,0,0],"faceIndex":12,"faceName":"faces-rtp","traits":[],"initialLevel":1,"maxLevel":99,"name":"Arthur","nickname":"","note":"<CTB Turn Order Icon: 1036>\n<Passive State: 32>","profile":"","params":[],"damage":{"critical":"","elementId":"","formula":"","type":"","variance":""}},
{"id":14,"battlerName":"RTP-Ardis","characterIndex":6,"characterName":"","classId":1,"equips":[0,0,0,0,0],"faceIndex":13,"faceName":"faces-rtp","traits":[],"initialLevel":1,"maxLevel":99,"name":"Ardis","nickname":"","note":"<CTB Turn Order Icon: 1037>\n<Passive State: 32>","profile":"","params":[],"damage":{"critical":"","elementId":"","formula":"","type":"","variance":""}},
{"id":15,"battlerName":"RTP-Feyren","characterIndex":0,"characterName":"","classId":1,"equips":[0,0,0,0,0],"faceIndex":14,"faceName":"faces-rtp","traits":[],"initialLevel":1,"maxLevel":99,"name":"Feyren","nickname":"","note":"<CTB Turn Order Icon: 1038>\n<Passive State: 32>","profile":"","params":[],"damage":{"critical":"","elementId":"","formula":"","type":"","variance":""}},
{"id":16,"battlerName":"RTP-Arisa","characterIndex":0,"characterName":"","classId":1,"equips":[0,0,0,0,0],"faceIndex":15,"faceName":"faces-rtp","traits":[],"initialLevel":1,"maxLevel":99,"name":"Arisa","nickname":"","note":"<CTB Turn Order Icon: 1039>\n<Passive State: 32>","profile":"","params":[],"damage":{"critical":"","elementId":"","formula":"","type":"","variance":""}},
{"id":17,"battlerName":"RTP-Meer","characterIndex":0,"characterName":"","classId":1,"equips":[0,0,0,0,0],"faceIndex":0,"faceName":"faces-rtp-2","traits":[],"initialLevel":1,"maxLevel":99,"name":"Meer","nickname":"","note":"<CTB Turn Order Icon: 1040>\n<Passive State: 32>","profile":"","params":[],"damage":{"critical":"","elementId":"","formula":"","type":"","variance":""}},
{"id":18,"battlerName":"RTP-Chelsea","characterIndex":0,"characterName":"","classId":1,"equips":[0,0,0,0,0],"faceIndex":1,"faceName":"faces-rtp-2","traits":[],"initialLevel":1,"maxLevel":99,"name":"Chelsea","nickname":"","note":"<CTB Turn Order Icon: 1041>\n<Passive State: 32>","profile":"","params":[],"damage":{"critical":"","elementId":"","formula":"","type":"","variance":""}},
{"id":19,"battlerName":"RTP-Lana","characterIndex":0,"characterName":"","classId":1,"equips":[0,0,0,0,0],"faceIndex":2,"faceName":"faces-rtp-2","traits":[],"initialLevel":1,"maxLevel":99,"name":"Lana","nickname":"","note":"<CTB Turn Order Icon: 1042>\n<Passive State: 32>","profile":"","params":[],"damage":{"critical":"","elementId":"","formula":"","type":"","variance":""}},
{"id":20,"battlerName":"RTP-Melissa","characterIndex":0,"characterName":"","classId":1,"equips":[0,0,0,0,0],"faceIndex":3,"faceName":"faces-rtp-2","traits":[],"initialLevel":1,"maxLevel":99,"name":"Melissa","nickname":"","note":"<CTB Turn Order Icon: 1043>\n<Passive State: 32>","profile":"","params":[],"damage":{"critical":"","elementId":"","formula":"","type":"","variance":""}},
{"id":21,"battlerName":"RTP-Mao","characterIndex":0,"characterName":"","classId":1,"equips":[0,0,0,0,0],"faceIndex":4,"faceName":"faces-rtp-2","traits":[],"initialLevel":1,"maxLevel":99,"name":"Mao","nickname":"","note":"<CTB Turn Order Icon: 1044>\n<Passive State: 32>","profile":"","params":[],"damage":{"critical":"","elementId":"","formula":"","type":"","variance":""}},
{"id":22,"battlerName":"RTP-Lilia","characterIndex":0,"characterName":"","classId":1,"equips":[0,0,0,0,0],"faceIndex":5,"faceName":"faces-rtp-2","traits":[],"initialLevel":1,"maxLevel":99,"name":"Lilia","nickname":"","note":"<CTB Turn Order Icon: 1045>\n<Passive State: 32>","profile":"","params":[],"damage":{"critical":"","elementId":"","formula":"","type":"","variance":""}},
{"id":23,"battlerName":"RTP-Jeanne","characterIndex":0,"characterName":"","classId":1,"equips":[0,0,0,0,0],"faceIndex":6,"faceName":"faces-rtp-2","traits":[],"initialLevel":1,"maxLevel":99,"name":"Jeanne","nickname":"","note":"<CTB Turn Order Icon: 1046>\n<Passive State: 32>","profile":"","params":[],"damage":{"critical":"","elementId":"","formula":"","type":"","variance":""}},
{"id":24,"battlerName":"RTP-Blues","characterIndex":0,"characterName":"","classId":1,"equips":[0,0,0,0,0],"faceIndex":7,"faceName":"faces-rtp-2","traits":[],"initialLevel":1,"maxLevel":99,"name":"Blues","nickname":"","note":"<CTB Turn Order Icon: 1047>\n<Passive State: 32>","profile":"","params":[],"damage":{"critical":"","elementId":"","formula":"","type":"","variance":""}},
{"id":25,"battlerName":"RTP-Datz","characterIndex":0,"characterName":"","classId":1,"equips":[0,0,0,0,0],"faceIndex":8,"faceName":"faces-rtp-2","traits":[],"initialLevel":1,"maxLevel":99,"name":"Datz","nickname":"","note":"<CTB Turn Order Icon: 1048>\n<Passive State: 32>","profile":"","params":[],"damage":{"critical":"","elementId":"","formula":"","type":"","variance":""}},
{"id":26,"battlerName":"RTP-Rinfa","characterIndex":0,"characterName":"","classId":1,"equips":[0,0,0,0,0],"faceIndex":9,"faceName":"faces-rtp-2","traits":[],"initialLevel":1,"maxLevel":99,"name":"Rinfa","nickname":"","note":"<CTB Turn Order Icon: 1049>\n<Passive State: 32>","profile":"","params":[],"damage":{"critical":"","elementId":"","formula":"","type":"","variance":""}},
{"id":27,"battlerName":"RTP-Minean","characterIndex":0,"characterName":"","classId":1,"equips":[0,0,0,0,0],"faceIndex":10,"faceName":"faces-rtp-2","traits":[],"initialLevel":1,"maxLevel":99,"name":"Minean","nickname":"","note":"<CTB Turn Order Icon: 1050>\n<Passive State: 32>","profile":"","params":[],"damage":{"critical":"","elementId":"","formula":"","type":"","variance":""}},
{"id":28,"battlerName":"RTP-Aramaki","characterIndex":0,"characterName":"","classId":1,"equips":[0,0,0,0,0],"faceIndex":11,"faceName":"faces-rtp-2","traits":[],"initialLevel":1,"maxLevel":99,"name":"Aramaki","nickname":"","note":"<CTB Turn Order Icon: 1051>\n<Passive State: 32>","profile":"","params":[],"damage":{"critical":"","elementId":"","formula":"","type":"","variance":""}},
{"id":29,"battlerName":"RTP-Makuita","characterIndex":0,"characterName":"","classId":1,"equips":[0,0,0,0,0],"faceIndex":12,"faceName":"faces-rtp-2","traits":[],"initialLevel":1,"maxLevel":99,"name":"Makuta","nickname":"","note":"<CTB Turn Order Icon: 1052>\n<Passive State: 32>","profile":"","params":[],"damage":{"critical":"","elementId":"","formula":"","type":"","variance":""}},
{"id":30,"battlerName":"RTP-Musha","characterIndex":0,"characterName":"","classId":1,"equips":[0,0,0,0,0],"faceIndex":13,"faceName":"faces-rtp-2","traits":[],"initialLevel":1,"maxLevel":99,"name":"Musha","nickname":"","note":"<CTB Turn Order Icon: 1053>\n<Passive State: 32>","profile":"","params":[],"damage":{"critical":"","elementId":"","formula":"","type":"","variance":""}},
{"id":31,"battlerName":"RTP-Ninja","characterIndex":0,"characterName":"","classId":1,"equips":[0,0,0,0,0],"faceIndex":14,"faceName":"faces-rtp-2","traits":[],"initialLevel":1,"maxLevel":99,"name":"Ninja","nickname":"","note":"<CTB Turn Order Icon: 1054>\n<Passive State: 32>","profile":"","params":[],"damage":{"critical":"","elementId":"","formula":"","type":"","variance":""}},
{"id":32,"battlerName":"RTP-Jack","characterIndex":0,"characterName":"","classId":1,"equips":[0,0,0,0,0],"faceIndex":15,"faceName":"faces-rtp-2","traits":[],"initialLevel":1,"maxLevel":99,"name":"Jack","nickname":"","note":"<CTB Turn Order Icon: 1055>\n<Passive State: 32>","profile":"","params":[],"damage":{"critical":"","elementId":"","formula":"","type":"","variance":""}},
{"id":33,"battlerName":"RTP-AlexF","characterIndex":0,"characterName":"A-AlexF-0","classId":1,"equips":[2,0,0,3,0],"faceIndex":0,"faceName":"faces-rtp-3","traits":[],"initialLevel":1,"maxLevel":99,"name":"Alex","nickname":"","note":"<CTB Turn Order Icon: 1056>\n<Passive State: 32>\n<セリフセット: プリシア用>\n\n","profile":"","params":[],"damage":{"critical":"","elementId":"","formula":"","type":"","variance":""}},
{"id":34,"battlerName":"","characterIndex":0,"characterName":"","classId":1,"equips":[0,0,0,0,0],"faceIndex":1,"faceName":"faces-rtp-3","traits":[],"initialLevel":1,"maxLevel":99,"name":"????????","nickname":"","note":"","profile":"","params":[],"damage":{"critical":"","elementId":"","formula":"","type":"","variance":""}},
{"id":35,"battlerName":"","characterIndex":0,"characterName":"","classId":1,"equips":[0,0,0,0,0],"faceIndex":1,"faceName":"faces-rtp-3","traits":[],"initialLevel":1,"maxLevel":99,"name":"????????","nickname":"","note":"","profile":"","params":[],"damage":{"critical":"","elementId":"","formula":"","type":"","variance":""}}
]